row_no,category,row_category,command_eng,command_kor,gt,gt_name,gt_cron,gt_period,gt_code,warmup_excluded,qwen25_coder_14b__det_score,qwen25_coder_14b__det_pass,qwen25_coder_14b__det_profile,qwen25_coder_14b__det_gt_exact,qwen25_coder_14b__det_gt_similarity,qwen25_coder_14b__det_gt_service_coverage,qwen25_coder_14b__det_gt_service_precision,qwen25_coder_14b__det_gt_receiver_coverage,qwen25_coder_14b__det_dataflow_score,qwen25_coder_14b__det_numeric_grounding,qwen25_coder_14b__det_enum_grounding,qwen25_coder_14b__failure_reasons,qwen25_coder_14b__output,qwen25_coder_14b__output_name,qwen25_coder_14b__output_cron,qwen25_coder_14b__output_period,qwen25_coder_14b__output_code,qwen25_coder_14b__prompt_chars,qwen25_coder_14b__prompt_tokens,qwen25_coder_14b__completion_tokens,qwen25_coder_14b__total_tokens,qwen25_coder_14b__llm_latency_sec,qwen25_coder_14b__total_pipeline_sec,qwen25_coder_14b__tokens_per_sec,qwen25_coder_14b__peak_vram_gb,qwen25_coder_14b__generation_error_type,qwen25_coder_14b__oom_flag,qwen25_coder_14b__worker_python,qwen25_coder_14b__resolved_model_path,qwen25_coder_14b__service_list_snippet_source,qwen25_coder_14b__service_list_device_count,qwen25_coder_14b__service_list_retrieval_status,qwen25_coder_14b__service_list_retrieval_mode,qwen25_coder_14b__service_list_retrieval_topk,qwen25_coder_14b__service_list_retrieval_categories,qwen25_coder_14b__prompt_render_mode,qwen25_coder_14b__prompt_assets_dir,qwen25_coder_14b__warmup_excluded,qwen25_coder_14b__row_category
1,1,1,Switch the dishwasher to dry mode.,식기세척기를 건조 모드로 설정해줘.,"{""name"": """", 
""cron"": """", 
""period"": 0, 
""script"": ""(#Dishwasher).dishwasher_setdishwashermode(\""dry\"")""}",,,0,"(#Dishwasher).dishwasher_setdishwashermode(""dry"")",False,21.5,False,strict,False,0.3,0.0,0.0,0.0,1.0,1.0,0.0,"[""arg_type"", ""enum_grounding"", ""extraneous"", ""gt_mismatch"", ""gt_receiver_coverage"", ""gt_service_coverage"", ""precondition"", ""semantic"", ""service_match""]","{""name"":""SwitchDishwasherToDryMode"",""cron"":"""",""period"":0,""code"":""""}",SwitchDishwasherToDryMode,,0,,193682,41926,37,41963,12.8296,14.7044,3270.7957,40.0586,,False,/root/llm/je/bin/python,/root/.cache/huggingface/hub/models--Qwen--Qwen2.5-Coder-14B-Instruct,service_schema_fallback,50,assets_unavailable,hybrid,10,[],blocks,/root/llm/JOILang-Server/gpt_mg/version0_13,False,1
2,1,1,Add 5 minutes to the oven.,오븐의 작동 시간을 5분 늘려줘.,"{""name"": """", 
""cron"": """", 
""period"": 0, 
""script"": ""(#Oven).oven_addmoretime(300)""}",,,0,(#Oven).oven_addmoretime(300),False,100.0,True,strict,True,1.0,1.0,1.0,1.0,1.0,1.0,1.0,[],"{""name"":""Add5MinutesToOven"",""cron"":"""",""period"":0,""code"":""(#Oven).oven_addmoretime(300)""}",Add5MinutesToOven,,0,(#Oven).oven_addmoretime(300),193673,41927,49,41976,13.521,15.4094,3104.5041,40.0588,,False,/root/llm/je/bin/python,/root/.cache/huggingface/hub/models--Qwen--Qwen2.5-Coder-14B-Instruct,service_schema_fallback,50,assets_unavailable,hybrid,10,[],blocks,/root/llm/JOILang-Server/gpt_mg/version0_13,False,1
3,1,1,Start the rice cooker on cooking mode for 30 minutes.,밥솥을 조리 모드로 30분 작동시켜.,"{""name"": """", 
""cron"": """", 
""period"": 0, 
""script"": ""(#RiceCooker).ricecooker_setcookingparameters(\""cooking\"", 1800)""}",,,0,"(#RiceCooker).ricecooker_setcookingparameters(""cooking"", 1800)",False,16.5,False,strict,False,0.3,0.0,0.0,0.0,1.0,0.0,0.0,"[""arg_type"", ""enum_grounding"", ""extraneous"", ""gt_mismatch"", ""gt_receiver_coverage"", ""gt_service_coverage"", ""numeric_grounding"", ""precondition"", ""semantic"", ""service_match""]","{""name"":""StartRiceCookerInCookingMode"",""cron"":"""",""period"":0,""code"":""""}",StartRiceCookerInCookingMode,,0,,193702,41935,39,41974,12.9751,14.8505,3234.9654,40.0632,,False,/root/llm/je/bin/python,/root/.cache/huggingface/hub/models--Qwen--Qwen2.5-Coder-14B-Instruct,service_schema_fallback,50,assets_unavailable,hybrid,10,[],blocks,/root/llm/JOILang-Server/gpt_mg/version0_13,False,1
4,1,1,Set the siren to emergency mode.,사이렌을 응급모드로 울려줘.,"{""name"": """", 
""cron"": """", 
""period"": 0, 
""script"": ""(#Siren).siren_setsirenmode(\""emergency\"")""}",,,0,"(#Siren).siren_setsirenmode(""emergency"")",False,100.0,True,strict,True,1.0,1.0,1.0,1.0,1.0,1.0,1.0,[],"{""name"":""SetSirenToEmergencyMode"",""cron"":"""",""period"":0,""code"":""(#Siren).siren_setsirenmode(\""emergency\"")""}",SetSirenToEmergencyMode,,0,"(#Siren).siren_setsirenmode(""emergency"")",193676,41926,49,41975,13.5703,15.4499,3093.152,40.0586,,False,/root/llm/je/bin/python,/root/.cache/huggingface/hub/models--Qwen--Qwen2.5-Coder-14B-Instruct,service_schema_fallback,50,assets_unavailable,hybrid,10,[],blocks,/root/llm/JOILang-Server/gpt_mg/version0_13,False,1
5,1,1,Set the speaker volume to 30.,스피커의 볼륨을 30으로 설정해줘.,"{""name"": """", 
""cron"": """", 
""period"": 0, 
""script"": ""(#Speaker).speaker_setvolume(30)""}",,,0,(#Speaker).speaker_setvolume(30),False,100.0,True,strict,True,1.0,1.0,1.0,1.0,1.0,1.0,1.0,[],"{""name"":""SetSpeakerVolume"",""cron"":"""",""period"":0,""code"":""(#Speaker).speaker_setvolume(30)""}",SetSpeakerVolume,,0,(#Speaker).speaker_setvolume(30),193677,41931,43,41974,13.2193,15.1017,3175.2059,40.0596,,False,/root/llm/je/bin/python,/root/.cache/huggingface/hub/models--Qwen--Qwen2.5-Coder-14B-Instruct,service_schema_fallback,50,assets_unavailable,hybrid,10,[],blocks,/root/llm/JOILang-Server/gpt_mg/version0_13,False,1
31,2,2,Set the living room light to yellow.,거실 조명을 노란색으로 설정해줘.,"{""name"": """", 
""cron"": """", 
""period"": 0, 
""script"": ""(#LivingRoom #Light).colorcontrol_setcolor(\""255,255,0\"")""}",,,0,"(#LivingRoom #Light).colorcontrol_setcolor(""255,255,0"")",False,100.0,True,strict,True,1.0,1.0,1.0,1.0,1.0,1.0,1.0,[],"{""name"":""SetLivingRoomLightToYellow"",""cron"":"""",""period"":0,""code"":""(#LivingRoom #Light).light_movetorgb(255, 255, 0)""}",SetLivingRoomLightToYellow,,0,"(#LivingRoom #Light).light_movetorgb(255, 255, 0)",67573,15690,60,15750,5.2178,7.0727,3018.5135,32.2131,,False,/root/llm/je/bin/python,/root/.cache/huggingface/hub/models--Qwen--Qwen2.5-Coder-14B-Instruct,connected_devices_only,2,skipped_connected_devices_present,hybrid,10,[],blocks,/root/llm/JOILang-Server/gpt_mg/version0_13,False,2
32,2,2,Capture an image of the meeting room with the camera.,카메라로 회의실 사진을 촬영해줘.,"{""name"": """", 
""cron"": """", 
""period"": 0, 
""script"": ""(#MeetingRoom #Camera).camera_captureimage()""}",,,0,(#MeetingRoom #Camera).camera_captureimage(),False,100.0,True,strict,True,1.0,1.0,1.0,1.0,1.0,1.0,1.0,[],"{""name"":""CaptureMeetingRoomImage"",""cron"":"""",""period"":0,""code"":""(#MeetingRoom #Camera).camera_captureimage()""}",CaptureMeetingRoomImage,,0,(#MeetingRoom #Camera).camera_captureimage(),54228,13001,44,13045,3.9071,5.7893,3338.7935,31.4069,,False,/root/llm/je/bin/python,/root/.cache/huggingface/hub/models--Qwen--Qwen2.5-Coder-14B-Instruct,connected_devices_only,2,skipped_connected_devices_present,hybrid,10,[],blocks,/root/llm/JOILang-Server/gpt_mg/version0_13,False,2
33,2,2,Set the brightness of the living room light to 80%.,거실 조명의 밝기를 80%로 설정해줘.,"{""name"": """", 
""cron"": """", 
""period"": 0, 
""script"": ""(#LivingRoom #Light).light_movetobrightness(80, 0)""}",,,0,"(#LivingRoom #Light).light_movetobrightness(80, 0)",False,100.0,True,strict,True,1.0,1.0,1.0,1.0,1.0,1.0,1.0,[],"{""name"":""SetLivingRoomLightBrightness"",""cron"":"""",""period"":0,""code"":""(#LivingRoom #Light).light_movetobrightness(80, 0)""}",SetLivingRoomLightBrightness,,0,"(#LivingRoom #Light).light_movetobrightness(80, 0)",63969,14950,53,15003,4.7493,6.6019,3158.9919,31.9895,,False,/root/llm/je/bin/python,/root/.cache/huggingface/hub/models--Qwen--Qwen2.5-Coder-14B-Instruct,connected_devices_only,2,skipped_connected_devices_present,hybrid,10,[],blocks,/root/llm/JOILang-Server/gpt_mg/version0_13,False,2
34,2,2,Set all dehumidifiers in the lab to AI drying mode.,연구실 제습기를 모두 AI건조모드로 설정해줘.,"{""name"": """", 
""cron"": """", 
""period"": 0, 
""script"": ""all(#Lab #Dehumidifier).dehumidifier_setdehumidifiermode(\""AIDrying\"")""}",,,0,"all(#Lab #Dehumidifier).dehumidifier_setdehumidifiermode(""AIDrying"")",False,100.0,True,strict,True,1.0,1.0,1.0,1.0,1.0,1.0,1.0,[],"{""name"":""SetAllLabDehumidifiersToAIDryingMode"",""cron"":"""",""period"":0,""code"":""all(#Lab #Dehumidifier).dehumidifier_setdehumidifiermode(\""AIDrying\"")""}",SetAllLabDehumidifiersToAIDryingMode,,0,"all(#Lab #Dehumidifier).dehumidifier_setdehumidifiermode(""AIDrying"")",52585,12964,67,13031,4.7405,6.5953,2748.8662,31.3984,,False,/root/llm/je/bin/python,/root/.cache/huggingface/hub/models--Qwen--Qwen2.5-Coder-14B-Instruct,connected_devices_only,3,skipped_connected_devices_present,hybrid,10,[],blocks,/root/llm/JOILang-Server/gpt_mg/version0_13,False,2
35,2,2,Set the hue of the living room light to 240 and the saturation to 80.,"거실 조명의 색조는 240, 채도는 80으로 맞춰줘.","{""name"": """", 
""cron"": """", 
""period"": 0, 
""script"": ""(#LivingRoom #Light).light_movetohueandsaturation(240, 80)""}",,,0,"(#LivingRoom #Light).light_movetohueandsaturation(240, 80)",False,100.0,True,strict,True,1.0,1.0,1.0,1.0,1.0,1.0,1.0,[],"{""name"":""SetLivingRoomLightHueAndSaturation"",""cron"":"""",""period"":0,""code"":""(#LivingRoom #Light).light_movetohueandsaturation(240, 80)""}",SetLivingRoomLightHueAndSaturation,,0,"(#LivingRoom #Light).light_movetohueandsaturation(240, 80)",63995,14959,62,15021,5.0911,6.9392,2950.4429,31.9921,,False,/root/llm/je/bin/python,/root/.cache/huggingface/hub/models--Qwen--Qwen2.5-Coder-14B-Instruct,connected_devices_only,2,skipped_connected_devices_present,hybrid,10,[],blocks,/root/llm/JOILang-Server/gpt_mg/version0_13,False,2
61,3,3,"If the audio recorder is recording, stop recording and save as test.mp3; otherwise, start recording.",녹음기가 녹음중이면 녹음을 중지하고 test.mp3로 저장해줘. 녹음중이 아니면 녹음을 시작해줘.,"{""name"": """", 
""cron"": """", 
""period"": 0, 
""script"": ""\nif ((#AudioRecorder).recorderstatus == \""recording\"") {\n\n    (#AudioRecorder).audiorecorder_recordstop(\""test.mp3\"")\n\n} else {\n\n    (#AudioRecorder).audiorecorder_recordstart()\n\n}""}",,,0,"
if ((#AudioRecorder).recorderstatus == ""recording"") {

    (#AudioRecorder).audiorecorder_recordstop(""test.mp3"")

} else {

    (#AudioRecorder).audiorecorder_recordstart()

}",False,96.1503,True,strict,False,0.980063,1.0,0.666667,1.0,1.0,1.0,1.0,"[""gt_mismatch""]","{""name"":""ToggleAudioRecorderRecording"",""cron"":"""",""period"":0,""code"":""if ((#AudioRecorder).audiorecorder_recordstatus == \""recording\"") {\n    (#AudioRecorder).audiorecorder_recordstop(test.mp3)\n} else {\n    (#AudioRecorder).audiorecorder_recordstart()\n}""}",ToggleAudioRecorderRecording,,0,"if ((#AudioRecorder).audiorecorder_recordstatus == ""recording"") {
    (#AudioRecorder).audiorecorder_recordstop(test.mp3)
} else {
    (#AudioRecorder).audiorecorder_recordstart()
}",193783,41963,87,42050,15.721,17.5751,2674.7662,40.0683,,False,/root/llm/je/bin/python,/root/.cache/huggingface/hub/models--Qwen--Qwen2.5-Coder-14B-Instruct,service_schema_fallback,50,assets_unavailable,hybrid,10,[],blocks,/root/llm/JOILang-Server/gpt_mg/version0_13,False,3
62,3,3,Stop charging if the voltage is 220V or higher.,"충전 전압이 220볼트 이상이면, 충전을 멈춰줘.","{""name"": """", 
""cron"": """", 
""period"": 0, 
""script"": ""\nif ((#Charger).charger_voltage >= 220000) {\n\n    (#Charger).switch_off()\n\n}""}",,,0,"
if ((#Charger).charger_voltage >= 220000) {

    (#Charger).switch_off()

}",False,11.5,False,strict,False,0.3,0.0,0.0,0.0,0.0,0.0,1.0,"[""arg_type"", ""dataflow"", ""extraneous"", ""gt_mismatch"", ""gt_receiver_coverage"", ""gt_service_coverage"", ""numeric_grounding"", ""precondition"", ""semantic"", ""service_match""]","{""name"":""StopChargingIfVoltageIs220VOrHigher"",""cron"":"""",""period"":0,""code"":""""}",StopChargingIfVoltageIs220VOrHigher,,0,,193703,41943,42,41985,13.1615,15.0143,3189.9859,40.0643,,False,/root/llm/je/bin/python,/root/.cache/huggingface/hub/models--Qwen--Qwen2.5-Coder-14B-Instruct,service_schema_fallback,50,assets_unavailable,hybrid,10,[],blocks,/root/llm/JOILang-Server/gpt_mg/version0_13,False,3
63,3,3,"If the cloud service is activated, upload test.png file to the cloud.","클라우드 서비스가 활성화되어있으면, test.png 파일을 클라우드에 업로드해줘.","{""name"": """", 
""cron"": """", 
""period"": 0, 
""script"": ""\nif ((#CloudServiceProvider).cloudserviceprovider_isavailable == true) {\n\n    (#CloudServiceProvider).cloudserviceprovider_uploadfile(\""test.png\"")\n\n}""}",,,0,"
if ((#CloudServiceProvider).cloudserviceprovider_isavailable == true) {

    (#CloudServiceProvider).cloudserviceprovider_uploadfile(""test.png"")

}",False,100.0,True,strict,True,1.0,1.0,1.0,1.0,1.0,1.0,1.0,[],"{""name"":""UploadTestPngToCloudIfServiceActivated"",""cron"":"""",""period"":0,""code"":""if ((#CloudServiceProvider).cloudserviceprovider_isavailable == true) {\n    (#CloudServiceProvider).cloudserviceprovider_uploadfile(\""test.png\"")\n}""}",UploadTestPngToCloudIfServiceActivated,,0,"if ((#CloudServiceProvider).cloudserviceprovider_isavailable == true) {
    (#CloudServiceProvider).cloudserviceprovider_uploadfile(""test.png"")
}",193743,41948,72,42020,14.8805,16.74,2823.8298,40.0651,,False,/root/llm/je/bin/python,/root/.cache/huggingface/hub/models--Qwen--Qwen2.5-Coder-14B-Instruct,service_schema_fallback,50,assets_unavailable,hybrid,10,[],blocks,/root/llm/JOILang-Server/gpt_mg/version0_13,False,3
64,3,3,"If the oven is in grill mode, add 4 more minutes.","오븐이 그릴 모드이면, 시간을 4분 더 추가해줘","{""name"": """", 
""cron"": """", 
""period"": 0, 
""script"": ""\nif ((#Oven).oven_ovenmode == \""grill\"") {\n\n    (#Oven).oven_addmoretime(240)\n\n}""}",,,0,"
if ((#Oven).oven_ovenmode == ""grill"") {

    (#Oven).oven_addmoretime(240)

}",False,11.5,False,strict,False,0.3,0.0,0.0,0.0,0.0,0.0,1.0,"[""arg_type"", ""dataflow"", ""extraneous"", ""gt_mismatch"", ""gt_receiver_coverage"", ""gt_service_coverage"", ""numeric_grounding"", ""precondition"", ""semantic"", ""service_match""]","{""name"":""AddTimeToOvenIfGrillMode"",""cron"":"""",""period"":0,""code"":""""}",AddTimeToOvenIfGrillMode,,0,,193704,41938,39,41977,12.9966,14.8419,3229.8447,40.0636,,False,/root/llm/je/bin/python,/root/.cache/huggingface/hub/models--Qwen--Qwen2.5-Coder-14B-Instruct,service_schema_fallback,50,assets_unavailable,hybrid,10,[],blocks,/root/llm/JOILang-Server/gpt_mg/version0_13,False,3
65,3,3,"If the rice cooker is on keep-warm mode, switch it to cooking mode.","밥솥이 보온 모드이면, 조리 모드로 변경해줘.","{""name"": """", 
""cron"": """", 
""period"": 0, 
""script"": ""\nif ((#RiceCooker).ricecooker_ricecookermode == \""keepWarm\"") {\n\n    (#RiceCooker).ricecooker_setricecookermode(\""cooking\"")\n\n}""}",,,0,"
if ((#RiceCooker).ricecooker_ricecookermode == ""keepWarm"") {

    (#RiceCooker).ricecooker_setricecookermode(""cooking"")

}",False,11.5,False,strict,False,0.3,0.0,0.0,0.0,0.0,1.0,0.0,"[""arg_type"", ""dataflow"", ""enum_grounding"", ""extraneous"", ""gt_mismatch"", ""gt_receiver_coverage"", ""gt_service_coverage"", ""precondition"", ""semantic"", ""service_match""]","{""name"":""RiceCookerModeChange"",""cron"":"""",""period"":0,""code"":""""}",RiceCookerModeChange,,0,,193721,41941,36,41977,12.8469,14.7047,3267.4809,40.064,,False,/root/llm/je/bin/python,/root/.cache/huggingface/hub/models--Qwen--Qwen2.5-Coder-14B-Instruct,service_schema_fallback,50,assets_unavailable,hybrid,10,[],blocks,/root/llm/JOILang-Server/gpt_mg/version0_13,False,3
91,4,4,"When the contact sensor is detected, turn on the light.",접촉 센서가 감지되면 조명을 켜줘.,"{""name"": """", 
""cron"": """", 
""period"": 0, 
""script"": ""\nwait until ((#ContactSensor).contactsensor_contact == true)\n\n(#Light).switch_on()""}",,,0,"
wait until ((#ContactSensor).contactsensor_contact == true)

(#Light).switch_on()",False,100.0,True,strict,True,1.0,1.0,1.0,1.0,1.0,1.0,1.0,[],"{""name"":""TurnOnLightOnContactSensorDetection"",""cron"":"""",""period"":0,""code"":""wait until ((#ContactSensor).contactsensor_contact == true)\n(#Light).switch_on()""}",TurnOnLightOnContactSensorDetection,,0,"wait until ((#ContactSensor).contactsensor_contact == true)
(#Light).switch_on()",193703,41933,57,41990,14.0404,15.8973,2990.6555,40.0629,,False,/root/llm/je/bin/python,/root/.cache/huggingface/hub/models--Qwen--Qwen2.5-Coder-14B-Instruct,service_schema_fallback,50,assets_unavailable,hybrid,10,[],blocks,/root/llm/JOILang-Server/gpt_mg/version0_13,False,4
92,4,4,"When the presence sensor detects someone, turn on the TV.",재실 센서가 감지되면 TV를 켜줘.,"{""name"": """", 
""cron"": """", 
""period"": 0, 
""script"": ""\nwait until ((#PresenceSensor).presencesensor_presence == true)\n\n(#Television).switch_on()""}",,,0,"
wait until ((#PresenceSensor).presencesensor_presence == true)

(#Television).switch_on()",False,100.0,True,strict,True,1.0,1.0,1.0,1.0,1.0,1.0,1.0,[],"{""name"":""TurnOnTVWhenPresenceDetected"",""cron"":"""",""period"":0,""code"":""wait until ((#PresenceSensor).presencesensor_presence == true)\n(#Television).switch_on()""}",TurnOnTVWhenPresenceDetected,,0,"wait until ((#PresenceSensor).presencesensor_presence == true)
(#Television).switch_on()",193705,41932,59,41991,14.1489,16.0103,2967.7925,40.0598,,False,/root/llm/je/bin/python,/root/.cache/huggingface/hub/models--Qwen--Qwen2.5-Coder-14B-Instruct,service_schema_fallback,50,assets_unavailable,hybrid,10,[],blocks,/root/llm/JOILang-Server/gpt_mg/version0_13,False,4
93,4,4,"When the sound sensor value exceeds 50, stop speaker playback.",소리 센서의 수치가 50보다 커지면 스피커 재생을 멈춰줘.,"{""name"": """", 
""cron"": """", 
""period"": 0, 
""script"": ""\nwait until ((#SoundSensor).soundsensor_sound > 50)\n\n(#Speaker).speaker_stop()""}",,,0,"
wait until ((#SoundSensor).soundsensor_sound > 50)

(#Speaker).speaker_stop()",False,100.0,True,strict,True,1.0,1.0,1.0,1.0,1.0,1.0,1.0,[],"{""name"":""StopSpeakerPlaybackOnHighSound"",""cron"":"""",""period"":0,""code"":""wait until ((#SoundSensor).soundsensor_sound > 50)\n(#Speaker).speaker_stop()""}",StopSpeakerPlaybackOnHighSound,,0,"wait until ((#SoundSensor).soundsensor_sound > 50)
(#Speaker).speaker_stop()",193723,41948,58,42006,14.1107,15.9682,2976.8899,40.0651,,False,/root/llm/je/bin/python,/root/.cache/huggingface/hub/models--Qwen--Qwen2.5-Coder-14B-Instruct,service_schema_fallback,50,assets_unavailable,hybrid,10,[],blocks,/root/llm/JOILang-Server/gpt_mg/version0_13,False,4
94,4,4,"When it rains, turn on the dehumidifier.",비가 오면 제습기를 켜줘.,"{""name"": """", 
""cron"": """", 
""period"": 0, 
""script"": ""\nwait until ((#RainSensor).rainsensor_rain == true)\n\n(#Dehumidifier).switch_on()""}",,,0,"
wait until ((#RainSensor).rainsensor_rain == true)

(#Dehumidifier).switch_on()",False,69.9,False,strict,False,0.701074,0.5,0.5,0.5,1.0,1.0,1.0,"[""extraneous"", ""gt_mismatch"", ""gt_receiver_coverage"", ""gt_service_coverage"", ""semantic""]","{""name"":""TurnOnDehumidifierWhenRain"",""cron"":"""",""period"":0,""code"":""wait until ((#WeatherProvider).weatherprovider_weather == \""rain\"")\n(#Dehumidifier).switch_on()""}",TurnOnDehumidifierWhenRain,,0,"wait until ((#WeatherProvider).weatherprovider_weather == ""rain"")
(#Dehumidifier).switch_on()",193683,41928,63,41991,14.3715,16.2292,2921.8244,40.059,,False,/root/llm/je/bin/python,/root/.cache/huggingface/hub/models--Qwen--Qwen2.5-Coder-14B-Instruct,service_schema_fallback,50,assets_unavailable,hybrid,10,[],blocks,/root/llm/JOILang-Server/gpt_mg/version0_13,False,4
95,4,4,"When the brightness falls below 100 lux, turn on the light.",밝기가 100 럭스 미만이 되면 조명을 켜줘.,"{""name"": """", 
""cron"": """", 
""period"": 0, 
""script"": ""\nwait until ((#LightSensor).lightsensor_brightness < 100)\n\n(#Light).switch_on()""}",,,0,"
wait until ((#LightSensor).lightsensor_brightness < 100)

(#Light).switch_on()",False,100.0,True,strict,True,1.0,1.0,1.0,1.0,1.0,1.0,1.0,[],"{""name"":""TurnOnLightWhenBrightnessFallsBelow100Lux"",""cron"":"""",""period"":0,""code"":""wait until ((#LightSensor).lightsensor_brightness < 100)\n(#Light).switch_on()""}",TurnOnLightWhenBrightnessFallsBelow100Lux,,0,"wait until ((#LightSensor).lightsensor_brightness < 100)
(#Light).switch_on()",193713,41944,65,42009,14.4786,16.3395,2901.4546,40.0644,,False,/root/llm/je/bin/python,/root/.cache/huggingface/hub/models--Qwen--Qwen2.5-Coder-14B-Instruct,service_schema_fallback,50,assets_unavailable,hybrid,10,[],blocks,/root/llm/JOILang-Server/gpt_mg/version0_13,False,4
121,5,5,Switch the TV to channel 7 and switch to channel 11 after 1 hour.,TV 채널을 7번으로 바꾸고 1시간 뒤에 11번으로 바꿔줘.,"{""name"": """", 
""cron"": """", 
""period"": 0, 
""script"": ""\n(#Television).television_setchannel(7)\n\ndelay(1 HOUR)\n\n(#Television).television_setchannel(11)""}",,,0,"
(#Television).television_setchannel(7)

delay(1 HOUR)

(#Television).television_setchannel(11)",False,100.0,True,strict,True,1.0,1.0,1.0,1.0,1.0,1.0,1.0,[],"{""name"":""SwitchTVChannels"",""cron"":"""",""period"":0,""code"":""(#Television).television_setchannel(7)\ndelay(1 HOUR)\n(#Television).television_setchannel(11)""}",SwitchTVChannels,,0,"(#Television).television_setchannel(7)
delay(1 HOUR)
(#Television).television_setchannel(11)",193727,41952,63,42015,14.3867,16.2433,2920.4057,40.0659,,False,/root/llm/je/bin/python,/root/.cache/huggingface/hub/models--Qwen--Qwen2.5-Coder-14B-Instruct,service_schema_fallback,50,assets_unavailable,hybrid,10,[],blocks,/root/llm/JOILang-Server/gpt_mg/version0_13,False,5
122,5,5,Set the air conditioner to cool mode and switch to auto mode after 30 minutes.,에어컨을 냉방 모드로 설정하고 30분 뒤에 자동 모드로 설정해줘.,"{""name"": """", 
""cron"": """", 
""period"": 0, 
""script"": ""\n(#AirConditioner).airconditioner_setairconditionermode(\""cool\"")\n\ndelay(30 MIN)\n\n(#AirConditioner).airconditioner_setairconditionermode(\""auto\"")""}",,,0,"
(#AirConditioner).airconditioner_setairconditionermode(""cool"")

delay(30 MIN)

(#AirConditioner).airconditioner_setairconditionermode(""auto"")",False,23.7335,False,strict,False,0.746691,0.0,0.0,0.0,1.0,1.0,0.0,"[""arg_type"", ""enum_grounding"", ""extraneous"", ""gt_mismatch"", ""gt_receiver_coverage"", ""gt_service_coverage"", ""precondition"", ""semantic"", ""service_match"", ""unknown_service:airconditionersetairconditionermode""]","{""name"":""SetAirConditionerMode"",""cron"":"""",""period"":0,""code"":""(#AirConditioner).airconditionersetairconditionermode(\""cool\"")\ndelay(30 MIN)\n(#AirConditioner).airconditionersetairconditionermode(\""auto\"")""}",SetAirConditionerMode,,0,"(#AirConditioner).airconditionersetairconditionermode(""cool"")
delay(30 MIN)
(#AirConditioner).airconditionersetairconditionermode(""auto"")",193743,41952,75,42027,15.0631,16.9439,2790.0631,40.0659,,False,/root/llm/je/bin/python,/root/.cache/huggingface/hub/models--Qwen--Qwen2.5-Coder-14B-Instruct,service_schema_fallback,50,assets_unavailable,hybrid,10,[],blocks,/root/llm/JOILang-Server/gpt_mg/version0_13,False,5
123,5,5,Set the air purifier to auto mode and switch to sleep mode after 2 hours.,공기청정기를 자동 모드로 설정하고 2시간 뒤에 수면 모드로 설정해줘.,"{""name"": """", 
""cron"": """", 
""period"": 0, 
""script"": ""\n(#AirPurifier).airpurifier_setairpurifiermode(\""auto\"")\n\ndelay(2 HOUR)\n\n(#AirPurifier).airpurifier_setairpurifiermode(\""sleep\"")""}",,,0,"
(#AirPurifier).airpurifier_setairpurifiermode(""auto"")

delay(2 HOUR)

(#AirPurifier).airpurifier_setairpurifiermode(""sleep"")",False,100.0,True,strict,True,1.0,1.0,1.0,1.0,1.0,1.0,1.0,[],"{""name"":""SetAirPurifierModeAndSwitchToSleepMode"",""cron"":"""",""period"":0,""code"":""(#AirPurifier).airpurifier_setairpurifiermode(\""auto\"")\ndelay(2 HOUR)\n(#AirPurifier).airpurifier_setairpurifiermode(\""sleep\"")""}",SetAirPurifierModeAndSwitchToSleepMode,,0,"(#AirPurifier).airpurifier_setairpurifiermode(""auto"")
delay(2 HOUR)
(#AirPurifier).airpurifier_setairpurifiermode(""sleep"")",193740,41950,84,42034,15.5656,17.4446,2700.442,40.0655,,False,/root/llm/je/bin/python,/root/.cache/huggingface/hub/models--Qwen--Qwen2.5-Coder-14B-Instruct,service_schema_fallback,50,assets_unavailable,hybrid,10,[],blocks,/root/llm/JOILang-Server/gpt_mg/version0_13,False,5
124,5,5,Set the air conditioner temperature to 24 degrees and change it to 26 degrees after 1 hour.,에어컨 온도를 24도로 설정하고 1시간 뒤에 26도로 설정해줘.,"{""name"": """", 
""cron"": """", 
""period"": 0, 
""script"": ""\n(#AirConditioner).airconditioner_settargettemperature(24)\n\ndelay(1 HOUR)\n\n(#AirConditioner).airconditioner_settargettemperature(26)""}",,,0,"
(#AirConditioner).airconditioner_settargettemperature(24)

delay(1 HOUR)

(#AirConditioner).airconditioner_settargettemperature(26)",False,100.0,True,strict,True,1.0,1.0,1.0,1.0,1.0,1.0,1.0,[],"{""name"":""SetAirConditionerTemperature"",""cron"":"""",""period"":0,""code"":""(#AirConditioner).airconditioner_settargettemperature(24)\ndelay(1 HOUR)\n(#AirConditioner).airconditioner_settargettemperature(26)""}",SetAirConditionerTemperature,,0,"(#AirConditioner).airconditioner_settargettemperature(24)
delay(1 HOUR)
(#AirConditioner).airconditioner_settargettemperature(26)",193755,41957,76,42033,15.1176,16.9932,2780.4017,40.067,,False,/root/llm/je/bin/python,/root/.cache/huggingface/hub/models--Qwen--Qwen2.5-Coder-14B-Instruct,service_schema_fallback,50,assets_unavailable,hybrid,10,[],blocks,/root/llm/JOILang-Server/gpt_mg/version0_13,False,5
125,5,5,Set the oven mode to Bake and change it to warming mode after 10 minutes.,오븐 모드를 베이크로 설정하고 10분 뒤에 데우기 모드로 바꿔줘.,"{""name"": """", 
""cron"": """", 
""period"": 0, 
""script"": ""\n(#Oven).oven_setovenmode(\""Bake\"")\n\ndelay(10 MIN)\n\n(#Oven).oven_setovenmode(\""warming\"")""}",,,0,"
(#Oven).oven_setovenmode(""Bake"")

delay(10 MIN)

(#Oven).oven_setovenmode(""warming"")",False,15.75,False,strict,False,0.15,0.0,0.0,0.0,1.0,0.0,0.0,"[""arg_type"", ""enum_grounding"", ""extraneous"", ""gt_mismatch"", ""gt_receiver_coverage"", ""gt_service_coverage"", ""numeric_grounding"", ""precondition"", ""semantic"", ""service_match""]","{""name"":""SetOvenModeAndScheduleChange"",""cron"":"""",""period"":0,""code"":""""}",SetOvenModeAndScheduleChange,,0,,193738,41953,37,41990,12.8867,14.77,3258.3982,40.0662,,False,/root/llm/je/bin/python,/root/.cache/huggingface/hub/models--Qwen--Qwen2.5-Coder-14B-Instruct,service_schema_fallback,50,assets_unavailable,hybrid,10,[],blocks,/root/llm/JOILang-Server/gpt_mg/version0_13,False,5
151,6,6,"If the temperature is 28 degrees or higher and the humidity is 70% or higher, set the air conditioner to cool mode and 24 degrees.","온도가 28도 이상이고 습도가 70% 이상이면, 에어컨을 냉방 모드로 설정하고 온도를 24도로 맞춰줘.","{""name"": """", ""cron"": """", ""period"": 0, ""script"": ""\nif ((#TemperatureSensor).temperaturesensor_temperature >= 28 and (#HumiditySensor).humiditysensor_humidity >= 70) {\n\n    (#AirConditioner).airconditioner_setairconditionermode(\""cool\"")\n\n    (#AirConditioner).airconditioner_settargettemperature(24)\n \n}""}",,,0,"
if ((#TemperatureSensor).temperaturesensor_temperature >= 28 and (#HumiditySensor).humiditysensor_humidity >= 70) {

    (#AirConditioner).airconditioner_setairconditionermode(""cool"")

    (#AirConditioner).airconditioner_settargettemperature(24)
 
}",False,97.5949,True,strict,False,0.91898,1.0,1.0,1.0,1.0,1.0,1.0,"[""gt_mismatch""]","{""name"":""AdjustAirConditionerBasedOnTemperatureAndHumidity"",""cron"":"""",""period"":0,""code"":""if (((#AirQualitySensor).airqualitysensor_temperature >= 28) and ((#AirQualitySensor).airqualitysensor_humidity >= 70)) {\n    (#AirConditioner).airconditioner_setairconditionermode(\""cool\"")\n    (#AirConditioner).airconditioner_settargettemperature(24)\n}""}",AdjustAirConditionerBasedOnTemperatureAndHumidity,,0,"if (((#AirQualitySensor).airqualitysensor_temperature >= 28) and ((#AirQualitySensor).airqualitysensor_humidity >= 70)) {
    (#AirConditioner).airconditioner_setairconditionermode(""cool"")
    (#AirConditioner).airconditioner_settargettemperature(24)
}",193816,41986,112,42098,17.2283,19.1151,2443.5377,40.0761,,False,/root/llm/je/bin/python,/root/.cache/huggingface/hub/models--Qwen--Qwen2.5-Coder-14B-Instruct,service_schema_fallback,50,assets_unavailable,hybrid,10,[],blocks,/root/llm/JOILang-Server/gpt_mg/version0_13,False,6
152,6,6,"If the carbon dioxide concentration is 1200ppm or higher and person is being detected, set the air purifier to high mode and announce a warning using the speaker.","이산화탄소 농도가 1200ppm 이상이고 사람이 감지되고 있으면, 공기청정기를 강풍으로 바꾸고 스피커로 경고해줘.","{""name"": """", ""cron"": """", ""period"": 0, ""script"": ""\nif ((#AirQualitySensor).airqualitysensor_carbondioxide >= 1200 and (#PresenceSensor).presencesensor_presence == true) {\n\n    (#AirPurifier).airpurifier_setairpurifiermode(\""high\"")\n\n    (#Speaker).speaker_speak(\""이산화탄소 농도가 높습니다.\"")\n\n}""}",,,0,"
if ((#AirQualitySensor).airqualitysensor_carbondioxide >= 1200 and (#PresenceSensor).presencesensor_presence == true) {

    (#AirPurifier).airpurifier_setairpurifiermode(""high"")

    (#Speaker).speaker_speak(""이산화탄소 농도가 높습니다."")

}",False,95.612,True,strict,False,0.972406,1.0,1.0,1.0,1.0,1.0,1.0,"[""extraneous"", ""gt_mismatch""]","{""name"":""AlertOnHighCO2AndPersonDetected"",""cron"":"""",""period"":0,""code"":""if ((#AirQualitySensor).airqualitysensor_carbondioxide >= 1200 and (#PresenceSensor).presencesensor_presence == true) {\n    (#AirPurifier).airpurifier_setairpurifiermode(\""high\"")\n    (#Speaker).speaker_speak(\""공기청정기가 강풍 모드로 전환되었습니다\"")\n}""}",AlertOnHighCO2AndPersonDetected,,0,"if ((#AirQualitySensor).airqualitysensor_carbondioxide >= 1200 and (#PresenceSensor).presencesensor_presence == true) {
    (#AirPurifier).airpurifier_setairpurifiermode(""high"")
    (#Speaker).speaker_speak(""공기청정기가 강풍 모드로 전환되었습니다"")
}",193854,41989,117,42106,17.5299,19.4597,2401.9532,40.0768,,False,/root/llm/je/bin/python,/root/.cache/huggingface/hub/models--Qwen--Qwen2.5-Coder-14B-Instruct,service_schema_fallback,50,assets_unavailable,hybrid,10,[],blocks,/root/llm/JOILang-Server/gpt_mg/version0_13,False,6
153,6,6,"If it is raining and the humidity is 80% or higher, set the dehumidifier to drying mode and output ""It's raining and himidity is high"" through the speaker.","비가 오고 있고 습도가 80% 이상이면, 제습기를 건조 모드로 작동시키고 ""비가 오고 습도가 높습니다""라고 스피커로 출력해줘.","{""name"": """", ""cron"": """", ""period"": 0, ""script"": ""\nif ((#RainSensor).rainsensor_rain == true and (#HumiditySensor).humiditysensor_humidity >= 80) {\n\n    (#Dehumidifier).dehumidifier_setdehumidifiermode(\""drying\"")\n\n    (#Speaker).speaker_speak(\""비가 오고 습도가 높습니다.\"")\n\n}""}",,,0,"
if ((#RainSensor).rainsensor_rain == true and (#HumiditySensor).humiditysensor_humidity >= 80) {

    (#Dehumidifier).dehumidifier_setdehumidifiermode(""drying"")

    (#Speaker).speaker_speak(""비가 오고 습도가 높습니다."")

}",False,96.0023,True,strict,False,0.975455,1.0,1.0,1.0,1.0,1.0,1.0,"[""extraneous"", ""gt_mismatch""]","{""name"":""RainAndHighHumidityTrigger"",""cron"":"""",""period"":0,""code"":""if ((#RainSensor).rainsensor_rain == true and (#AirQualitySensor).airqualitysensor_humidity >= 80) {\n    (#Dehumidifier).dehumidifier_setdehumidifiermode(\""drying\"")\n    (#Speaker).speaker_speak(\""비가 오고 습도가 높습니다\"")\n}""}",RainAndHighHumidityTrigger,,0,"if ((#RainSensor).rainsensor_rain == true and (#AirQualitySensor).airqualitysensor_humidity >= 80) {
    (#Dehumidifier).dehumidifier_setdehumidifiermode(""drying"")
    (#Speaker).speaker_speak(""비가 오고 습도가 높습니다"")
}",193854,41998,113,42111,17.2934,19.1865,2435.0908,40.0788,,False,/root/llm/je/bin/python,/root/.cache/huggingface/hub/models--Qwen--Qwen2.5-Coder-14B-Instruct,service_schema_fallback,50,assets_unavailable,hybrid,10,[],blocks,/root/llm/JOILang-Server/gpt_mg/version0_13,False,6
154,6,6,"If the noise level is 70 or higher and no one is home, take a photo with the camera and sound the police siren.","소음 수치가 70 이상이고 집에 아무도 없으면, 카메라로 사진을 찍고 경찰 사이렌을 울려줘.","{""name"": """", ""cron"": """", ""period"": 0, ""script"": ""\nif ((#SoundSensor).soundsensor_sound >= 70 and (#PresenceSensor).presencesensor_presence == false) {\n\n    (#Camera).camera_captureimage()\n\n    (#Siren).siren_setsirenmode(\""police\"")\n\n}""}",,,0,"
if ((#SoundSensor).soundsensor_sound >= 70 and (#PresenceSensor).presencesensor_presence == false) {

    (#Camera).camera_captureimage()

    (#Siren).siren_setsirenmode(""police"")

}",False,94.5617,True,strict,False,0.993119,1.0,1.0,1.0,1.0,1.0,1.0,"[""extraneous"", ""gt_mismatch"", ""semantic""]","{""name"":""NoiseLevelAndNoOneHome"",""cron"":"""",""period"":0,""code"":""if (((#SoundSensor).soundsensor_sound >= 70) and ((#PresenceSensor).presencesensor_presence == false)) {\n    (#Camera).camera_captureimage()\n    (#Siren).siren_setsirenmode(\""police\"")\n}""}",NoiseLevelAndNoOneHome,,0,"if (((#SoundSensor).soundsensor_sound >= 70) and ((#PresenceSensor).presencesensor_presence == false)) {
    (#Camera).camera_captureimage()
    (#Siren).siren_setsirenmode(""police"")
}",193791,41970,91,42061,15.9757,17.86,2632.8111,40.0698,,False,/root/llm/je/bin/python,/root/.cache/huggingface/hub/models--Qwen--Qwen2.5-Coder-14B-Instruct,service_schema_fallback,50,assets_unavailable,hybrid,10,[],blocks,/root/llm/JOILang-Server/gpt_mg/version0_13,False,6
155,6,6,"If the illuminance is 100 lux or lower and a person is being detected, set the speaker volume to 30 and play relax.mp3 music.","조도가 100 럭스 이하이고 사람이 감지되고 있으면, 스피커 볼륨을 30으로 설정하고 relax.mp3 음악을 재생해줘.","{""name"": """", ""cron"": """", ""period"": 0, ""script"": ""\nif ((#LightSensor).lightsensor_brightness <= 100 and (#PresenceSensor).presencesensor_presence == true) {\n\n    (#Speaker).speaker_setvolume(30)\n\n    (#Speaker).speaker_play(\""relax.mp3\"")\n\n}""}",,,0,"
if ((#LightSensor).lightsensor_brightness <= 100 and (#PresenceSensor).presencesensor_presence == true) {

    (#Speaker).speaker_setvolume(30)

    (#Speaker).speaker_play(""relax.mp3"")

}",False,100.0,True,strict,True,1.0,1.0,1.0,1.0,1.0,1.0,1.0,[],"{""name"":""AdjustSpeakerVolumeAndPlayMusic"",""cron"":"""",""period"":0,""code"":""if ((#LightSensor).lightsensor_brightness <= 100 and (#PresenceSensor).presencesensor_presence == true) {\n    (#Speaker).speaker_setvolume(30)\n    (#Speaker).speaker_play(\""relax.mp3\"")\n}""}",AdjustSpeakerVolumeAndPlayMusic,,0,"if ((#LightSensor).lightsensor_brightness <= 100 and (#PresenceSensor).presencesensor_presence == true) {
    (#Speaker).speaker_setvolume(30)
    (#Speaker).speaker_play(""relax.mp3"")
}",193821,41986,91,42077,16.0207,17.9215,2626.4146,40.0761,,False,/root/llm/je/bin/python,/root/.cache/huggingface/hub/models--Qwen--Qwen2.5-Coder-14B-Instruct,service_schema_fallback,50,assets_unavailable,hybrid,10,[],blocks,/root/llm/JOILang-Server/gpt_mg/version0_13,False,6
181,7,7,"Every 10 minutes, if the temperature is 30 degrees or higher, set the air conditioner to cool mode.",10분마다 확인해서 온도가 30도 이상이면 에어컨을 쿨모드로 설정해줘.,"{""name"": """", 
""cron"": """", 
""period"": 600000, 
""script"": ""\nif ((#TemperatureSensor).temperaturesensor_temperature >= 30) {\n\n    (#AirConditioner).airconditioner_setairconditionermode(\""cool\"")\n\n}""}",,,600000,"
if ((#TemperatureSensor).temperaturesensor_temperature >= 30) {

    (#AirConditioner).airconditioner_setairconditionermode(""cool"")

}",False,53.65,False,strict,False,0.787151,0.5,1.0,0.5,0.0,1.0,0.0,"[""arg_type"", ""dataflow"", ""enum_grounding"", ""gt_mismatch"", ""gt_receiver_coverage"", ""gt_service_coverage"", ""semantic"", ""service_match"", ""unknown_service:airconditionersetairconditionermode""]","{""name"":""CheckTemperatureAndSetACMode"",""cron"":"""",""period"":600000,""code"":""temp = (#AirQualitySensor).airqualitysensor_temperature\nif (temp >= 30) {\n    (#AirConditioner).airconditionersetairconditionermode(\""cool\"")\n}""}",CheckTemperatureAndSetACMode,,600000,"temp = (#AirQualitySensor).airqualitysensor_temperature
if (temp >= 30) {
    (#AirConditioner).airconditionersetairconditionermode(""cool"")
}",193767,41961,82,42043,15.4532,17.3304,2720.6663,40.0679,,False,/root/llm/je/bin/python,/root/.cache/huggingface/hub/models--Qwen--Qwen2.5-Coder-14B-Instruct,service_schema_fallback,50,assets_unavailable,hybrid,10,[],blocks,/root/llm/JOILang-Server/gpt_mg/version0_13,False,7
182,7,7,"Every 30 minutes, if the temperature is 20 degrees or higher and below 30 degrees, set the air conditioner to auto mode; if it is 30 degrees or higher, set it to cool mode.","30분마다 체크해서 온도가 20도 이상, 30도 미만이면 에어컨을 자동모드로 설정하고, 30도 이상이면 쿨모드로 설정해줘.","{""name"": """", 
""cron"": """", 
""period"": 1800000, 
""script"": ""\ntemp = (#TemperatureSensor).temperaturesensor_temperature\n\nif (temp >= 20 and temp < 30) {\n\n    (#AirConditioner).airconditioner_setairconditionermode(\""auto\"")\n\n} else if (temp >= 30) {\n\n    (#AirConditioner).airconditioner_setairconditionermode(\""cool\"")\n\n}""}",,,1800000,"
temp = (#TemperatureSensor).temperaturesensor_temperature

if (temp >= 20 and temp < 30) {

    (#AirConditioner).airconditioner_setairconditionermode(""auto"")

} else if (temp >= 30) {

    (#AirConditioner).airconditioner_setairconditionermode(""cool"")

}",False,69.9,False,strict,False,0.661,0.5,0.5,0.5,1.0,1.0,0.5,"[""enum_grounding"", ""gt_mismatch"", ""gt_receiver_coverage"", ""gt_service_coverage""]","{""name"":""AdjustAirConditionerBasedOnTemperature"",""cron"":""0 */30 * * *"",""period"":0,""code"":""temp = (#AirConditioner).airconditioner_targettemperature\nif (temp >= 20 and temp < 30) {\n    (#AirConditioner).airconditioner_setairconditionermode(\""auto\"")\n} else if (temp >= 30) {\n    (#AirConditioner).airconditioner_setairconditionermode(\""cool\"")\n}""}",AdjustAirConditionerBasedOnTemperature,0 */30 * * *,0,"temp = (#AirConditioner).airconditioner_targettemperature
if (temp >= 20 and temp < 30) {
    (#AirConditioner).airconditioner_setairconditionermode(""auto"")
} else if (temp >= 30) {
    (#AirConditioner).airconditioner_setairconditionermode(""cool"")
}",193869,42007,125,42132,17.988,19.8665,2342.2282,40.0808,,False,/root/llm/je/bin/python,/root/.cache/huggingface/hub/models--Qwen--Qwen2.5-Coder-14B-Instruct,service_schema_fallback,50,assets_unavailable,hybrid,10,[],blocks,/root/llm/JOILang-Server/gpt_mg/version0_13,False,7
183,7,7,Lock the doorlock every day at midnight.,매일 자정에 도어락을 잠궈줘.,"{""name"": """", 
""cron"": ""0 0 * * *"", 
""period"": 0, 
""script"": ""\n(#DoorLock).doorlock_lock()""}",,0 0 * * *,0,"
(#DoorLock).doorlock_lock()",False,100.0,True,strict,True,1.0,1.0,1.0,1.0,1.0,1.0,1.0,[],"{""name"":""LockDoorlockMidnight"",""cron"":""0 0 * * *"",""period"":0,""code"":""(#DoorLock).doorlock_lock()""}",LockDoorlockMidnight,0 0 * * *,0,(#DoorLock).doorlock_lock(),193685,41927,50,41977,13.6227,15.5075,3081.4009,40.0588,,False,/root/llm/je/bin/python,/root/.cache/huggingface/hub/models--Qwen--Qwen2.5-Coder-14B-Instruct,service_schema_fallback,50,assets_unavailable,hybrid,10,[],blocks,/root/llm/JOILang-Server/gpt_mg/version0_13,False,7
184,7,7,"On weekends at 3 PM, check for leakage; if detected, set the siren to emergency mode.",주말 오후 3시에 누수를 체크해서 감지되면 긴급 사이렌을 울려줘.,"{""name"": """", 
""cron"": ""0 15 * * 6,7"", 
""period"": 0, 
""script"": ""\nif ((#LeakSensor).leaksensor_leakage == true) {\n\n    (#Siren).siren_setsirenmode(\""emergency\"")\n}""}",,"0 15 * * 6,7",0,"
if ((#LeakSensor).leaksensor_leakage == true) {

    (#Siren).siren_setsirenmode(""emergency"")
}",False,93.9167,True,strict,False,0.85,1.0,1.0,1.0,1.0,1.0,1.0,"[""gt_mismatch"", ""semantic""]","{""name"":""CheckLeakageAndSetSirenOnWeekends"",""cron"":""0 15 * * 6-7"",""period"":0,""code"":""if ((#LeakSensor).leaksensor_leakage == true) {\n    (#Siren).siren_setsirenmode(\""emergency\"")\n}""}",CheckLeakageAndSetSirenOnWeekends,0 15 * * 6-7,0,"if ((#LeakSensor).leaksensor_leakage == true) {
    (#Siren).siren_setsirenmode(""emergency"")
}",193750,41955,86,42041,15.6979,17.5781,2678.1289,40.0666,,False,/root/llm/je/bin/python,/root/.cache/huggingface/hub/models--Qwen--Qwen2.5-Coder-14B-Instruct,service_schema_fallback,50,assets_unavailable,hybrid,10,[],blocks,/root/llm/JOILang-Server/gpt_mg/version0_13,False,7
185,7,7,Set the rice cooker to reheating mode every morning at 7 AM.,매일 아침 7시에 밥솥을 재가열 모드로 설정해줘.,"{""name"": """", 
""cron"": ""0 7 * * *"", 
""period"": 0, 
""script"": ""\n(#RiceCooker).ricecooker_setricecookermode(\""reheating\"")""}",,0 7 * * *,0,"
(#RiceCooker).ricecooker_setricecookermode(""reheating"")",False,100.0,True,strict,True,1.0,1.0,1.0,1.0,1.0,1.0,1.0,[],"{""name"":""SetRiceCookerToReheatingModeEveryMorningAt7AM"",""cron"":""0 7 * * *"",""period"":0,""code"":""(#RiceCooker).ricecooker_setricecookermode(\""reheating\"")""}",SetRiceCookerToReheatingModeEveryMorningAt7AM,0 7 * * *,0,"(#RiceCooker).ricecooker_setricecookermode(""reheating"")",193716,41941,72,42013,14.8824,16.768,2822.999,40.064,,False,/root/llm/je/bin/python,/root/.cache/huggingface/hub/models--Qwen--Qwen2.5-Coder-14B-Instruct,service_schema_fallback,50,assets_unavailable,hybrid,10,[],blocks,/root/llm/JOILang-Server/gpt_mg/version0_13,False,7
231,8,8,"Every hour, repeat opening and closing the door.",1시간마다 문을 열었다 닫았다 반복해줘.,"{""name"": """", 
""cron"": """", 
""period"": 3600000, 
""script"": ""\nopen := false\n\nif (open == false) {\n\n    (#Door).door_open()\n\n    open = true\n\n} else {\n\n    (#Door).door_close()\n\n    open = false\n\n}""}",,,3600000,"
open := false

if (open == false) {

    (#Door).door_open()

    open = true

} else {

    (#Door).door_close()

    open = false

}",False,92.7224,True,strict,False,0.504483,1.0,1.0,1.0,1.0,1.0,1.0,"[""gt_mismatch"", ""semantic""]","{""name"":""RepeatOpenCloseDoorEveryHour"",""cron"":""0 * * * *"",""period"":0,""code"":""(#Door).door_open()\ndelay(30 MIN)\n(#Door).door_close()""}",RepeatOpenCloseDoorEveryHour,0 * * * *,0,"(#Door).door_open()
delay(30 MIN)
(#Door).door_close()",193699,41930,62,41992,14.3054,16.1798,2935.395,40.0594,,False,/root/llm/je/bin/python,/root/.cache/huggingface/hub/models--Qwen--Qwen2.5-Coder-14B-Instruct,service_schema_fallback,50,assets_unavailable,hybrid,10,[],blocks,/root/llm/JOILang-Server/gpt_mg/version0_13,False,8
232,8,8,"Every 5 minutes from 1 PM to 3 PM, repeat opening and closing the valve.",오후 1시부터 3시까지 5분마다 벨브를 열었다 닫았다 반복해줘.,"{""name"": """", 
""cron"": ""*/5 13-14 * * *"", 
""period"": 0, 
""script"": ""\nopen := false\n\nif (open == false) {\n\n    (#Valve).valve_open()\n\n    open = true\n\n} else {\n\n    (#Valve).valve_close()\n\n    open = false\n\n}""}",,*/5 13-14 * * *,0,"
open := false

if (open == false) {

    (#Valve).valve_open()

    open = true

} else {

    (#Valve).valve_close()

    open = false

}",False,90.2121,True,strict,False,0.465493,1.0,0.666667,1.0,1.0,1.0,1.0,"[""extraneous"", ""gt_mismatch"", ""semantic""]","{""name"":""RepeatValveOpenClose"",""cron"":""0 13 * * *"",""period"":300000,""code"":""if ((#Clock).clock_hour >= 15 or (#Clock).clock_hour < 13) {\n    break\n}\n(#Valve).valve_open()\ndelay(300 SEC)\n(#Valve).valve_close()""}",RepeatValveOpenClose,0 13 * * *,300000,"if ((#Clock).clock_hour >= 15 or (#Clock).clock_hour < 13) {
    break
}
(#Valve).valve_open()
delay(300 SEC)
(#Valve).valve_close()",193736,41952,102,42054,16.6013,18.4582,2533.1751,40.0659,,False,/root/llm/je/bin/python,/root/.cache/huggingface/hub/models--Qwen--Qwen2.5-Coder-14B-Instruct,service_schema_fallback,50,assets_unavailable,hybrid,10,[],blocks,/root/llm/JOILang-Server/gpt_mg/version0_13,False,8
233,8,8,"Every 30 minutes, toggle the living room air purifier between sleep mode and auto mode.",30분마다 거실 공기청정기를 수면모드와 자동모드 사이에서 전환해줘.,"{""name"": """", 
""cron"": """", 
""period"": 1800000,
""script"": ""\nmode := 0\n\nif (mode == 0) {\n\n    (#LivingRoom #AirPurifier).airpurifier_setairpurifiermode(\""sleep\"")\n\n    mode = 1\n\n} else {\n\n    (#LivingRoom #AirPurifier).airpurifier_setairpurifiermode(\""auto\"")\n\n    mode = 0\n\n}""}",,,1800000,"
mode := 0

if (mode == 0) {

    (#LivingRoom #AirPurifier).airpurifier_setairpurifiermode(""sleep"")

    mode = 1

} else {

    (#LivingRoom #AirPurifier).airpurifier_setairpurifiermode(""auto"")

    mode = 0

}",False,91.0577,True,strict,False,0.85,1.0,1.0,1.0,1.0,1.0,0.5,"[""enum_grounding"", ""gt_mismatch"", ""semantic""]","{""name"":""ToggleLivingRoomAirPurifierMode"",""cron"":""0 */30 * * *"",""period"":0,""code"":""mode := 0\n\nif (mode == 0) {\n\n    (#LivingRoom #AirPurifier).airpurifier_setairpurifiermode(\""sleep\"")\n\n    mode = 1\n\n} else {\n\n    (#LivingRoom #AirPurifier).airpurifier_setairpurifiermode(\""auto\"")\n\n    mode = 0\n\n}""}",ToggleLivingRoomAirPurifierMode,0 */30 * * *,0,"mode := 0

if (mode == 0) {

    (#LivingRoom #AirPurifier).airpurifier_setairpurifiermode(""sleep"")

    mode = 1

} else {

    (#LivingRoom #AirPurifier).airpurifier_setairpurifiermode(""auto"")

    mode = 0

}",193753,41952,121,42073,17.6877,19.5564,2378.6586,40.0659,,False,/root/llm/je/bin/python,/root/.cache/huggingface/hub/models--Qwen--Qwen2.5-Coder-14B-Instruct,service_schema_fallback,50,assets_unavailable,hybrid,10,[],blocks,/root/llm/JOILang-Server/gpt_mg/version0_13,False,8
234,8,8,Repeat opening and closing the window every 10 minutes.,10분마다 창문을 열었다 닫았다 반복해줘.,"{""name"": """", 
""cron"": """", 
""period"": 600000,
""script"": ""\nopen := false\n\nif (open == false) {\n\n    (#Window).windowcovering_uporopen()\n\n    open = true\n\n} else {\n\n    (#Window).windowcovering_downorclose()\n\n    open = false\n\n}""}",,,600000,"
open := false

if (open == false) {

    (#Window).windowcovering_uporopen()

    open = true

} else {

    (#Window).windowcovering_downorclose()

    open = false

}",False,93.7713,True,strict,False,0.804268,1.0,1.0,1.0,1.0,1.0,1.0,"[""gt_mismatch"", ""semantic""]","{""name"":""RepeatOpeningClosingWindow"",""cron"":"""",""period"":600000,""code"":""active := 0\nif (active == 0) {\n    (#Window).windowcovering_uporopen()\n    delay(10 MIN)\n    (#Window).windowcovering_downorclose()\n    active = 1\n}""}",RepeatOpeningClosingWindow,,600000,"active := 0
if (active == 0) {
    (#Window).windowcovering_uporopen()
    delay(10 MIN)
    (#Window).windowcovering_downorclose()
    active = 1
}",193707,41935,90,42025,15.909,17.7855,2641.5865,40.0632,,False,/root/llm/je/bin/python,/root/.cache/huggingface/hub/models--Qwen--Qwen2.5-Coder-14B-Instruct,service_schema_fallback,50,assets_unavailable,hybrid,10,[],blocks,/root/llm/JOILang-Server/gpt_mg/version0_13,False,8
235,8,8,"Every 30 minutes, toggle the air purifier between sleep mode and high speed mode.",30분마다 공기청정기를 수면모드와 강풍모드 사이에서 전환해줘.,"{""name"": """", 
""cron"": """", 
""period"": 1800000,
""script"": ""\nmode := 0\n\nif (mode == 0) {\n\n    (#AirPurifier).airpurifier_setairpurifiermode(\""sleep\"")\n\n    mode = 1\n\n} else {\n\n    (#AirPurifier).airpurifier_setairpurifiermode(\""high\"")\n\n    mode = 0\n\n}""}",,,1800000,"
mode := 0

if (mode == 0) {

    (#AirPurifier).airpurifier_setairpurifiermode(""sleep"")

    mode = 1

} else {

    (#AirPurifier).airpurifier_setairpurifiermode(""high"")

    mode = 0

}",False,91.25,True,strict,False,0.85,1.0,1.0,1.0,1.0,1.0,0.5,"[""enum_grounding"", ""gt_mismatch"", ""semantic""]","{""name"":""ToggleAirPurifierMode"",""cron"":""0 */30 * * * ?"",""period"":0,""code"":""mode := 0\n\nif (mode == 0) {\n\n    (#AirPurifier).airpurifier_setairpurifiermode(\""sleep\"")\n\n    mode = 1\n\n} else {\n\n    (#AirPurifier).airpurifier_setairpurifiermode(\""high\"")\n\n    mode = 0\n\n}""}",ToggleAirPurifierMode,0 */30 * * * ?,0,"mode := 0

if (mode == 0) {

    (#AirPurifier).airpurifier_setairpurifiermode(""sleep"")

    mode = 1

} else {

    (#AirPurifier).airpurifier_setairpurifiermode(""high"")

    mode = 0

}",193744,41949,111,42060,17.1403,19.0283,2453.866,40.0653,,False,/root/llm/je/bin/python,/root/.cache/huggingface/hub/models--Qwen--Qwen2.5-Coder-14B-Instruct,service_schema_fallback,50,assets_unavailable,hybrid,10,[],blocks,/root/llm/JOILang-Server/gpt_mg/version0_13,False,8
