row_no,category,row_category,command_eng,command_kor,gt,gt_name,gt_cron,gt_period,gt_code,warmup_excluded,gemma2_9b_it__det_score,gemma2_9b_it__det_pass,gemma2_9b_it__det_profile,gemma2_9b_it__det_gt_exact,gemma2_9b_it__det_gt_similarity,gemma2_9b_it__det_gt_service_coverage,gemma2_9b_it__det_gt_service_precision,gemma2_9b_it__det_gt_receiver_coverage,gemma2_9b_it__det_dataflow_score,gemma2_9b_it__det_numeric_grounding,gemma2_9b_it__det_enum_grounding,gemma2_9b_it__failure_reasons,gemma2_9b_it__output,gemma2_9b_it__output_name,gemma2_9b_it__output_cron,gemma2_9b_it__output_period,gemma2_9b_it__output_code,gemma2_9b_it__prompt_chars,gemma2_9b_it__prompt_tokens,gemma2_9b_it__completion_tokens,gemma2_9b_it__total_tokens,gemma2_9b_it__llm_latency_sec,gemma2_9b_it__total_pipeline_sec,gemma2_9b_it__tokens_per_sec,gemma2_9b_it__peak_vram_gb,gemma2_9b_it__generation_error_type,gemma2_9b_it__oom_flag,gemma2_9b_it__worker_python,gemma2_9b_it__resolved_model_path,gemma2_9b_it__service_list_snippet_source,gemma2_9b_it__service_list_device_count,gemma2_9b_it__service_list_retrieval_status,gemma2_9b_it__service_list_retrieval_mode,gemma2_9b_it__service_list_retrieval_topk,gemma2_9b_it__service_list_retrieval_categories,gemma2_9b_it__prompt_render_mode,gemma2_9b_it__prompt_assets_dir,gemma2_9b_it__warmup_excluded,gemma2_9b_it__row_category
1,1,1,Switch the dishwasher to dry mode.,식기세척기를 건조 모드로 설정해줘.,"{""name"": """", 
""cron"": """", 
""period"": 0, 
""script"": ""(#Dishwasher).dishwasher_setdishwashermode(\""dry\"")""}",,,0,"(#Dishwasher).dishwasher_setdishwashermode(""dry"")",False,0.0,False,strict,False,0.0,1.0,1.0,1.0,1.0,1.0,1.0,"[""invalid_json""]",,,,,,103159,29463,1,29464,22.046,26.8256,1336.4783,31.7751,,False,/home/mgjeong/miniconda3/envs/l/bin/python,/home/mgjeong/.cache/huggingface/hub/models--google--gemma-2-9b-it/snapshots/11c9b309abf73637e4b6f9a3fa1e92e615547819,service_retrieval_fallback,10,used,hybrid,10,"[""Dishwasher"", ""LaundryDryer"", ""RiceCooker"", ""Dehumidifier"", ""AirConditioner"", ""Oven"", ""DimmerSwitch"", ""Switch"", ""AirPurifier"", ""ArmRobot""]",legacy_v13_monolith,/home/mgjeong/Desktop/llm/JOILang-Server/gpt_mg/version0_13,False,1
2,1,1,Add 5 minutes to the oven.,오븐의 작동 시간을 5분 늘려줘.,"{""name"": """", 
""cron"": """", 
""period"": 0, 
""script"": ""(#Oven).oven_addmoretime(300)""}",,,0,(#Oven).oven_addmoretime(300),False,0.0,False,strict,False,0.0,1.0,1.0,1.0,1.0,1.0,1.0,"[""invalid_json""]",-,,,,,101481,29089,6,29095,21.5191,26.302,1352.0547,31.5395,,False,/home/mgjeong/miniconda3/envs/l/bin/python,/home/mgjeong/.cache/huggingface/hub/models--google--gemma-2-9b-it/snapshots/11c9b309abf73637e4b6f9a3fa1e92e615547819,service_retrieval_fallback,10,used,hybrid,10,"[""Oven"", ""RiceCooker"", ""ArmRobot"", ""MenuProvider"", ""Button"", ""Dishwasher"", ""Door"", ""Television"", ""SmokeDetector"", ""LaundryDryer""]",legacy_v13_monolith,/home/mgjeong/Desktop/llm/JOILang-Server/gpt_mg/version0_13,False,1
3,1,1,Start the rice cooker on cooking mode for 30 minutes.,밥솥을 조리 모드로 30분 작동시켜.,"{""name"": """", 
""cron"": """", 
""period"": 0, 
""script"": ""(#RiceCooker).ricecooker_setcookingparameters(\""cooking\"", 1800)""}",,,0,"(#RiceCooker).ricecooker_setcookingparameters(""cooking"", 1800)",False,0.0,False,strict,False,0.0,1.0,1.0,1.0,1.0,1.0,1.0,"[""invalid_json""]",,,,,,102838,29300,1,29301,21.6716,26.2939,1352.046,31.6735,,False,/home/mgjeong/miniconda3/envs/l/bin/python,/home/mgjeong/.cache/huggingface/hub/models--google--gemma-2-9b-it/snapshots/11c9b309abf73637e4b6f9a3fa1e92e615547819,service_retrieval_fallback,10,used,hybrid,10,"[""RiceCooker"", ""Oven"", ""ArmRobot"", ""Dishwasher"", ""RobotVacuumCleaner"", ""MenuProvider"", ""Charger"", ""CarbonDioxideSensor"", ""AirConditioner"", ""FaceRecognizer""]",legacy_v13_monolith,/home/mgjeong/Desktop/llm/JOILang-Server/gpt_mg/version0_13,False,1
4,1,1,Set the siren to emergency mode.,사이렌을 응급모드로 울려줘.,"{""name"": """", 
""cron"": """", 
""period"": 0, 
""script"": ""(#Siren).siren_setsirenmode(\""emergency\"")""}",,,0,"(#Siren).siren_setsirenmode(""emergency"")",False,0.0,False,strict,False,0.0,1.0,1.0,1.0,1.0,1.0,1.0,"[""invalid_json""]",,,,,,103873,29683,1,29684,20.7757,25.5822,1428.7846,31.918,,False,/home/mgjeong/miniconda3/envs/l/bin/python,/home/mgjeong/.cache/huggingface/hub/models--google--gemma-2-9b-it/snapshots/11c9b309abf73637e4b6f9a3fa1e92e615547819,service_retrieval_fallback,10,used,hybrid,10,"[""Siren"", ""ArmRobot"", ""SoundSensor"", ""Oven"", ""Speaker"", ""AudioRecorder"", ""RiceCooker"", ""Pump"", ""Button"", ""Charger""]",legacy_v13_monolith,/home/mgjeong/Desktop/llm/JOILang-Server/gpt_mg/version0_13,False,1
5,1,1,Set the speaker volume to 30.,스피커의 볼륨을 30으로 설정해줘.,"{""name"": """", 
""cron"": """", 
""period"": 0, 
""script"": ""(#Speaker).speaker_setvolume(30)""}",,,0,(#Speaker).speaker_setvolume(30),False,0.0,False,strict,False,0.0,1.0,1.0,1.0,1.0,1.0,1.0,"[""invalid_json""]",,,,,,102018,29030,1,29031,20.8066,25.5693,1395.2784,31.5029,,False,/home/mgjeong/miniconda3/envs/l/bin/python,/home/mgjeong/.cache/huggingface/hub/models--google--gemma-2-9b-it/snapshots/11c9b309abf73637e4b6f9a3fa1e92e615547819,service_retrieval_fallback,10,used,hybrid,10,"[""Speaker"", ""SoundSensor"", ""Siren"", ""AudioRecorder"", ""ArmRobot"", ""Television"", ""PressureSensor"", ""Pump"", ""ColorControl"", ""LevelControl""]",legacy_v13_monolith,/home/mgjeong/Desktop/llm/JOILang-Server/gpt_mg/version0_13,False,1
31,2,2,Set the living room light to yellow.,거실 조명을 노란색으로 설정해줘.,"{""name"": """", 
""cron"": """", 
""period"": 0, 
""script"": ""(#LivingRoom #Light).colorcontrol_setcolor(\""255,255,0\"")""}",,,0,"(#LivingRoom #Light).colorcontrol_setcolor(""255,255,0"")",False,0.0,False,strict,False,0.0,1.0,1.0,1.0,1.0,1.0,1.0,"[""invalid_json""]",`,,,,,95119,26910,3,26913,17.2667,19.7179,1558.6649,30.1956,,False,/home/mgjeong/miniconda3/envs/l/bin/python,/home/mgjeong/.cache/huggingface/hub/models--google--gemma-2-9b-it/snapshots/11c9b309abf73637e4b6f9a3fa1e92e615547819,connected_devices_only,2,skipped_connected_devices_present,hybrid,10,[],legacy_v13_monolith,/home/mgjeong/Desktop/llm/JOILang-Server/gpt_mg/version0_13,False,2
32,2,2,Capture an image of the meeting room with the camera.,카메라로 회의실 사진을 촬영해줘.,"{""name"": """", 
""cron"": """", 
""period"": 0, 
""script"": ""(#MeetingRoom #Camera).camera_captureimage()""}",,,0,(#MeetingRoom #Camera).camera_captureimage(),False,0.0,False,strict,False,0.0,1.0,1.0,1.0,1.0,1.0,1.0,"[""invalid_json""]",,,,,,90827,25642,1,25643,15.646,18.0296,1638.9493,29.4362,,False,/home/mgjeong/miniconda3/envs/l/bin/python,/home/mgjeong/.cache/huggingface/hub/models--google--gemma-2-9b-it/snapshots/11c9b309abf73637e4b6f9a3fa1e92e615547819,connected_devices_only,2,skipped_connected_devices_present,hybrid,10,[],legacy_v13_monolith,/home/mgjeong/Desktop/llm/JOILang-Server/gpt_mg/version0_13,False,2
33,2,2,Set the brightness of the living room light to 80%.,거실 조명의 밝기를 80%로 설정해줘.,"{""name"": """", 
""cron"": """", 
""period"": 0, 
""script"": ""(#LivingRoom #Light).light_movetobrightness(80, 0)""}",,,0,"(#LivingRoom #Light).light_movetobrightness(80, 0)",False,0.0,False,strict,False,0.0,1.0,1.0,1.0,1.0,1.0,1.0,"[""invalid_json""]",,,,,,94354,26677,1,26678,16.3011,18.7013,1636.5767,30.0573,,False,/home/mgjeong/miniconda3/envs/l/bin/python,/home/mgjeong/.cache/huggingface/hub/models--google--gemma-2-9b-it/snapshots/11c9b309abf73637e4b6f9a3fa1e92e615547819,connected_devices_only,2,skipped_connected_devices_present,hybrid,10,[],legacy_v13_monolith,/home/mgjeong/Desktop/llm/JOILang-Server/gpt_mg/version0_13,False,2
34,2,2,Set all dehumidifiers in the lab to AI drying mode.,연구실 제습기를 모두 AI건조모드로 설정해줘.,"{""name"": """", 
""cron"": """", 
""period"": 0, 
""script"": ""all(#Lab #Dehumidifier).dehumidifier_setdehumidifiermode(\""AIDrying\"")""}",,,0,"all(#Lab #Dehumidifier).dehumidifier_setdehumidifiermode(""AIDrying"")",False,0.0,False,strict,False,0.0,1.0,1.0,1.0,1.0,1.0,1.0,"[""invalid_json""]",,,,,,89119,25165,1,25166,14.471,16.8778,1739.0643,29.1494,,False,/home/mgjeong/miniconda3/envs/l/bin/python,/home/mgjeong/.cache/huggingface/hub/models--google--gemma-2-9b-it/snapshots/11c9b309abf73637e4b6f9a3fa1e92e615547819,connected_devices_only,3,skipped_connected_devices_present,hybrid,10,[],legacy_v13_monolith,/home/mgjeong/Desktop/llm/JOILang-Server/gpt_mg/version0_13,False,2
35,2,2,Set the hue of the living room light to 240 and the saturation to 80.,"거실 조명의 색조는 240, 채도는 80으로 맞춰줘.","{""name"": """", 
""cron"": """", 
""period"": 0, 
""script"": ""(#LivingRoom #Light).light_movetohueandsaturation(240, 80)""}",,,0,"(#LivingRoom #Light).light_movetohueandsaturation(240, 80)",False,0.0,False,strict,False,0.0,1.0,1.0,1.0,1.0,1.0,1.0,"[""invalid_json""]",,,,,,94380,26692,1,26693,16.4424,18.8511,1623.4248,30.0655,,False,/home/mgjeong/miniconda3/envs/l/bin/python,/home/mgjeong/.cache/huggingface/hub/models--google--gemma-2-9b-it/snapshots/11c9b309abf73637e4b6f9a3fa1e92e615547819,connected_devices_only,2,skipped_connected_devices_present,hybrid,10,[],legacy_v13_monolith,/home/mgjeong/Desktop/llm/JOILang-Server/gpt_mg/version0_13,False,2
61,3,3,"If the audio recorder is recording, stop recording and save as test.mp3; otherwise, start recording.",녹음기가 녹음중이면 녹음을 중지하고 test.mp3로 저장해줘. 녹음중이 아니면 녹음을 시작해줘.,"{""name"": """", 
""cron"": """", 
""period"": 0, 
""script"": ""\nif ((#AudioRecorder).recorderstatus == \""recording\"") {\n\n    (#AudioRecorder).audiorecorder_recordstop(\""test.mp3\"")\n\n} else {\n\n    (#AudioRecorder).audiorecorder_recordstart()\n\n}""}",,,0,"
if ((#AudioRecorder).recorderstatus == ""recording"") {

    (#AudioRecorder).audiorecorder_recordstop(""test.mp3"")

} else {

    (#AudioRecorder).audiorecorder_recordstart()

}",False,0.0,False,strict,False,0.0,1.0,1.0,1.0,1.0,1.0,1.0,"[""invalid_json""]",,,,,,105467,0,0,0,0.0,48.8423,0.0,0.0,cuda_oom,True,/home/mgjeong/miniconda3/envs/l/bin/python,/home/mgjeong/.cache/huggingface/hub/models--google--gemma-2-9b-it/snapshots/11c9b309abf73637e4b6f9a3fa1e92e615547819,service_retrieval_fallback,10,used,hybrid,10,"[""AudioRecorder"", ""SoundSensor"", ""Camera"", ""ArmRobot"", ""Speaker"", ""Siren"", ""AirQualitySensor"", ""Plug"", ""PressureSensor"", ""Charger""]",legacy_v13_monolith,/home/mgjeong/Desktop/llm/JOILang-Server/gpt_mg/version0_13,False,3
62,3,3,Stop charging if the voltage is 220V or higher.,"충전 전압이 220볼트 이상이면, 충전을 멈춰줘.","{""name"": """", 
""cron"": """", 
""period"": 0, 
""script"": ""\nif ((#Charger).charger_voltage >= 220000) {\n\n    (#Charger).switch_off()\n\n}""}",,,0,"
if ((#Charger).charger_voltage >= 220000) {

    (#Charger).switch_off()

}",False,0.0,False,strict,False,0.0,1.0,1.0,1.0,1.0,1.0,1.0,"[""invalid_json""]",,,,,,101551,28828,1,28829,21.0833,25.7586,1367.3856,31.3756,,False,/home/mgjeong/miniconda3/envs/l/bin/python,/home/mgjeong/.cache/huggingface/hub/models--google--gemma-2-9b-it/snapshots/11c9b309abf73637e4b6f9a3fa1e92e615547819,service_retrieval_fallback,10,used,hybrid,10,"[""Charger"", ""Plug"", ""ArmRobot"", ""CarbonDioxideSensor"", ""PresenceVitalSensor"", ""ColorControl"", ""Pump"", ""LevelControl"", ""AudioRecorder"", ""PressureSensor""]",legacy_v13_monolith,/home/mgjeong/Desktop/llm/JOILang-Server/gpt_mg/version0_13,False,3
63,3,3,"If the cloud service is activated, upload test.png file to the cloud.","클라우드 서비스가 활성화되어있으면, test.png 파일을 클라우드에 업로드해줘.","{""name"": """", 
""cron"": """", 
""period"": 0, 
""script"": ""\nif ((#CloudServiceProvider).cloudserviceprovider_isavailable == true) {\n\n    (#CloudServiceProvider).cloudserviceprovider_uploadfile(\""test.png\"")\n\n}""}",,,0,"
if ((#CloudServiceProvider).cloudserviceprovider_isavailable == true) {

    (#CloudServiceProvider).cloudserviceprovider_uploadfile(""test.png"")

}",False,0.0,False,strict,False,0.0,1.0,1.0,1.0,1.0,1.0,1.0,"[""invalid_json""]",,,,,,108084,30719,1,30720,23.2763,28.0775,1319.7974,32.5753,,False,/home/mgjeong/miniconda3/envs/l/bin/python,/home/mgjeong/.cache/huggingface/hub/models--google--gemma-2-9b-it/snapshots/11c9b309abf73637e4b6f9a3fa1e92e615547819,service_retrieval_fallback,10,used,hybrid,10,"[""RainSensor"", ""CloudServiceProvider"", ""MenuProvider"", ""LevelControl"", ""EmailProvider"", ""WeatherProvider"", ""Charger"", ""ColorControl"", ""Button"", ""AirQualitySensor""]",legacy_v13_monolith,/home/mgjeong/Desktop/llm/JOILang-Server/gpt_mg/version0_13,False,3
64,3,3,"If the oven is in grill mode, add 4 more minutes.","오븐이 그릴 모드이면, 시간을 4분 더 추가해줘","{""name"": """", 
""cron"": """", 
""period"": 0, 
""script"": ""\nif ((#Oven).oven_ovenmode == \""grill\"") {\n\n    (#Oven).oven_addmoretime(240)\n\n}""}",,,0,"
if ((#Oven).oven_ovenmode == ""grill"") {

    (#Oven).oven_addmoretime(240)

}",False,0.0,False,strict,False,0.0,1.0,1.0,1.0,1.0,1.0,1.0,"[""invalid_json""]",,,,,,104169,0,0,0,0.0,46.8638,0.0,0.0,cuda_oom,True,/home/mgjeong/miniconda3/envs/l/bin/python,/home/mgjeong/.cache/huggingface/hub/models--google--gemma-2-9b-it/snapshots/11c9b309abf73637e4b6f9a3fa1e92e615547819,service_retrieval_fallback,10,used,hybrid,10,"[""Oven"", ""RiceCooker"", ""MenuProvider"", ""ArmRobot"", ""Dishwasher"", ""Siren"", ""Clock"", ""SmokeDetector"", ""AirConditioner"", ""Button""]",legacy_v13_monolith,/home/mgjeong/Desktop/llm/JOILang-Server/gpt_mg/version0_13,False,3
65,3,3,"If the rice cooker is on keep-warm mode, switch it to cooking mode.","밥솥이 보온 모드이면, 조리 모드로 변경해줘.","{""name"": """", 
""cron"": """", 
""period"": 0, 
""script"": ""\nif ((#RiceCooker).ricecooker_ricecookermode == \""keepWarm\"") {\n\n    (#RiceCooker).ricecooker_setricecookermode(\""cooking\"")\n\n}""}",,,0,"
if ((#RiceCooker).ricecooker_ricecookermode == ""keepWarm"") {

    (#RiceCooker).ricecooker_setricecookermode(""cooking"")

}",False,0.0,False,strict,False,0.0,1.0,1.0,1.0,1.0,1.0,1.0,"[""invalid_json""]",,,,,,100651,28619,1,28620,20.4456,25.4067,1399.8122,31.2474,,False,/home/mgjeong/miniconda3/envs/l/bin/python,/home/mgjeong/.cache/huggingface/hub/models--google--gemma-2-9b-it/snapshots/11c9b309abf73637e4b6f9a3fa1e92e615547819,service_retrieval_fallback,10,used,hybrid,10,"[""RiceCooker"", ""Oven"", ""ArmRobot"", ""AirConditioner"", ""Dishwasher"", ""RobotVacuumCleaner"", ""Switch"", ""TemperatureSensor"", ""Pump"", ""CarbonDioxideSensor""]",legacy_v13_monolith,/home/mgjeong/Desktop/llm/JOILang-Server/gpt_mg/version0_13,False,3
91,4,4,"When the contact sensor is detected, turn on the light.",접촉 센서가 감지되면 조명을 켜줘.,"{""name"": """", 
""cron"": """", 
""period"": 0, 
""script"": ""\nwait until ((#ContactSensor).contactsensor_contact == true)\n\n(#Light).switch_on()""}",,,0,"
wait until ((#ContactSensor).contactsensor_contact == true)

(#Light).switch_on()",False,0.0,False,strict,False,0.0,1.0,1.0,1.0,1.0,1.0,1.0,"[""invalid_json""]",,,,,,101251,28727,1,28728,20.6927,25.4454,1388.3157,31.3128,,False,/home/mgjeong/miniconda3/envs/l/bin/python,/home/mgjeong/.cache/huggingface/hub/models--google--gemma-2-9b-it/snapshots/11c9b309abf73637e4b6f9a3fa1e92e615547819,service_retrieval_fallback,10,used,hybrid,10,"[""PresenceSensor"", ""ContactSensor"", ""LightSensor"", ""PresenceVitalSensor"", ""Light"", ""MotionSensor"", ""CarbonDioxideSensor"", ""TemperatureSensor"", ""Button"", ""ColorControl""]",legacy_v13_monolith,/home/mgjeong/Desktop/llm/JOILang-Server/gpt_mg/version0_13,False,4
92,4,4,"When the presence sensor detects someone, turn on the TV.",재실 센서가 감지되면 TV를 켜줘.,"{""name"": """", 
""cron"": """", 
""period"": 0, 
""script"": ""\nwait until ((#PresenceSensor).presencesensor_presence == true)\n\n(#Television).switch_on()""}",,,0,"
wait until ((#PresenceSensor).presencesensor_presence == true)

(#Television).switch_on()",False,0.0,False,strict,False,0.0,1.0,1.0,1.0,1.0,1.0,1.0,"[""invalid_json""]",,,,,,97831,27719,1,27720,16.9904,21.7423,1631.5096,30.6893,,False,/home/mgjeong/miniconda3/envs/l/bin/python,/home/mgjeong/.cache/huggingface/hub/models--google--gemma-2-9b-it/snapshots/11c9b309abf73637e4b6f9a3fa1e92e615547819,service_retrieval_fallback,10,used,hybrid,10,"[""PresenceSensor"", ""Television"", ""PresenceVitalSensor"", ""TemperatureSensor"", ""CarbonDioxideSensor"", ""Switch"", ""ContactSensor"", ""MotionSensor"", ""ArmRobot"", ""PressureSensor""]",legacy_v13_monolith,/home/mgjeong/Desktop/llm/JOILang-Server/gpt_mg/version0_13,False,4
93,4,4,"When the sound sensor value exceeds 50, stop speaker playback.",소리 센서의 수치가 50보다 커지면 스피커 재생을 멈춰줘.,"{""name"": """", 
""cron"": """", 
""period"": 0, 
""script"": ""\nwait until ((#SoundSensor).soundsensor_sound > 50)\n\n(#Speaker).speaker_stop()""}",,,0,"
wait until ((#SoundSensor).soundsensor_sound > 50)

(#Speaker).speaker_stop()",False,0.0,False,strict,False,0.0,1.0,1.0,1.0,1.0,1.0,1.0,"[""invalid_json""]",,,,,,101469,28792,1,28793,19.3163,23.9312,1490.6064,30.4711,,False,/home/mgjeong/miniconda3/envs/l/bin/python,/home/mgjeong/.cache/huggingface/hub/models--google--gemma-2-9b-it/snapshots/11c9b309abf73637e4b6f9a3fa1e92e615547819,service_retrieval_fallback,10,used,hybrid,10,"[""Speaker"", ""SoundSensor"", ""AudioRecorder"", ""Siren"", ""PresenceSensor"", ""PressureSensor"", ""ContactSensor"", ""PresenceVitalSensor"", ""ArmRobot"", ""LeakSensor""]",legacy_v13_monolith,/home/mgjeong/Desktop/llm/JOILang-Server/gpt_mg/version0_13,False,4
94,4,4,"When it rains, turn on the dehumidifier.",비가 오면 제습기를 켜줘.,"{""name"": """", 
""cron"": """", 
""period"": 0, 
""script"": ""\nwait until ((#RainSensor).rainsensor_rain == true)\n\n(#Dehumidifier).switch_on()""}",,,0,"
wait until ((#RainSensor).rainsensor_rain == true)

(#Dehumidifier).switch_on()",False,0.0,False,strict,False,0.0,1.0,1.0,1.0,1.0,1.0,1.0,"[""invalid_json""]",,,,,,101129,28769,1,28770,21.1597,25.9139,1359.6601,31.3413,,False,/home/mgjeong/miniconda3/envs/l/bin/python,/home/mgjeong/.cache/huggingface/hub/models--google--gemma-2-9b-it/snapshots/11c9b309abf73637e4b6f9a3fa1e92e615547819,service_retrieval_fallback,10,used,hybrid,10,"[""HumiditySensor"", ""RainSensor"", ""Dehumidifier"", ""Humidifier"", ""WeatherProvider"", ""ArmRobot"", ""Dishwasher"", ""AirConditioner"", ""Pump"", ""LaundryDryer""]",legacy_v13_monolith,/home/mgjeong/Desktop/llm/JOILang-Server/gpt_mg/version0_13,False,4
95,4,4,"When the brightness falls below 100 lux, turn on the light.",밝기가 100 럭스 미만이 되면 조명을 켜줘.,"{""name"": """", 
""cron"": """", 
""period"": 0, 
""script"": ""\nwait until ((#LightSensor).lightsensor_brightness < 100)\n\n(#Light).switch_on()""}",,,0,"
wait until ((#LightSensor).lightsensor_brightness < 100)

(#Light).switch_on()",False,0.0,False,strict,False,0.0,1.0,1.0,1.0,1.0,1.0,1.0,"[""invalid_json""]",,,,,,104103,29668,1,29669,21.3901,26.1946,1387.0435,31.907,,False,/home/mgjeong/miniconda3/envs/l/bin/python,/home/mgjeong/.cache/huggingface/hub/models--google--gemma-2-9b-it/snapshots/11c9b309abf73637e4b6f9a3fa1e92e615547819,service_retrieval_fallback,10,used,hybrid,10,"[""LightSensor"", ""Light"", ""ColorControl"", ""DimmerSwitch"", ""ArmRobot"", ""Switch"", ""Plug"", ""Charger"", ""SmokeDetector"", ""Television""]",legacy_v13_monolith,/home/mgjeong/Desktop/llm/JOILang-Server/gpt_mg/version0_13,False,4
121,5,5,Switch the TV to channel 7 and switch to channel 11 after 1 hour.,TV 채널을 7번으로 바꾸고 1시간 뒤에 11번으로 바꿔줘.,"{""name"": """", 
""cron"": """", 
""period"": 0, 
""script"": ""\n(#Television).television_setchannel(7)\n\ndelay(1 HOUR)\n\n(#Television).television_setchannel(11)""}",,,0,"
(#Television).television_setchannel(7)

delay(1 HOUR)

(#Television).television_setchannel(11)",False,0.0,False,strict,False,0.0,1.0,1.0,1.0,1.0,1.0,1.0,"[""invalid_json""]",,,,,,109619,0,0,0,0.0,48.9558,0.0,0.0,cuda_oom,True,/home/mgjeong/miniconda3/envs/l/bin/python,/home/mgjeong/.cache/huggingface/hub/models--google--gemma-2-9b-it/snapshots/11c9b309abf73637e4b6f9a3fa1e92e615547819,service_retrieval_fallback,10,used,hybrid,10,"[""Television"", ""Switch"", ""TapDialSwitch"", ""LevelControl"", ""Clock"", ""ArmRobot"", ""DimmerSwitch"", ""Oven"", ""Speaker"", ""Dishwasher""]",legacy_v13_monolith,/home/mgjeong/Desktop/llm/JOILang-Server/gpt_mg/version0_13,False,5
122,5,5,Set the air conditioner to cool mode and switch to auto mode after 30 minutes.,에어컨을 냉방 모드로 설정하고 30분 뒤에 자동 모드로 설정해줘.,"{""name"": """", 
""cron"": """", 
""period"": 0, 
""script"": ""\n(#AirConditioner).airconditioner_setairconditionermode(\""cool\"")\n\ndelay(30 MIN)\n\n(#AirConditioner).airconditioner_setairconditionermode(\""auto\"")""}",,,0,"
(#AirConditioner).airconditioner_setairconditionermode(""cool"")

delay(30 MIN)

(#AirConditioner).airconditioner_setairconditionermode(""auto"")",False,0.0,False,strict,False,0.0,1.0,1.0,1.0,1.0,1.0,1.0,"[""invalid_json""]",,,,,,103168,29378,1,29379,20.6521,25.3896,1422.5672,31.7233,,False,/home/mgjeong/miniconda3/envs/l/bin/python,/home/mgjeong/.cache/huggingface/hub/models--google--gemma-2-9b-it/snapshots/11c9b309abf73637e4b6f9a3fa1e92e615547819,service_retrieval_fallback,10,used,hybrid,10,"[""AirConditioner"", ""AirPurifier"", ""ArmRobot"", ""AirQualitySensor"", ""Dishwasher"", ""Oven"", ""LaundryDryer"", ""Dehumidifier"", ""TemperatureSensor"", ""RobotVacuumCleaner""]",legacy_v13_monolith,/home/mgjeong/Desktop/llm/JOILang-Server/gpt_mg/version0_13,False,5
123,5,5,Set the air purifier to auto mode and switch to sleep mode after 2 hours.,공기청정기를 자동 모드로 설정하고 2시간 뒤에 수면 모드로 설정해줘.,"{""name"": """", 
""cron"": """", 
""period"": 0, 
""script"": ""\n(#AirPurifier).airpurifier_setairpurifiermode(\""auto\"")\n\ndelay(2 HOUR)\n\n(#AirPurifier).airpurifier_setairpurifiermode(\""sleep\"")""}",,,0,"
(#AirPurifier).airpurifier_setairpurifiermode(""auto"")

delay(2 HOUR)

(#AirPurifier).airpurifier_setairpurifiermode(""sleep"")",False,0.0,False,strict,False,0.0,1.0,1.0,1.0,1.0,1.0,1.0,"[""invalid_json""]",,,,,,102220,29116,1,29117,20.3927,24.9452,1427.8149,31.5573,,False,/home/mgjeong/miniconda3/envs/l/bin/python,/home/mgjeong/.cache/huggingface/hub/models--google--gemma-2-9b-it/snapshots/11c9b309abf73637e4b6f9a3fa1e92e615547819,service_retrieval_fallback,10,used,hybrid,10,"[""AirPurifier"", ""AirConditioner"", ""Dishwasher"", ""AirQualitySensor"", ""RobotVacuumCleaner"", ""LaundryDryer"", ""ArmRobot"", ""Dehumidifier"", ""Pump"", ""Humidifier""]",legacy_v13_monolith,/home/mgjeong/Desktop/llm/JOILang-Server/gpt_mg/version0_13,False,5
124,5,5,Set the air conditioner temperature to 24 degrees and change it to 26 degrees after 1 hour.,에어컨 온도를 24도로 설정하고 1시간 뒤에 26도로 설정해줘.,"{""name"": """", 
""cron"": """", 
""period"": 0, 
""script"": ""\n(#AirConditioner).airconditioner_settargettemperature(24)\n\ndelay(1 HOUR)\n\n(#AirConditioner).airconditioner_settargettemperature(26)""}",,,0,"
(#AirConditioner).airconditioner_settargettemperature(24)

delay(1 HOUR)

(#AirConditioner).airconditioner_settargettemperature(26)",False,0.0,False,strict,False,0.0,1.0,1.0,1.0,1.0,1.0,1.0,"[""invalid_json""]",,,,,,105187,0,0,0,0.0,49.0286,0.0,0.0,cuda_oom,True,/home/mgjeong/miniconda3/envs/l/bin/python,/home/mgjeong/.cache/huggingface/hub/models--google--gemma-2-9b-it/snapshots/11c9b309abf73637e4b6f9a3fa1e92e615547819,service_retrieval_fallback,10,used,hybrid,10,"[""TemperatureSensor"", ""AirConditioner"", ""AirPurifier"", ""AirQualitySensor"", ""ArmRobot"", ""Dishwasher"", ""LaundryDryer"", ""Oven"", ""WeatherProvider"", ""Dehumidifier""]",legacy_v13_monolith,/home/mgjeong/Desktop/llm/JOILang-Server/gpt_mg/version0_13,False,5
125,5,5,Set the oven mode to Bake and change it to warming mode after 10 minutes.,오븐 모드를 베이크로 설정하고 10분 뒤에 데우기 모드로 바꿔줘.,"{""name"": """", 
""cron"": """", 
""period"": 0, 
""script"": ""\n(#Oven).oven_setovenmode(\""Bake\"")\n\ndelay(10 MIN)\n\n(#Oven).oven_setovenmode(\""warming\"")""}",,,0,"
(#Oven).oven_setovenmode(""Bake"")

delay(10 MIN)

(#Oven).oven_setovenmode(""warming"")",False,0.0,False,strict,False,0.0,1.0,1.0,1.0,1.0,1.0,1.0,"[""invalid_json""]",,,,,,101847,29139,1,29140,21.2278,25.9489,1372.7282,31.5716,,False,/home/mgjeong/miniconda3/envs/l/bin/python,/home/mgjeong/.cache/huggingface/hub/models--google--gemma-2-9b-it/snapshots/11c9b309abf73637e4b6f9a3fa1e92e615547819,service_retrieval_fallback,10,used,hybrid,10,"[""Oven"", ""RiceCooker"", ""AirConditioner"", ""ArmRobot"", ""Dishwasher"", ""LaundryDryer"", ""Pump"", ""MenuProvider"", ""Button"", ""SmokeDetector""]",legacy_v13_monolith,/home/mgjeong/Desktop/llm/JOILang-Server/gpt_mg/version0_13,False,5
151,6,6,"If the temperature is 28 degrees or higher and the humidity is 70% or higher, set the air conditioner to cool mode and 24 degrees.","온도가 28도 이상이고 습도가 70% 이상이면, 에어컨을 냉방 모드로 설정하고 온도를 24도로 맞춰줘.","{""name"": """", ""cron"": """", ""period"": 0, ""script"": ""\nif ((#TemperatureSensor).temperaturesensor_temperature >= 28 and (#HumiditySensor).humiditysensor_humidity >= 70) {\n\n    (#AirConditioner).airconditioner_setairconditionermode(\""cool\"")\n\n    (#AirConditioner).airconditioner_settargettemperature(24)\n \n}""}",,,0,"
if ((#TemperatureSensor).temperaturesensor_temperature >= 28 and (#HumiditySensor).humiditysensor_humidity >= 70) {

    (#AirConditioner).airconditioner_setairconditionermode(""cool"")

    (#AirConditioner).airconditioner_settargettemperature(24)
 
}",False,0.0,False,strict,False,0.0,1.0,1.0,1.0,1.0,1.0,1.0,"[""invalid_json""]",,,,,,103479,29473,1,29474,21.5729,26.346,1366.2512,31.784,,False,/home/mgjeong/miniconda3/envs/l/bin/python,/home/mgjeong/.cache/huggingface/hub/models--google--gemma-2-9b-it/snapshots/11c9b309abf73637e4b6f9a3fa1e92e615547819,service_retrieval_fallback,10,used,hybrid,10,"[""HumiditySensor"", ""TemperatureSensor"", ""AirConditioner"", ""AirPurifier"", ""AirQualitySensor"", ""WeatherProvider"", ""Dehumidifier"", ""Dishwasher"", ""ArmRobot"", ""LaundryDryer""]",legacy_v13_monolith,/home/mgjeong/Desktop/llm/JOILang-Server/gpt_mg/version0_13,False,6
152,6,6,"If the carbon dioxide concentration is 1200ppm or higher and person is being detected, set the air purifier to high mode and announce a warning using the speaker.","이산화탄소 농도가 1200ppm 이상이고 사람이 감지되고 있으면, 공기청정기를 강풍으로 바꾸고 스피커로 경고해줘.","{""name"": """", ""cron"": """", ""period"": 0, ""script"": ""\nif ((#AirQualitySensor).airqualitysensor_carbondioxide >= 1200 and (#PresenceSensor).presencesensor_presence == true) {\n\n    (#AirPurifier).airpurifier_setairpurifiermode(\""high\"")\n\n    (#Speaker).speaker_speak(\""이산화탄소 농도가 높습니다.\"")\n\n}""}",,,0,"
if ((#AirQualitySensor).airqualitysensor_carbondioxide >= 1200 and (#PresenceSensor).presencesensor_presence == true) {

    (#AirPurifier).airpurifier_setairpurifiermode(""high"")

    (#Speaker).speaker_speak(""이산화탄소 농도가 높습니다."")

}",False,0.0,False,strict,False,0.0,1.0,1.0,1.0,1.0,1.0,1.0,"[""invalid_json""]",,,,,,104426,29648,1,29649,18.7136,23.5242,1584.3558,30.944,,False,/home/mgjeong/miniconda3/envs/l/bin/python,/home/mgjeong/.cache/huggingface/hub/models--google--gemma-2-9b-it/snapshots/11c9b309abf73637e4b6f9a3fa1e92e615547819,service_retrieval_fallback,10,used,hybrid,10,"[""PresenceSensor"", ""Speaker"", ""AirQualitySensor"", ""CarbonDioxideSensor"", ""AirPurifier"", ""AirConditioner"", ""RobotVacuumCleaner"", ""Charger"", ""PresenceVitalSensor"", ""SmokeDetector""]",legacy_v13_monolith,/home/mgjeong/Desktop/llm/JOILang-Server/gpt_mg/version0_13,False,6
153,6,6,"If it is raining and the humidity is 80% or higher, set the dehumidifier to drying mode and output ""It's raining and himidity is high"" through the speaker.","비가 오고 있고 습도가 80% 이상이면, 제습기를 건조 모드로 작동시키고 ""비가 오고 습도가 높습니다""라고 스피커로 출력해줘.","{""name"": """", ""cron"": """", ""period"": 0, ""script"": ""\nif ((#RainSensor).rainsensor_rain == true and (#HumiditySensor).humiditysensor_humidity >= 80) {\n\n    (#Dehumidifier).dehumidifier_setdehumidifiermode(\""drying\"")\n\n    (#Speaker).speaker_speak(\""비가 오고 습도가 높습니다.\"")\n\n}""}",,,0,"
if ((#RainSensor).rainsensor_rain == true and (#HumiditySensor).humiditysensor_humidity >= 80) {

    (#Dehumidifier).dehumidifier_setdehumidifiermode(""drying"")

    (#Speaker).speaker_speak(""비가 오고 습도가 높습니다."")

}",False,0.0,False,strict,False,0.0,1.0,1.0,1.0,1.0,1.0,1.0,"[""invalid_json""]",,,,,,103614,29558,1,29559,21.252,25.845,1390.8809,31.8347,,False,/home/mgjeong/miniconda3/envs/l/bin/python,/home/mgjeong/.cache/huggingface/hub/models--google--gemma-2-9b-it/snapshots/11c9b309abf73637e4b6f9a3fa1e92e615547819,service_retrieval_fallback,10,used,hybrid,10,"[""HumiditySensor"", ""Speaker"", ""RainSensor"", ""Dehumidifier"", ""Humidifier"", ""WeatherProvider"", ""AirQualitySensor"", ""Dishwasher"", ""Pump"", ""AirPurifier""]",legacy_v13_monolith,/home/mgjeong/Desktop/llm/JOILang-Server/gpt_mg/version0_13,False,6
154,6,6,"If the noise level is 70 or higher and no one is home, take a photo with the camera and sound the police siren.","소음 수치가 70 이상이고 집에 아무도 없으면, 카메라로 사진을 찍고 경찰 사이렌을 울려줘.","{""name"": """", ""cron"": """", ""period"": 0, ""script"": ""\nif ((#SoundSensor).soundsensor_sound >= 70 and (#PresenceSensor).presencesensor_presence == false) {\n\n    (#Camera).camera_captureimage()\n\n    (#Siren).siren_setsirenmode(\""police\"")\n\n}""}",,,0,"
if ((#SoundSensor).soundsensor_sound >= 70 and (#PresenceSensor).presencesensor_presence == false) {

    (#Camera).camera_captureimage()

    (#Siren).siren_setsirenmode(""police"")

}",False,0.0,False,strict,False,0.0,1.0,1.0,1.0,1.0,1.0,1.0,"[""invalid_json""]",,,,,,101832,28908,1,28909,21.0389,25.815,1374.0737,31.4256,,False,/home/mgjeong/miniconda3/envs/l/bin/python,/home/mgjeong/.cache/huggingface/hub/models--google--gemma-2-9b-it/snapshots/11c9b309abf73637e4b6f9a3fa1e92e615547819,service_retrieval_fallback,10,used,hybrid,10,"[""PresenceSensor"", ""Siren"", ""Camera"", ""SoundSensor"", ""PresenceVitalSensor"", ""AudioRecorder"", ""AirQualitySensor"", ""ColorControl"", ""PressureSensor"", ""CarbonDioxideSensor""]",legacy_v13_monolith,/home/mgjeong/Desktop/llm/JOILang-Server/gpt_mg/version0_13,False,6
155,6,6,"If the illuminance is 100 lux or lower and a person is being detected, set the speaker volume to 30 and play relax.mp3 music.","조도가 100 럭스 이하이고 사람이 감지되고 있으면, 스피커 볼륨을 30으로 설정하고 relax.mp3 음악을 재생해줘.","{""name"": """", ""cron"": """", ""period"": 0, ""script"": ""\nif ((#LightSensor).lightsensor_brightness <= 100 and (#PresenceSensor).presencesensor_presence == true) {\n\n    (#Speaker).speaker_setvolume(30)\n\n    (#Speaker).speaker_play(\""relax.mp3\"")\n\n}""}",,,0,"
if ((#LightSensor).lightsensor_brightness <= 100 and (#PresenceSensor).presencesensor_presence == true) {

    (#Speaker).speaker_setvolume(30)

    (#Speaker).speaker_play(""relax.mp3"")

}",False,0.0,False,strict,False,0.0,1.0,1.0,1.0,1.0,1.0,1.0,"[""invalid_json""]",,,,,,108185,30766,1,30767,24.4877,29.2449,1256.4267,32.6059,,False,/home/mgjeong/miniconda3/envs/l/bin/python,/home/mgjeong/.cache/huggingface/hub/models--google--gemma-2-9b-it/snapshots/11c9b309abf73637e4b6f9a3fa1e92e615547819,service_retrieval_fallback,10,used,hybrid,10,"[""LightSensor"", ""PresenceSensor"", ""Speaker"", ""PresenceVitalSensor"", ""AudioRecorder"", ""SoundSensor"", ""Plug"", ""Siren"", ""Light"", ""ArmRobot""]",legacy_v13_monolith,/home/mgjeong/Desktop/llm/JOILang-Server/gpt_mg/version0_13,False,6
181,7,7,"Every 10 minutes, if the temperature is 30 degrees or higher, set the air conditioner to cool mode.",10분마다 확인해서 온도가 30도 이상이면 에어컨을 쿨모드로 설정해줘.,"{""name"": """", 
""cron"": """", 
""period"": 600000, 
""script"": ""\nif ((#TemperatureSensor).temperaturesensor_temperature >= 30) {\n\n    (#AirConditioner).airconditioner_setairconditionermode(\""cool\"")\n\n}""}",,,600000,"
if ((#TemperatureSensor).temperaturesensor_temperature >= 30) {

    (#AirConditioner).airconditioner_setairconditionermode(""cool"")

}",False,0.0,False,strict,False,0.0,1.0,1.0,1.0,1.0,1.0,1.0,"[""invalid_json""]",,,,,,105199,30012,1,30013,22.0565,26.8115,1360.7327,32.1241,,False,/home/mgjeong/miniconda3/envs/l/bin/python,/home/mgjeong/.cache/huggingface/hub/models--google--gemma-2-9b-it/snapshots/11c9b309abf73637e4b6f9a3fa1e92e615547819,service_retrieval_fallback,10,used,hybrid,10,"[""TemperatureSensor"", ""AirConditioner"", ""AirPurifier"", ""AirQualitySensor"", ""ArmRobot"", ""Oven"", ""LaundryDryer"", ""Dishwasher"", ""WeatherProvider"", ""Dehumidifier""]",legacy_v13_monolith,/home/mgjeong/Desktop/llm/JOILang-Server/gpt_mg/version0_13,False,7
182,7,7,"Every 30 minutes, if the temperature is 20 degrees or higher and below 30 degrees, set the air conditioner to auto mode; if it is 30 degrees or higher, set it to cool mode.","30분마다 체크해서 온도가 20도 이상, 30도 미만이면 에어컨을 자동모드로 설정하고, 30도 이상이면 쿨모드로 설정해줘.","{""name"": """", 
""cron"": """", 
""period"": 1800000, 
""script"": ""\ntemp = (#TemperatureSensor).temperaturesensor_temperature\n\nif (temp >= 20 and temp < 30) {\n\n    (#AirConditioner).airconditioner_setairconditionermode(\""auto\"")\n\n} else if (temp >= 30) {\n\n    (#AirConditioner).airconditioner_setairconditionermode(\""cool\"")\n\n}""}",,,1800000,"
temp = (#TemperatureSensor).temperaturesensor_temperature

if (temp >= 20 and temp < 30) {

    (#AirConditioner).airconditioner_setairconditionermode(""auto"")

} else if (temp >= 30) {

    (#AirConditioner).airconditioner_setairconditionermode(""cool"")

}",False,0.0,False,strict,False,0.0,1.0,1.0,1.0,1.0,1.0,1.0,"[""invalid_json""]",".

.

.

.

.


.


.


.


.


.


.


.

.",,,,,105301,30056,41,30097,22.935,27.717,1312.2738,31.1662,,False,/home/mgjeong/miniconda3/envs/l/bin/python,/home/mgjeong/.cache/huggingface/hub/models--google--gemma-2-9b-it/snapshots/11c9b309abf73637e4b6f9a3fa1e92e615547819,service_retrieval_fallback,10,used,hybrid,10,"[""TemperatureSensor"", ""AirConditioner"", ""AirPurifier"", ""AirQualitySensor"", ""ArmRobot"", ""LaundryDryer"", ""Oven"", ""Dishwasher"", ""Dehumidifier"", ""WeatherProvider""]",legacy_v13_monolith,/home/mgjeong/Desktop/llm/JOILang-Server/gpt_mg/version0_13,False,7
183,7,7,Lock the doorlock every day at midnight.,매일 자정에 도어락을 잠궈줘.,"{""name"": """", 
""cron"": ""0 0 * * *"", 
""period"": 0, 
""script"": ""\n(#DoorLock).doorlock_lock()""}",,0 0 * * *,0,"
(#DoorLock).doorlock_lock()",False,0.0,False,strict,False,0.0,1.0,1.0,1.0,1.0,1.0,1.0,"[""invalid_json""]",,,,,,104492,29965,1,29966,22.2997,26.9795,1343.7849,32.0919,,False,/home/mgjeong/miniconda3/envs/l/bin/python,/home/mgjeong/.cache/huggingface/hub/models--google--gemma-2-9b-it/snapshots/11c9b309abf73637e4b6f9a3fa1e92e615547819,service_retrieval_fallback,10,used,hybrid,10,"[""Door"", ""DoorLock"", ""Safe"", ""ArmRobot"", ""Clock"", ""Plug"", ""LaundryDryer"", ""Dishwasher"", ""WindowCovering"", ""Charger""]",legacy_v13_monolith,/home/mgjeong/Desktop/llm/JOILang-Server/gpt_mg/version0_13,False,7
184,7,7,"On weekends at 3 PM, check for leakage; if detected, set the siren to emergency mode.",주말 오후 3시에 누수를 체크해서 감지되면 긴급 사이렌을 울려줘.,"{""name"": """", 
""cron"": ""0 15 * * 6,7"", 
""period"": 0, 
""script"": ""\nif ((#LeakSensor).leaksensor_leakage == true) {\n\n    (#Siren).siren_setsirenmode(\""emergency\"")\n}""}",,"0 15 * * 6,7",0,"
if ((#LeakSensor).leaksensor_leakage == true) {

    (#Siren).siren_setsirenmode(""emergency"")
}",False,0.0,False,strict,False,0.0,1.0,1.0,1.0,1.0,1.0,1.0,"[""invalid_json""]",,,,,,100200,28507,1,28508,19.626,24.2043,1452.5629,31.1806,,False,/home/mgjeong/miniconda3/envs/l/bin/python,/home/mgjeong/.cache/huggingface/hub/models--google--gemma-2-9b-it/snapshots/11c9b309abf73637e4b6f9a3fa1e92e615547819,service_retrieval_fallback,10,used,hybrid,10,"[""PresenceSensor"", ""Siren"", ""LeakSensor"", ""Pump"", ""ArmRobot"", ""Charger"", ""PresenceVitalSensor"", ""Oven"", ""Safe"", ""RainSensor""]",legacy_v13_monolith,/home/mgjeong/Desktop/llm/JOILang-Server/gpt_mg/version0_13,False,7
185,7,7,Set the rice cooker to reheating mode every morning at 7 AM.,매일 아침 7시에 밥솥을 재가열 모드로 설정해줘.,"{""name"": """", 
""cron"": ""0 7 * * *"", 
""period"": 0, 
""script"": ""\n(#RiceCooker).ricecooker_setricecookermode(\""reheating\"")""}",,0 7 * * *,0,"
(#RiceCooker).ricecooker_setricecookermode(""reheating"")",False,0.0,False,strict,False,0.0,1.0,1.0,1.0,1.0,1.0,1.0,"[""invalid_json""]",,,,,,103190,29386,1,29387,21.8096,26.581,1347.4342,31.7288,,False,/home/mgjeong/miniconda3/envs/l/bin/python,/home/mgjeong/.cache/huggingface/hub/models--google--gemma-2-9b-it/snapshots/11c9b309abf73637e4b6f9a3fa1e92e615547819,service_retrieval_fallback,10,used,hybrid,10,"[""RiceCooker"", ""Oven"", ""ArmRobot"", ""Dishwasher"", ""AirConditioner"", ""RobotVacuumCleaner"", ""Television"", ""Charger"", ""Pump"", ""LaundryDryer""]",legacy_v13_monolith,/home/mgjeong/Desktop/llm/JOILang-Server/gpt_mg/version0_13,False,7
231,8,8,"Every hour, repeat opening and closing the door.",1시간마다 문을 열었다 닫았다 반복해줘.,"{""name"": """", 
""cron"": """", 
""period"": 3600000, 
""script"": ""\nopen := false\n\nif (open == false) {\n\n    (#Door).door_open()\n\n    open = true\n\n} else {\n\n    (#Door).door_close()\n\n    open = false\n\n}""}",,,3600000,"
open := false

if (open == false) {

    (#Door).door_open()

    open = true

} else {

    (#Door).door_close()

    open = false

}",False,0.0,False,strict,False,0.0,1.0,1.0,1.0,1.0,1.0,1.0,"[""invalid_json""]",,,,,,104581,30113,1,30114,22.3278,27.0998,1348.7222,32.1889,,False,/home/mgjeong/miniconda3/envs/l/bin/python,/home/mgjeong/.cache/huggingface/hub/models--google--gemma-2-9b-it/snapshots/11c9b309abf73637e4b6f9a3fa1e92e615547819,service_retrieval_fallback,10,used,hybrid,10,"[""Door"", ""DoorLock"", ""Clock"", ""ArmRobot"", ""Safe"", ""Oven"", ""Button"", ""Valve"", ""TapDialSwitch"", ""Charger""]",legacy_v13_monolith,/home/mgjeong/Desktop/llm/JOILang-Server/gpt_mg/version0_13,False,8
232,8,8,"Every 5 minutes from 1 PM to 3 PM, repeat opening and closing the valve.",오후 1시부터 3시까지 5분마다 벨브를 열었다 닫았다 반복해줘.,"{""name"": """", 
""cron"": ""*/5 13-14 * * *"", 
""period"": 0, 
""script"": ""\nopen := false\n\nif (open == false) {\n\n    (#Valve).valve_open()\n\n    open = true\n\n} else {\n\n    (#Valve).valve_close()\n\n    open = false\n\n}""}",,*/5 13-14 * * *,0,"
open := false

if (open == false) {

    (#Valve).valve_open()

    open = true

} else {

    (#Valve).valve_close()

    open = false

}",False,0.0,False,strict,False,0.0,1.0,1.0,1.0,1.0,1.0,1.0,"[""invalid_json""]",,,,,,107130,30781,1,30782,23.6395,28.4662,1302.1426,32.6184,,False,/home/mgjeong/miniconda3/envs/l/bin/python,/home/mgjeong/.cache/huggingface/hub/models--google--gemma-2-9b-it/snapshots/11c9b309abf73637e4b6f9a3fa1e92e615547819,service_retrieval_fallback,10,used,hybrid,10,"[""Valve"", ""ArmRobot"", ""TapDialSwitch"", ""Pump"", ""LevelControl"", ""Door"", ""Button"", ""PresenceVitalSensor"", ""Clock"", ""Oven""]",legacy_v13_monolith,/home/mgjeong/Desktop/llm/JOILang-Server/gpt_mg/version0_13,False,8
233,8,8,"Every 30 minutes, toggle the living room air purifier between sleep mode and auto mode.",30분마다 거실 공기청정기를 수면모드와 자동모드 사이에서 전환해줘.,"{""name"": """", 
""cron"": """", 
""period"": 1800000,
""script"": ""\nmode := 0\n\nif (mode == 0) {\n\n    (#LivingRoom #AirPurifier).airpurifier_setairpurifiermode(\""sleep\"")\n\n    mode = 1\n\n} else {\n\n    (#LivingRoom #AirPurifier).airpurifier_setairpurifiermode(\""auto\"")\n\n    mode = 0\n\n}""}",,,1800000,"
mode := 0

if (mode == 0) {

    (#LivingRoom #AirPurifier).airpurifier_setairpurifiermode(""sleep"")

    mode = 1

} else {

    (#LivingRoom #AirPurifier).airpurifier_setairpurifiermode(""auto"")

    mode = 0

}",False,0.0,False,strict,False,0.0,1.0,1.0,1.0,1.0,1.0,1.0,"[""invalid_json""]",,,,,,103632,29549,1,29550,21.3449,26.0277,1384.4056,31.8326,,False,/home/mgjeong/miniconda3/envs/l/bin/python,/home/mgjeong/.cache/huggingface/hub/models--google--gemma-2-9b-it/snapshots/11c9b309abf73637e4b6f9a3fa1e92e615547819,service_retrieval_fallback,10,used,hybrid,10,"[""AirPurifier"", ""AirConditioner"", ""Dishwasher"", ""AirQualitySensor"", ""RobotVacuumCleaner"", ""LaundryDryer"", ""ArmRobot"", ""Dehumidifier"", ""Humidifier"", ""Oven""]",legacy_v13_monolith,/home/mgjeong/Desktop/llm/JOILang-Server/gpt_mg/version0_13,False,8
234,8,8,Repeat opening and closing the window every 10 minutes.,10분마다 창문을 열었다 닫았다 반복해줘.,"{""name"": """", 
""cron"": """", 
""period"": 600000,
""script"": ""\nopen := false\n\nif (open == false) {\n\n    (#Window).windowcovering_uporopen()\n\n    open = true\n\n} else {\n\n    (#Window).windowcovering_downorclose()\n\n    open = false\n\n}""}",,,600000,"
open := false

if (open == false) {

    (#Window).windowcovering_uporopen()

    open = true

} else {

    (#Window).windowcovering_downorclose()

    open = false

}",False,0.0,False,strict,False,0.0,1.0,1.0,1.0,1.0,1.0,1.0,"[""invalid_json""]",,,,,,105776,30402,1,30403,23.0902,27.9415,1316.7058,32.3722,,False,/home/mgjeong/miniconda3/envs/l/bin/python,/home/mgjeong/.cache/huggingface/hub/models--google--gemma-2-9b-it/snapshots/11c9b309abf73637e4b6f9a3fa1e92e615547819,service_retrieval_fallback,10,used,hybrid,10,"[""WindowCovering"", ""ArmRobot"", ""Door"", ""DoorLock"", ""Button"", ""Safe"", ""AirConditioner"", ""Clock"", ""Valve"", ""WeatherProvider""]",legacy_v13_monolith,/home/mgjeong/Desktop/llm/JOILang-Server/gpt_mg/version0_13,False,8
235,8,8,"Every 30 minutes, toggle the air purifier between sleep mode and high speed mode.",30분마다 공기청정기를 수면모드와 강풍모드 사이에서 전환해줘.,"{""name"": """", 
""cron"": """", 
""period"": 1800000,
""script"": ""\nmode := 0\n\nif (mode == 0) {\n\n    (#AirPurifier).airpurifier_setairpurifiermode(\""sleep\"")\n\n    mode = 1\n\n} else {\n\n    (#AirPurifier).airpurifier_setairpurifiermode(\""high\"")\n\n    mode = 0\n\n}""}",,,1800000,"
mode := 0

if (mode == 0) {

    (#AirPurifier).airpurifier_setairpurifiermode(""sleep"")

    mode = 1

} else {

    (#AirPurifier).airpurifier_setairpurifiermode(""high"")

    mode = 0

}",False,0.0,False,strict,False,0.0,1.0,1.0,1.0,1.0,1.0,1.0,"[""invalid_json""]",,,,,,102388,29154,1,29155,21.2626,26.0347,1371.187,31.5816,,False,/home/mgjeong/miniconda3/envs/l/bin/python,/home/mgjeong/.cache/huggingface/hub/models--google--gemma-2-9b-it/snapshots/11c9b309abf73637e4b6f9a3fa1e92e615547819,service_retrieval_fallback,10,used,hybrid,10,"[""AirPurifier"", ""AirConditioner"", ""AirQualitySensor"", ""LaundryDryer"", ""Dishwasher"", ""RobotVacuumCleaner"", ""ArmRobot"", ""Dehumidifier"", ""Humidifier"", ""Plug""]",legacy_v13_monolith,/home/mgjeong/Desktop/llm/JOILang-Server/gpt_mg/version0_13,False,8
