index,category,command_kor,command_eng,gt_raw,connected_devices,gt,row_no,profile,genome_id,genome_seed,run_id,candidate_count,candidates,candidate_metadata,prompt_log_paths,generation_status,generation_total_pipeline_sec,llm_mode,llm_model,service_list_snippet_source,service_list_device_count,service_list_retrieval_status,service_list_retrieval_mode,service_list_retrieval_topk,service_list_retrieval_device,service_list_retrieval_categories,service_list_retrieval_scores,service_list_retrieval_fallback_reason,generation_call_count,generation_error_count,generation_error_type,generation_error_types,generation_oom_flag,generation_prompt_chars_total,generation_prompt_tokens_total,generation_completion_tokens_total,generation_total_tokens_total,generation_llm_latency_sec,generation_peak_vram_gb,output,selected_candidate_index,repair_applied,repair_log_path,repair_metadata,repair_total_pipeline_sec,det_valid_json,det_profile,det_schema_ok,det_service_match,det_arg_type_ok,det_precondition_ok,det_semantic_ok,det_min_extraneous,det_gt_service_coverage,det_gt_service_precision,det_gt_receiver_coverage,det_dataflow_score,det_numeric_grounding,det_enum_grounding,det_gt_exact,det_gt_similarity,det_score,det_failure_reasons,det_resolved_services,repair_call_count,repair_error_count,repair_error_type,repair_error_types,repair_oom_flag,repair_prompt_chars_total,repair_prompt_tokens_total,repair_completion_tokens_total,repair_total_tokens_total,repair_llm_latency_sec,repair_peak_vram_gb
1,1,식기세척기를 건조 모드로 설정해줘.,Switch the dishwasher to dry mode.,"{""name"": """", 
""cron"": """", 
""period"": 0, 
""script"": ""(#Dishwasher).SetDishwasherMode(\""dry\"")""}",,"{""name"": """", 
""cron"": """", 
""period"": 0, 
""script"": ""(#Dishwasher).Dishwasher_SetDishwasherMode(\""dry\"")""}",1,version0_15_update20260413,gen-10d1e822-839a-a138-8806-3c64fda98499__qwen25_coder_7b,975035167,suite_qwen25_coder_7b_gen-10d1e822-839a-a138-8806-3c64fda98499_qwen25_coder_7b_15,1,"[""{\""name\"":\""SwitchDishwasherToDryMode\"",\""cron\"":\""\"",\""period\"":0,\""code\"":\""(#Dishwasher).setdishwashermode(\\\""dry\\\"")\""}""]","[{""candidate_index"": 0, ""strategy"": ""compact_json"", ""prompt_chars"": 153403, ""prompt_tokens"": 31867, ""completion_tokens"": 51, ""total_tokens"": 31918, ""latency_sec"": 20.5595, ""peak_vram_gb"": 20.1412, ""load_sec"": 6.0616, ""generate_sec"": 10.6169, ""prompt_prep_sec"": 0.0935, ""decode_sec"": 0.0004, ""worker_pid"": 3086527, ""error_type"": """", ""oom_flag"": false, ""block_manifest"": [{""id"": ""01"", ""path"": ""/home/mgjeong/Desktop/llm/JOILang-Server/gpt_mg/version0_15_update20260413/blocks/01_preamble.txt"", ""metadata"": {""id"": ""01"", ""role"": ""preprocessor"", ""params"": ""temperature, micro_rules"", ""description"": ""Global deterministic JOILang generation rules and schema-faithful behavior."", ""placeholders"": ""{command_eng}, {connected_devices}, {service_list_snippet}, {optional_cron}, {optional_period}""}}, {""id"": ""02"", ""path"": ""/home/mgjeong/Desktop/llm/JOILang-Server/gpt_mg/version0_15_update20260413/blocks/02_generator_prompt.txt"", ""metadata"": {""id"": ""02"", ""role"": ""generator"", ""params"": ""temperature, few_shot_count, max_tokens, micro_rules"", ""description"": ""Main JOILang generator block with deterministic JSON-only output and schema-grounded exemplars."", ""placeholders"": ""{command_eng}, {connected_devices}, {service_list_snippet}, {optional_cron}, {optional_period}, {candidate_strategy}""}}, {""id"": ""03"", ""path"": ""/home/mgjeong/Desktop/llm/JOILang-Server/gpt_mg/version0_15_update20260413/blocks/03_postprocessor.txt"", ""metadata"": {""id"": ""03"", ""role"": ""postprocessor"", ""params"": ""max_tokens, micro_rules"", ""description"": ""Final JOILang output scrubber that enforces JSON shape and strips explanation drift."", ""placeholders"": ""{command_eng}, {connected_devices}, {service_list_snippet}, {optional_cron}, {optional_period}""}}]}]","[""/home/mgjeong/Desktop/llm/JOILang-Server/gpt_mg/version0_15_update20260413/logs/suite_qwen25_coder_7b_gen-10d1e822-839a-a138-8806-3c64fda98499_qwen25_coder_7b_15/row_001_cand_1.json""]",ok,23.0504,worker,Qwen/Qwen2.5-Coder-7B-Instruct,service_schema_fallback,50,disabled,hybrid,10,cpu,[],[],,1,0,,[],False,153403,31867,51,31918,20.5595,20.1412,"{""name"":""SwitchDishwasherToDryMode"",""cron"":"""",""period"":0,""code"":""(#Dishwasher).setdishwashermode(\""dry\"")""}",0,False,,[],0.0025,True,strict,True,1.0,1.0,True,1.0,1.0,1.0,1.0,1.0,1.0,1.0,1.0,False,0.891379,99.4569,"[""gt_mismatch""]","[{""device"": ""Dishwasher"", ""service"": ""SetDishwasherMode"", ""canonical_name"": ""Dishwasher_SetDishwasherMode"", ""args"": [""\""dry\""""], ""receiver"": ""(#Dishwasher)""}]",0,0,,[],False,0,0,0,0,0.0,0.0
2,1,오븐의 작동 시간을 5분 늘려줘.,Add 5 minutes to the oven.,"{""name"": """", 
""cron"": """", 
""period"": 0, 
""script"": ""(#Oven).AddMoreTime(300)""}",,"{""name"": """", 
""cron"": """", 
""period"": 0, 
""script"": ""(#Oven).Oven_AddMoreTime(300)""}",2,version0_15_update20260413,gen-10d1e822-839a-a138-8806-3c64fda98499__qwen25_coder_7b,975035167,suite_qwen25_coder_7b_gen-10d1e822-839a-a138-8806-3c64fda98499_qwen25_coder_7b_15,1,"[""{\""name\"":\""\"",\""cron\"":\""\"",\""period\"":0,\""code\"":\""\""}""]","[{""candidate_index"": 0, ""strategy"": ""compact_json"", ""prompt_chars"": 153395, ""prompt_tokens"": 31868, ""completion_tokens"": 6, ""total_tokens"": 31874, ""latency_sec"": 8.546, ""peak_vram_gb"": 20.1412, ""load_sec"": 0.0, ""generate_sec"": 8.381, ""prompt_prep_sec"": 0.1347, ""decode_sec"": 0.0003, ""worker_pid"": 3086527, ""error_type"": """", ""oom_flag"": false, ""block_manifest"": [{""id"": ""01"", ""path"": ""/home/mgjeong/Desktop/llm/JOILang-Server/gpt_mg/version0_15_update20260413/blocks/01_preamble.txt"", ""metadata"": {""id"": ""01"", ""role"": ""preprocessor"", ""params"": ""temperature, micro_rules"", ""description"": ""Global deterministic JOILang generation rules and schema-faithful behavior."", ""placeholders"": ""{command_eng}, {connected_devices}, {service_list_snippet}, {optional_cron}, {optional_period}""}}, {""id"": ""02"", ""path"": ""/home/mgjeong/Desktop/llm/JOILang-Server/gpt_mg/version0_15_update20260413/blocks/02_generator_prompt.txt"", ""metadata"": {""id"": ""02"", ""role"": ""generator"", ""params"": ""temperature, few_shot_count, max_tokens, micro_rules"", ""description"": ""Main JOILang generator block with deterministic JSON-only output and schema-grounded exemplars."", ""placeholders"": ""{command_eng}, {connected_devices}, {service_list_snippet}, {optional_cron}, {optional_period}, {candidate_strategy}""}}, {""id"": ""03"", ""path"": ""/home/mgjeong/Desktop/llm/JOILang-Server/gpt_mg/version0_15_update20260413/blocks/03_postprocessor.txt"", ""metadata"": {""id"": ""03"", ""role"": ""postprocessor"", ""params"": ""max_tokens, micro_rules"", ""description"": ""Final JOILang output scrubber that enforces JSON shape and strips explanation drift."", ""placeholders"": ""{command_eng}, {connected_devices}, {service_list_snippet}, {optional_cron}, {optional_period}""}}]}]","[""/home/mgjeong/Desktop/llm/JOILang-Server/gpt_mg/version0_15_update20260413/logs/suite_qwen25_coder_7b_gen-10d1e822-839a-a138-8806-3c64fda98499_qwen25_coder_7b_15/row_002_cand_1.json""]",ok,10.7526,worker,Qwen/Qwen2.5-Coder-7B-Instruct,service_schema_fallback,50,disabled,hybrid,10,cpu,[],[],,1,0,,[],False,153395,31868,6,31874,8.546,20.1412,"{""name"":"""",""cron"":"""",""period"":0,""code"":""""}",0,False,,[],0.0005,True,strict,True,0.0,0.0,False,0.0,0.0,0.0,0.0,0.0,1.0,0.0,1.0,False,0.3,21.5,"[""arg_type"", ""extraneous"", ""gt_mismatch"", ""gt_receiver_coverage"", ""gt_service_coverage"", ""numeric_grounding"", ""precondition"", ""semantic"", ""service_match""]",[],0,0,,[],False,0,0,0,0,0.0,0.0
3,1,밥솥을 조리 모드로 30분 작동시켜.,Start the rice cooker on cooking mode for 30 minutes.,"{""name"": """", 
""cron"": """", 
""period"": 0, 
""script"": ""(#RiceCooker).SetCookingParameters(\""cooking\"", 1800)""}",,"{""name"": """", 
""cron"": """", 
""period"": 0, 
""script"": ""(#RiceCooker).RiceCooker_SetCookingParameters(\""cooking\"", 1800)""}",3,version0_15_update20260413,gen-10d1e822-839a-a138-8806-3c64fda98499__qwen25_coder_7b,975035167,suite_qwen25_coder_7b_gen-10d1e822-839a-a138-8806-3c64fda98499_qwen25_coder_7b_15,1,"[""{\""name\"":\""StartRiceCooker\"",\""cron\"":\""\"",\""period\"":0,\""code\"":\""(#RiceCooker).ricecooker_setcookingparameters(\\\""cooking\\\"", 30 * 60 * 1000)\""}""]","[{""candidate_index"": 0, ""strategy"": ""compact_json"", ""prompt_chars"": 153422, ""prompt_tokens"": 31873, ""completion_tokens"": 66, ""total_tokens"": 31939, ""latency_sec"": 11.6715, ""peak_vram_gb"": 20.1407, ""load_sec"": 0.0, ""generate_sec"": 11.519, ""prompt_prep_sec"": 0.1256, ""decode_sec"": 0.0003, ""worker_pid"": 3086527, ""error_type"": """", ""oom_flag"": false, ""block_manifest"": [{""id"": ""01"", ""path"": ""/home/mgjeong/Desktop/llm/JOILang-Server/gpt_mg/version0_15_update20260413/blocks/01_preamble.txt"", ""metadata"": {""id"": ""01"", ""role"": ""preprocessor"", ""params"": ""temperature, micro_rules"", ""description"": ""Global deterministic JOILang generation rules and schema-faithful behavior."", ""placeholders"": ""{command_eng}, {connected_devices}, {service_list_snippet}, {optional_cron}, {optional_period}""}}, {""id"": ""02"", ""path"": ""/home/mgjeong/Desktop/llm/JOILang-Server/gpt_mg/version0_15_update20260413/blocks/02_generator_prompt.txt"", ""metadata"": {""id"": ""02"", ""role"": ""generator"", ""params"": ""temperature, few_shot_count, max_tokens, micro_rules"", ""description"": ""Main JOILang generator block with deterministic JSON-only output and schema-grounded exemplars."", ""placeholders"": ""{command_eng}, {connected_devices}, {service_list_snippet}, {optional_cron}, {optional_period}, {candidate_strategy}""}}, {""id"": ""03"", ""path"": ""/home/mgjeong/Desktop/llm/JOILang-Server/gpt_mg/version0_15_update20260413/blocks/03_postprocessor.txt"", ""metadata"": {""id"": ""03"", ""role"": ""postprocessor"", ""params"": ""max_tokens, micro_rules"", ""description"": ""Final JOILang output scrubber that enforces JSON shape and strips explanation drift."", ""placeholders"": ""{command_eng}, {connected_devices}, {service_list_snippet}, {optional_cron}, {optional_period}""}}]}]","[""/home/mgjeong/Desktop/llm/JOILang-Server/gpt_mg/version0_15_update20260413/logs/suite_qwen25_coder_7b_gen-10d1e822-839a-a138-8806-3c64fda98499_qwen25_coder_7b_15/row_003_cand_1.json""]",ok,14.1039,worker,Qwen/Qwen2.5-Coder-7B-Instruct,service_schema_fallback,50,disabled,hybrid,10,cpu,[],[],,1,0,,[],False,153422,31873,66,31939,11.6715,20.1407,"{""name"":""StartRiceCooker"",""cron"":"""",""period"":0,""code"":""(#RiceCooker).ricecooker_setcookingparameters(\""cooking\"", 30 * 60 * 1000)""}",0,False,,[],0.0012,True,strict,True,1.0,0.875,True,0.666667,1.0,1.0,1.0,1.0,1.0,0.0,1.0,False,0.936719,69.9,"[""arg_type"", ""gt_mismatch"", ""numeric_grounding""]","[{""device"": ""RiceCooker"", ""service"": ""SetCookingParameters"", ""canonical_name"": ""RiceCooker_SetCookingParameters"", ""args"": [""\""cooking\"""", ""30 * 60 * 1000""], ""receiver"": ""(#RiceCooker)""}]",0,0,,[],False,0,0,0,0,0.0,0.0
4,1,사이렌을 응급모드로 울려줘.,Set the siren to emergency mode.,"{""name"": """", 
""cron"": """", 
""period"": 0, 
""script"": ""(#Siren).SetSirenMode(\""emergency\"")""}",,"{""name"": """", 
""cron"": """", 
""period"": 0, 
""script"": ""(#Siren).Siren_SetSirenMode(\""emergency\"")""}",4,version0_15_update20260413,gen-10d1e822-839a-a138-8806-3c64fda98499__qwen25_coder_7b,975035167,suite_qwen25_coder_7b_gen-10d1e822-839a-a138-8806-3c64fda98499_qwen25_coder_7b_15,1,"[""{\""name\"":\""SetSirenEmergencyMode\"",\""cron\"":\""\"",\""period\"":0,\""code\"":\""(#Siren).set sirens_mode(emergency)\""}""]","[{""candidate_index"": 0, ""strategy"": ""compact_json"", ""prompt_chars"": 153401, ""prompt_tokens"": 31868, ""completion_tokens"": 46, ""total_tokens"": 31914, ""latency_sec"": 12.6336, ""peak_vram_gb"": 20.1412, ""load_sec"": 0.0, ""generate_sec"": 12.475, ""prompt_prep_sec"": 0.1281, ""decode_sec"": 0.0003, ""worker_pid"": 3086527, ""error_type"": """", ""oom_flag"": false, ""block_manifest"": [{""id"": ""01"", ""path"": ""/home/mgjeong/Desktop/llm/JOILang-Server/gpt_mg/version0_15_update20260413/blocks/01_preamble.txt"", ""metadata"": {""id"": ""01"", ""role"": ""preprocessor"", ""params"": ""temperature, micro_rules"", ""description"": ""Global deterministic JOILang generation rules and schema-faithful behavior."", ""placeholders"": ""{command_eng}, {connected_devices}, {service_list_snippet}, {optional_cron}, {optional_period}""}}, {""id"": ""02"", ""path"": ""/home/mgjeong/Desktop/llm/JOILang-Server/gpt_mg/version0_15_update20260413/blocks/02_generator_prompt.txt"", ""metadata"": {""id"": ""02"", ""role"": ""generator"", ""params"": ""temperature, few_shot_count, max_tokens, micro_rules"", ""description"": ""Main JOILang generator block with deterministic JSON-only output and schema-grounded exemplars."", ""placeholders"": ""{command_eng}, {connected_devices}, {service_list_snippet}, {optional_cron}, {optional_period}, {candidate_strategy}""}}, {""id"": ""03"", ""path"": ""/home/mgjeong/Desktop/llm/JOILang-Server/gpt_mg/version0_15_update20260413/blocks/03_postprocessor.txt"", ""metadata"": {""id"": ""03"", ""role"": ""postprocessor"", ""params"": ""max_tokens, micro_rules"", ""description"": ""Final JOILang output scrubber that enforces JSON shape and strips explanation drift."", ""placeholders"": ""{command_eng}, {connected_devices}, {service_list_snippet}, {optional_cron}, {optional_period}""}}]}]","[""/home/mgjeong/Desktop/llm/JOILang-Server/gpt_mg/version0_15_update20260413/logs/suite_qwen25_coder_7b_gen-10d1e822-839a-a138-8806-3c64fda98499_qwen25_coder_7b_15/row_004_cand_1.json""]",ok,14.8847,worker,Qwen/Qwen2.5-Coder-7B-Instruct,service_schema_fallback,50,disabled,hybrid,10,cpu,[],[],,1,0,,[],False,153401,31868,46,31914,12.6336,20.1412,"{""name"":""SetSirenEmergencyMode"",""cron"":"""",""period"":0,""code"":""(#Siren).set sirens_mode(emergency)""}",0,False,,[],0.0007,True,strict,True,0.0,1.0,False,0.0,0.0,0.0,0.0,0.0,1.0,1.0,0.0,False,0.636,28.18,"[""enum_grounding"", ""extraneous"", ""gt_mismatch"", ""gt_receiver_coverage"", ""gt_service_coverage"", ""precondition"", ""semantic"", ""service_match"", ""unknown_service:set""]",[],0,0,,[],False,0,0,0,0,0.0,0.0
5,1,스피커의 볼륨을 30으로 설정해줘.,Set the speaker volume to 30.,"{""name"": """", 
""cron"": """", 
""period"": 0, 
""script"": ""(#Speaker).SetVolume(30)""}",,"{""name"": """", 
""cron"": """", 
""period"": 0, 
""script"": ""(#Speaker).Speaker_SetVolume(30)""}",5,version0_15_update20260413,gen-10d1e822-839a-a138-8806-3c64fda98499__qwen25_coder_7b,975035167,suite_qwen25_coder_7b_gen-10d1e822-839a-a138-8806-3c64fda98499_qwen25_coder_7b_15,1,"[""{\""name\"":\""SetSpeakerVolume\"",\""cron\"":\""\"",\""period\"":0,\""code\"":\""(#Speaker).setvolume(30)\""}""]","[{""candidate_index"": 0, ""strategy"": ""compact_json"", ""prompt_chars"": 153398, ""prompt_tokens"": 31869, ""completion_tokens"": 42, ""total_tokens"": 31911, ""latency_sec"": 11.1088, ""peak_vram_gb"": 20.1407, ""load_sec"": 0.0, ""generate_sec"": 10.9737, ""prompt_prep_sec"": 0.1092, ""decode_sec"": 0.0003, ""worker_pid"": 3086527, ""error_type"": """", ""oom_flag"": false, ""block_manifest"": [{""id"": ""01"", ""path"": ""/home/mgjeong/Desktop/llm/JOILang-Server/gpt_mg/version0_15_update20260413/blocks/01_preamble.txt"", ""metadata"": {""id"": ""01"", ""role"": ""preprocessor"", ""params"": ""temperature, micro_rules"", ""description"": ""Global deterministic JOILang generation rules and schema-faithful behavior."", ""placeholders"": ""{command_eng}, {connected_devices}, {service_list_snippet}, {optional_cron}, {optional_period}""}}, {""id"": ""02"", ""path"": ""/home/mgjeong/Desktop/llm/JOILang-Server/gpt_mg/version0_15_update20260413/blocks/02_generator_prompt.txt"", ""metadata"": {""id"": ""02"", ""role"": ""generator"", ""params"": ""temperature, few_shot_count, max_tokens, micro_rules"", ""description"": ""Main JOILang generator block with deterministic JSON-only output and schema-grounded exemplars."", ""placeholders"": ""{command_eng}, {connected_devices}, {service_list_snippet}, {optional_cron}, {optional_period}, {candidate_strategy}""}}, {""id"": ""03"", ""path"": ""/home/mgjeong/Desktop/llm/JOILang-Server/gpt_mg/version0_15_update20260413/blocks/03_postprocessor.txt"", ""metadata"": {""id"": ""03"", ""role"": ""postprocessor"", ""params"": ""max_tokens, micro_rules"", ""description"": ""Final JOILang output scrubber that enforces JSON shape and strips explanation drift."", ""placeholders"": ""{command_eng}, {connected_devices}, {service_list_snippet}, {optional_cron}, {optional_period}""}}]}]","[""/home/mgjeong/Desktop/llm/JOILang-Server/gpt_mg/version0_15_update20260413/logs/suite_qwen25_coder_7b_gen-10d1e822-839a-a138-8806-3c64fda98499_qwen25_coder_7b_15/row_005_cand_1.json""]",ok,13.6626,worker,Qwen/Qwen2.5-Coder-7B-Instruct,service_schema_fallback,50,disabled,hybrid,10,cpu,[],[],,1,0,,[],False,153398,31869,42,31911,11.1088,20.1407,"{""name"":""SetSpeakerVolume"",""cron"":"""",""period"":0,""code"":""(#Speaker).setvolume(30)""}",0,False,,[],0.0007,True,strict,True,1.0,1.0,True,0.88,1.0,1.0,1.0,1.0,1.0,1.0,1.0,False,0.903571,98.3179,"[""gt_mismatch""]","[{""device"": ""Speaker"", ""service"": ""SetVolume"", ""canonical_name"": ""Speaker_SetVolume"", ""args"": [""30""], ""receiver"": ""(#Speaker)""}]",0,0,,[],False,0,0,0,0,0.0,0.0
6,1,TV 채널을 하나 내려줘.,Turn the TV channel down by one.,"{""name"": """", 
""cron"": """", 
""period"": 0, 
""script"": ""(#Television).ChannelDown()""}",,"{""name"": """", 
""cron"": """", 
""period"": 0, 
""script"": ""(#Television).Television_ChannelDown()""}",6,version0_15_update20260413,gen-10d1e822-839a-a138-8806-3c64fda98499__qwen25_coder_7b,975035167,suite_qwen25_coder_7b_gen-10d1e822-839a-a138-8806-3c64fda98499_qwen25_coder_7b_15,1,"[""{\""name\"":\""\"",\""cron\"":\""\"",\""period\"":0,\""code\"":\""\""}""]","[{""candidate_index"": 0, ""strategy"": ""compact_json"", ""prompt_chars"": 153401, ""prompt_tokens"": 31868, ""completion_tokens"": 6, ""total_tokens"": 31874, ""latency_sec"": 9.8663, ""peak_vram_gb"": 20.1412, ""load_sec"": 0.0, ""generate_sec"": 9.7058, ""prompt_prep_sec"": 0.13, ""decode_sec"": 0.0001, ""worker_pid"": 3086527, ""error_type"": """", ""oom_flag"": false, ""block_manifest"": [{""id"": ""01"", ""path"": ""/home/mgjeong/Desktop/llm/JOILang-Server/gpt_mg/version0_15_update20260413/blocks/01_preamble.txt"", ""metadata"": {""id"": ""01"", ""role"": ""preprocessor"", ""params"": ""temperature, micro_rules"", ""description"": ""Global deterministic JOILang generation rules and schema-faithful behavior."", ""placeholders"": ""{command_eng}, {connected_devices}, {service_list_snippet}, {optional_cron}, {optional_period}""}}, {""id"": ""02"", ""path"": ""/home/mgjeong/Desktop/llm/JOILang-Server/gpt_mg/version0_15_update20260413/blocks/02_generator_prompt.txt"", ""metadata"": {""id"": ""02"", ""role"": ""generator"", ""params"": ""temperature, few_shot_count, max_tokens, micro_rules"", ""description"": ""Main JOILang generator block with deterministic JSON-only output and schema-grounded exemplars."", ""placeholders"": ""{command_eng}, {connected_devices}, {service_list_snippet}, {optional_cron}, {optional_period}, {candidate_strategy}""}}, {""id"": ""03"", ""path"": ""/home/mgjeong/Desktop/llm/JOILang-Server/gpt_mg/version0_15_update20260413/blocks/03_postprocessor.txt"", ""metadata"": {""id"": ""03"", ""role"": ""postprocessor"", ""params"": ""max_tokens, micro_rules"", ""description"": ""Final JOILang output scrubber that enforces JSON shape and strips explanation drift."", ""placeholders"": ""{command_eng}, {connected_devices}, {service_list_snippet}, {optional_cron}, {optional_period}""}}]}]","[""/home/mgjeong/Desktop/llm/JOILang-Server/gpt_mg/version0_15_update20260413/logs/suite_qwen25_coder_7b_gen-10d1e822-839a-a138-8806-3c64fda98499_qwen25_coder_7b_15/row_006_cand_1.json""]",ok,12.3123,worker,Qwen/Qwen2.5-Coder-7B-Instruct,service_schema_fallback,50,disabled,hybrid,10,cpu,[],[],,1,0,,[],False,153401,31868,6,31874,9.8663,20.1412,"{""name"":"""",""cron"":"""",""period"":0,""code"":""""}",0,False,,[],0.0004,True,strict,True,0.0,0.0,False,0.0,0.0,0.0,0.0,0.0,1.0,1.0,1.0,False,0.3,26.5,"[""arg_type"", ""extraneous"", ""gt_mismatch"", ""gt_receiver_coverage"", ""gt_service_coverage"", ""precondition"", ""semantic"", ""service_match""]",[],0,0,,[],False,0,0,0,0,0.0,0.0
7,1,TV로 7번 채널을 틀어줘.,Switch the TV to channel 7.,"{""name"": """", 
""cron"": """", 
""period"": 0, 
""script"": ""(#Television).SetChannel(7)""}",,"{""name"": """", 
""cron"": """", 
""period"": 0, 
""script"": ""(#Television).Television_SetChannel(7)""}",7,version0_15_update20260413,gen-10d1e822-839a-a138-8806-3c64fda98499__qwen25_coder_7b,975035167,suite_qwen25_coder_7b_gen-10d1e822-839a-a138-8806-3c64fda98499_qwen25_coder_7b_15,1,"[""{\""name\"":\""SwitchTVChannel7\"",\""cron\"":\""\"",\""period\"":0,\""code\"":\""(#Television).setchannel(7)\""}""]","[{""candidate_index"": 0, ""strategy"": ""compact_json"", ""prompt_chars"": 153396, ""prompt_tokens"": 31868, ""completion_tokens"": 43, ""total_tokens"": 31911, ""latency_sec"": 13.149, ""peak_vram_gb"": 20.1412, ""load_sec"": 0.0, ""generate_sec"": 12.9968, ""prompt_prep_sec"": 0.126, ""decode_sec"": 0.0003, ""worker_pid"": 3086527, ""error_type"": """", ""oom_flag"": false, ""block_manifest"": [{""id"": ""01"", ""path"": ""/home/mgjeong/Desktop/llm/JOILang-Server/gpt_mg/version0_15_update20260413/blocks/01_preamble.txt"", ""metadata"": {""id"": ""01"", ""role"": ""preprocessor"", ""params"": ""temperature, micro_rules"", ""description"": ""Global deterministic JOILang generation rules and schema-faithful behavior."", ""placeholders"": ""{command_eng}, {connected_devices}, {service_list_snippet}, {optional_cron}, {optional_period}""}}, {""id"": ""02"", ""path"": ""/home/mgjeong/Desktop/llm/JOILang-Server/gpt_mg/version0_15_update20260413/blocks/02_generator_prompt.txt"", ""metadata"": {""id"": ""02"", ""role"": ""generator"", ""params"": ""temperature, few_shot_count, max_tokens, micro_rules"", ""description"": ""Main JOILang generator block with deterministic JSON-only output and schema-grounded exemplars."", ""placeholders"": ""{command_eng}, {connected_devices}, {service_list_snippet}, {optional_cron}, {optional_period}, {candidate_strategy}""}}, {""id"": ""03"", ""path"": ""/home/mgjeong/Desktop/llm/JOILang-Server/gpt_mg/version0_15_update20260413/blocks/03_postprocessor.txt"", ""metadata"": {""id"": ""03"", ""role"": ""postprocessor"", ""params"": ""max_tokens, micro_rules"", ""description"": ""Final JOILang output scrubber that enforces JSON shape and strips explanation drift."", ""placeholders"": ""{command_eng}, {connected_devices}, {service_list_snippet}, {optional_cron}, {optional_period}""}}]}]","[""/home/mgjeong/Desktop/llm/JOILang-Server/gpt_mg/version0_15_update20260413/logs/suite_qwen25_coder_7b_gen-10d1e822-839a-a138-8806-3c64fda98499_qwen25_coder_7b_15/row_007_cand_1.json""]",ok,15.703,worker,Qwen/Qwen2.5-Coder-7B-Instruct,service_schema_fallback,50,disabled,hybrid,10,cpu,[],[],,1,0,,[],False,153396,31868,43,31911,13.149,20.1412,"{""name"":""SwitchTVChannel7"",""cron"":"""",""period"":0,""code"":""(#Television).setchannel(7)""}",0,False,,[],0.0006,True,strict,True,1.0,1.0,True,0.76,1.0,1.0,1.0,1.0,1.0,1.0,1.0,False,0.91,97.15,"[""gt_mismatch""]","[{""device"": ""Television"", ""service"": ""SetChannel"", ""canonical_name"": ""Television_SetChannel"", ""args"": [""7""], ""receiver"": ""(#Television)""}]",0,0,,[],False,0,0,0,0,0.0,0.0
8,1,현재 온도를 스피커로 알려줘.,Announce the temperature through the speaker.,"{""name"": """", 
""cron"": """", 
""period"": 0, 
""script"": ""\ntemp = (#TemperatureSensor).Temperature\n\n(#Speaker).Speak(\""현재 온도는 \"" + temp + \""도입니다\"")""}",,"{""name"": """", 
""cron"": """", 
""period"": 0, 
""script"": ""\ntemp = (#TemperatureSensor).TemperatureSensor_Temperature\n\n(#Speaker).Speaker_Speak(\""현재 온도는 \"" + temp + \""도입니다\"")""}",8,version0_15_update20260413,gen-10d1e822-839a-a138-8806-3c64fda98499__qwen25_coder_7b,975035167,suite_qwen25_coder_7b_gen-10d1e822-839a-a138-8806-3c64fda98499_qwen25_coder_7b_15,1,"[""{\""name\"":\""AnnounceTemperature\"",\""cron\"":\""\"",\""period\"":0,\""code\"":\""(#AirQualitySensor).temperature_sensor.temperature()\""}""]","[{""candidate_index"": 0, ""strategy"": ""compact_json"", ""prompt_chars"": 153414, ""prompt_tokens"": 31868, ""completion_tokens"": 42, ""total_tokens"": 31910, ""latency_sec"": 12.6684, ""peak_vram_gb"": 20.1412, ""load_sec"": 0.0, ""generate_sec"": 12.5132, ""prompt_prep_sec"": 0.1269, ""decode_sec"": 0.0002, ""worker_pid"": 3086527, ""error_type"": """", ""oom_flag"": false, ""block_manifest"": [{""id"": ""01"", ""path"": ""/home/mgjeong/Desktop/llm/JOILang-Server/gpt_mg/version0_15_update20260413/blocks/01_preamble.txt"", ""metadata"": {""id"": ""01"", ""role"": ""preprocessor"", ""params"": ""temperature, micro_rules"", ""description"": ""Global deterministic JOILang generation rules and schema-faithful behavior."", ""placeholders"": ""{command_eng}, {connected_devices}, {service_list_snippet}, {optional_cron}, {optional_period}""}}, {""id"": ""02"", ""path"": ""/home/mgjeong/Desktop/llm/JOILang-Server/gpt_mg/version0_15_update20260413/blocks/02_generator_prompt.txt"", ""metadata"": {""id"": ""02"", ""role"": ""generator"", ""params"": ""temperature, few_shot_count, max_tokens, micro_rules"", ""description"": ""Main JOILang generator block with deterministic JSON-only output and schema-grounded exemplars."", ""placeholders"": ""{command_eng}, {connected_devices}, {service_list_snippet}, {optional_cron}, {optional_period}, {candidate_strategy}""}}, {""id"": ""03"", ""path"": ""/home/mgjeong/Desktop/llm/JOILang-Server/gpt_mg/version0_15_update20260413/blocks/03_postprocessor.txt"", ""metadata"": {""id"": ""03"", ""role"": ""postprocessor"", ""params"": ""max_tokens, micro_rules"", ""description"": ""Final JOILang output scrubber that enforces JSON shape and strips explanation drift."", ""placeholders"": ""{command_eng}, {connected_devices}, {service_list_snippet}, {optional_cron}, {optional_period}""}}]}]","[""/home/mgjeong/Desktop/llm/JOILang-Server/gpt_mg/version0_15_update20260413/logs/suite_qwen25_coder_7b_gen-10d1e822-839a-a138-8806-3c64fda98499_qwen25_coder_7b_15/row_008_cand_1.json""]",ok,15.1606,worker,Qwen/Qwen2.5-Coder-7B-Instruct,service_schema_fallback,50,disabled,hybrid,10,cpu,[],[],,1,0,,[],False,153414,31868,42,31910,12.6684,20.1412,"{""name"":""AnnounceTemperature"",""cron"":"""",""period"":0,""code"":""(#AirQualitySensor).temperature_sensor.temperature()""}",0,False,,[],0.0009,True,strict,True,0.0,1.0,False,0.0,0.0,0.0,0.0,0.0,0.0,1.0,1.0,False,0.481169,22.4058,"[""dataflow"", ""extraneous"", ""gt_mismatch"", ""gt_receiver_coverage"", ""gt_service_coverage"", ""precondition"", ""semantic"", ""service_match"", ""unknown_service:temperature_sensor""]",[],0,0,,[],False,0,0,0,0,0.0,0.0
9,1,외부 온도를 스피커로 출력해줘.,Tell me the outdoor temperature through the speaker.,"{""name"": """", 
""cron"": """", 
""period"": 0, 
""script"": ""\ntemp = (#WeatherProvider).TemperatureWeather\n\n(#Speaker).Speak(\""외부 온도는 \"" + temp + \""도입니다\"")""}",,"{""name"": """", 
""cron"": """", 
""period"": 0, 
""script"": ""\ntemp = (#WeatherProvider).WeatherProvider_TemperatureWeather\n\n(#Speaker).Speaker_Speak(\""외부 온도는 \"" + temp + \""도입니다\"")""}",9,version0_15_update20260413,gen-10d1e822-839a-a138-8806-3c64fda98499__qwen25_coder_7b,975035167,suite_qwen25_coder_7b_gen-10d1e822-839a-a138-8806-3c64fda98499_qwen25_coder_7b_15,1,"[""{\""name\"":\""TellOutdoorTemperature\"",\""cron\"":\""\"",\""period\"":0,\""code\"":\""\""}""]","[{""candidate_index"": 0, ""strategy"": ""compact_json"", ""prompt_chars"": 153421, ""prompt_tokens"": 31869, ""completion_tokens"": 33, ""total_tokens"": 31902, ""latency_sec"": 12.5104, ""peak_vram_gb"": 20.1407, ""load_sec"": 0.0, ""generate_sec"": 12.362, ""prompt_prep_sec"": 0.1186, ""decode_sec"": 0.0002, ""worker_pid"": 3086527, ""error_type"": """", ""oom_flag"": false, ""block_manifest"": [{""id"": ""01"", ""path"": ""/home/mgjeong/Desktop/llm/JOILang-Server/gpt_mg/version0_15_update20260413/blocks/01_preamble.txt"", ""metadata"": {""id"": ""01"", ""role"": ""preprocessor"", ""params"": ""temperature, micro_rules"", ""description"": ""Global deterministic JOILang generation rules and schema-faithful behavior."", ""placeholders"": ""{command_eng}, {connected_devices}, {service_list_snippet}, {optional_cron}, {optional_period}""}}, {""id"": ""02"", ""path"": ""/home/mgjeong/Desktop/llm/JOILang-Server/gpt_mg/version0_15_update20260413/blocks/02_generator_prompt.txt"", ""metadata"": {""id"": ""02"", ""role"": ""generator"", ""params"": ""temperature, few_shot_count, max_tokens, micro_rules"", ""description"": ""Main JOILang generator block with deterministic JSON-only output and schema-grounded exemplars."", ""placeholders"": ""{command_eng}, {connected_devices}, {service_list_snippet}, {optional_cron}, {optional_period}, {candidate_strategy}""}}, {""id"": ""03"", ""path"": ""/home/mgjeong/Desktop/llm/JOILang-Server/gpt_mg/version0_15_update20260413/blocks/03_postprocessor.txt"", ""metadata"": {""id"": ""03"", ""role"": ""postprocessor"", ""params"": ""max_tokens, micro_rules"", ""description"": ""Final JOILang output scrubber that enforces JSON shape and strips explanation drift."", ""placeholders"": ""{command_eng}, {connected_devices}, {service_list_snippet}, {optional_cron}, {optional_period}""}}]}]","[""/home/mgjeong/Desktop/llm/JOILang-Server/gpt_mg/version0_15_update20260413/logs/suite_qwen25_coder_7b_gen-10d1e822-839a-a138-8806-3c64fda98499_qwen25_coder_7b_15/row_009_cand_1.json""]",ok,14.9607,worker,Qwen/Qwen2.5-Coder-7B-Instruct,service_schema_fallback,50,disabled,hybrid,10,cpu,[],[],,1,0,,[],False,153421,31869,33,31902,12.5104,20.1407,"{""name"":""TellOutdoorTemperature"",""cron"":"""",""period"":0,""code"":""""}",0,False,,[],0.0005,True,strict,True,0.0,0.0,False,0.0,0.0,0.0,0.0,0.0,0.0,1.0,1.0,False,0.3,16.5,"[""arg_type"", ""dataflow"", ""extraneous"", ""gt_mismatch"", ""gt_receiver_coverage"", ""gt_service_coverage"", ""precondition"", ""semantic"", ""service_match""]",[],0,0,,[],False,0,0,0,0,0.0,0.0
10,1,현재 습도를 스피커로 말해줘.,Tell me the current humidity through the speaker.,"{""name"": """", 
""cron"": """", 
""period"": 0, 
""script"": ""\nhum = (#HumiditySensor).Humidity\n\n(#Speaker).Speak(\""현재 습도는 \"" + hum + \""%입니다\"")""}",,"{""name"": """", 
""cron"": """", 
""period"": 0, 
""script"": ""\nhum = (#HumiditySensor).HumiditySensor_Humidity\n\n(#Speaker).Speaker_Speak(\""현재 습도는 \"" + hum + \""%입니다\"")""}",10,version0_15_update20260413,gen-10d1e822-839a-a138-8806-3c64fda98499__qwen25_coder_7b,975035167,suite_qwen25_coder_7b_gen-10d1e822-839a-a138-8806-3c64fda98499_qwen25_coder_7b_15,1,"[""{\""name\"":\""TellMeCurrentHumidity\"",\""cron\"":\""\"",\""period\"":0,\""code\"":\""(#AirQualitySensor).airqualitysensor_humidity()\""}""]","[{""candidate_index"": 0, ""strategy"": ""compact_json"", ""prompt_chars"": 153418, ""prompt_tokens"": 31869, ""completion_tokens"": 46, ""total_tokens"": 31915, ""latency_sec"": 12.9703, ""peak_vram_gb"": 20.1407, ""load_sec"": 0.0, ""generate_sec"": 12.8189, ""prompt_prep_sec"": 0.1236, ""decode_sec"": 0.0002, ""worker_pid"": 3086527, ""error_type"": """", ""oom_flag"": false, ""block_manifest"": [{""id"": ""01"", ""path"": ""/home/mgjeong/Desktop/llm/JOILang-Server/gpt_mg/version0_15_update20260413/blocks/01_preamble.txt"", ""metadata"": {""id"": ""01"", ""role"": ""preprocessor"", ""params"": ""temperature, micro_rules"", ""description"": ""Global deterministic JOILang generation rules and schema-faithful behavior."", ""placeholders"": ""{command_eng}, {connected_devices}, {service_list_snippet}, {optional_cron}, {optional_period}""}}, {""id"": ""02"", ""path"": ""/home/mgjeong/Desktop/llm/JOILang-Server/gpt_mg/version0_15_update20260413/blocks/02_generator_prompt.txt"", ""metadata"": {""id"": ""02"", ""role"": ""generator"", ""params"": ""temperature, few_shot_count, max_tokens, micro_rules"", ""description"": ""Main JOILang generator block with deterministic JSON-only output and schema-grounded exemplars."", ""placeholders"": ""{command_eng}, {connected_devices}, {service_list_snippet}, {optional_cron}, {optional_period}, {candidate_strategy}""}}, {""id"": ""03"", ""path"": ""/home/mgjeong/Desktop/llm/JOILang-Server/gpt_mg/version0_15_update20260413/blocks/03_postprocessor.txt"", ""metadata"": {""id"": ""03"", ""role"": ""postprocessor"", ""params"": ""max_tokens, micro_rules"", ""description"": ""Final JOILang output scrubber that enforces JSON shape and strips explanation drift."", ""placeholders"": ""{command_eng}, {connected_devices}, {service_list_snippet}, {optional_cron}, {optional_period}""}}]}]","[""/home/mgjeong/Desktop/llm/JOILang-Server/gpt_mg/version0_15_update20260413/logs/suite_qwen25_coder_7b_gen-10d1e822-839a-a138-8806-3c64fda98499_qwen25_coder_7b_15/row_010_cand_1.json""]",ok,15.4747,worker,Qwen/Qwen2.5-Coder-7B-Instruct,service_schema_fallback,50,disabled,hybrid,10,cpu,[],[],,1,0,,[],False,153418,31869,46,31915,12.9703,20.1407,"{""name"":""TellMeCurrentHumidity"",""cron"":"""",""period"":0,""code"":""(#AirQualitySensor).airqualitysensor_humidity()""}",0,False,,[],0.0007,True,strict,True,1.0,1.0,True,0.657143,1.0,0.0,0.0,0.0,0.0,1.0,1.0,False,0.515217,49.1475,"[""dataflow"", ""gt_mismatch"", ""gt_receiver_coverage"", ""gt_service_coverage""]","[{""device"": ""AirQualitySensor"", ""service"": ""Humidity"", ""canonical_name"": ""AirQualitySensor_Humidity"", ""args"": [], ""receiver"": ""(#AirQualitySensor)""}]",0,0,,[],False,0,0,0,0,0.0,0.0
1,2,거실 조명을 노란색으로 설정해줘.,Set the living room light to yellow.,"{""name"": """", 
""cron"": """", 
""period"": 0, 
""script"": ""(#LivingRoom #Light).SetColor(\""255|255|0\"")""}","{'LivingRoom_Light': {'category': ['Light', 'ColorControl'], 'tags': ['LivingRoom', 'Light', 'ColorControl']}, 'Kitchen_Light': {'category': ['Light', 'ColorControl'], 'tags': ['Kitchen', 'Light', 'ColorControl']}}","{""name"": """", 
""cron"": """", 
""period"": 0, 
""script"": ""(#LivingRoom #Light).ColorControl_SetColor(\""255|255|0\"")""}",31,version0_15_update20260413,gen-10d1e822-839a-a138-8806-3c64fda98499__qwen25_coder_7b,975035167,suite_qwen25_coder_7b_gen-10d1e822-839a-a138-8806-3c64fda98499_qwen25_coder_7b_15,1,"[""{\""name\"":\""SetLivingRoomLightYellow\"",\""cron\"":\""\"",\""period\"":0,\""code\"":\""(#LivingRoom #Light).light_movetorgb(255, 255, 0)\""}""]","[{""candidate_index"": 0, ""strategy"": ""compact_json"", ""prompt_chars"": 37118, ""prompt_tokens"": 7893, ""completion_tokens"": 59, ""total_tokens"": 7952, ""latency_sec"": 4.8352, ""peak_vram_gb"": 15.6699, ""load_sec"": 0.0, ""generate_sec"": 4.7655, ""prompt_prep_sec"": 0.0521, ""decode_sec"": 0.0002, ""worker_pid"": 3086527, ""error_type"": """", ""oom_flag"": false, ""block_manifest"": [{""id"": ""01"", ""path"": ""/home/mgjeong/Desktop/llm/JOILang-Server/gpt_mg/version0_15_update20260413/blocks/01_preamble.txt"", ""metadata"": {""id"": ""01"", ""role"": ""preprocessor"", ""params"": ""temperature, micro_rules"", ""description"": ""Global deterministic JOILang generation rules and schema-faithful behavior."", ""placeholders"": ""{command_eng}, {connected_devices}, {service_list_snippet}, {optional_cron}, {optional_period}""}}, {""id"": ""02"", ""path"": ""/home/mgjeong/Desktop/llm/JOILang-Server/gpt_mg/version0_15_update20260413/blocks/02_generator_prompt.txt"", ""metadata"": {""id"": ""02"", ""role"": ""generator"", ""params"": ""temperature, few_shot_count, max_tokens, micro_rules"", ""description"": ""Main JOILang generator block with deterministic JSON-only output and schema-grounded exemplars."", ""placeholders"": ""{command_eng}, {connected_devices}, {service_list_snippet}, {optional_cron}, {optional_period}, {candidate_strategy}""}}, {""id"": ""03"", ""path"": ""/home/mgjeong/Desktop/llm/JOILang-Server/gpt_mg/version0_15_update20260413/blocks/03_postprocessor.txt"", ""metadata"": {""id"": ""03"", ""role"": ""postprocessor"", ""params"": ""max_tokens, micro_rules"", ""description"": ""Final JOILang output scrubber that enforces JSON shape and strips explanation drift."", ""placeholders"": ""{command_eng}, {connected_devices}, {service_list_snippet}, {optional_cron}, {optional_period}""}}]}]","[""/home/mgjeong/Desktop/llm/JOILang-Server/gpt_mg/version0_15_update20260413/logs/suite_qwen25_coder_7b_gen-10d1e822-839a-a138-8806-3c64fda98499_qwen25_coder_7b_15/row_031_cand_1.json""]",ok,7.2899,worker,Qwen/Qwen2.5-Coder-7B-Instruct,connected_devices_only,2,skipped_connected_devices_present,hybrid,10,cpu,[],[],,1,0,,[],False,37118,7893,59,7952,4.8352,15.6699,"{""name"":""SetLivingRoomLightYellow"",""cron"":"""",""period"":0,""code"":""(#LivingRoom #Light).light_movetorgb(255, 255, 0)""}",0,False,,[],0.0009,True,strict,True,1.0,1.0,True,0.7,1.0,0.0,0.0,0.0,1.0,1.0,1.0,False,0.626471,60.1324,"[""gt_mismatch"", ""gt_receiver_coverage"", ""gt_service_coverage""]","[{""device"": ""Light"", ""service"": ""MoveToRGB"", ""canonical_name"": ""Light_MoveToRGB"", ""args"": [""255"", ""255"", ""0""], ""receiver"": ""(#LivingRoom #Light)""}]",0,0,,[],False,0,0,0,0,0.0,0.0
2,2,카메라로 회의실 사진을 촬영해줘.,Capture an image of the meeting room with the camera.,"{""name"": """", 
""cron"": """", 
""period"": 0, 
""script"": ""(#MeetingRoom #Camera).CaptureImage()""}","{'MeetingRoom_Camera': {'category': 'Camera', 'tags': ['MeetingRoom', 'Camera']}, 'Hallway_Camera': {'category': 'Camera', 'tags': ['Hallway', 'Camera']}}","{""name"": """", 
""cron"": """", 
""period"": 0, 
""script"": ""(#MeetingRoom #Camera).Camera_CaptureImage()""}",32,version0_15_update20260413,gen-10d1e822-839a-a138-8806-3c64fda98499__qwen25_coder_7b,975035167,suite_qwen25_coder_7b_gen-10d1e822-839a-a138-8806-3c64fda98499_qwen25_coder_7b_15,1,"[""{\""name\"":\""CaptureMeetingRoomImage\"",\""cron\"":\""\"",\""period\"":0,\""code\"":\""(#MeetingRoom #Camera).camera_captureimage()\""}""]","[{""candidate_index"": 0, ""strategy"": ""compact_json"", ""prompt_chars"": 24747, ""prompt_tokens"": 5402, ""completion_tokens"": 44, ""total_tokens"": 5446, ""latency_sec"": 3.4854, ""peak_vram_gb"": 15.2057, ""load_sec"": 0.0, ""generate_sec"": 3.4362, ""prompt_prep_sec"": 0.0334, ""decode_sec"": 0.0002, ""worker_pid"": 3086527, ""error_type"": """", ""oom_flag"": false, ""block_manifest"": [{""id"": ""01"", ""path"": ""/home/mgjeong/Desktop/llm/JOILang-Server/gpt_mg/version0_15_update20260413/blocks/01_preamble.txt"", ""metadata"": {""id"": ""01"", ""role"": ""preprocessor"", ""params"": ""temperature, micro_rules"", ""description"": ""Global deterministic JOILang generation rules and schema-faithful behavior."", ""placeholders"": ""{command_eng}, {connected_devices}, {service_list_snippet}, {optional_cron}, {optional_period}""}}, {""id"": ""02"", ""path"": ""/home/mgjeong/Desktop/llm/JOILang-Server/gpt_mg/version0_15_update20260413/blocks/02_generator_prompt.txt"", ""metadata"": {""id"": ""02"", ""role"": ""generator"", ""params"": ""temperature, few_shot_count, max_tokens, micro_rules"", ""description"": ""Main JOILang generator block with deterministic JSON-only output and schema-grounded exemplars."", ""placeholders"": ""{command_eng}, {connected_devices}, {service_list_snippet}, {optional_cron}, {optional_period}, {candidate_strategy}""}}, {""id"": ""03"", ""path"": ""/home/mgjeong/Desktop/llm/JOILang-Server/gpt_mg/version0_15_update20260413/blocks/03_postprocessor.txt"", ""metadata"": {""id"": ""03"", ""role"": ""postprocessor"", ""params"": ""max_tokens, micro_rules"", ""description"": ""Final JOILang output scrubber that enforces JSON shape and strips explanation drift."", ""placeholders"": ""{command_eng}, {connected_devices}, {service_list_snippet}, {optional_cron}, {optional_period}""}}]}]","[""/home/mgjeong/Desktop/llm/JOILang-Server/gpt_mg/version0_15_update20260413/logs/suite_qwen25_coder_7b_gen-10d1e822-839a-a138-8806-3c64fda98499_qwen25_coder_7b_15/row_032_cand_1.json""]",ok,5.8957,worker,Qwen/Qwen2.5-Coder-7B-Instruct,connected_devices_only,2,skipped_connected_devices_present,hybrid,10,cpu,[],[],,1,0,,[],False,24747,5402,44,5446,3.4854,15.2057,"{""name"":""CaptureMeetingRoomImage"",""cron"":"""",""period"":0,""code"":""(#MeetingRoom #Camera).camera_captureimage()""}",0,False,,[],0.0007,True,strict,True,1.0,1.0,True,0.76,1.0,1.0,1.0,1.0,1.0,1.0,1.0,False,0.969318,97.4466,"[""gt_mismatch""]","[{""device"": ""Camera"", ""service"": ""CaptureImage"", ""canonical_name"": ""Camera_CaptureImage"", ""args"": [], ""receiver"": ""(#MeetingRoom #Camera)""}]",0,0,,[],False,0,0,0,0,0.0,0.0
3,2,거실 조명의 밝기를 80%로 설정해줘.,Set the brightness of the living room light to 80%.,"{""name"": """", 
""cron"": """", 
""period"": 0, 
""script"": ""(#LivingRoom #Light).MoveToBrightness(80, 0)""}","{'LivingRoom_Light': {'category': 'Light', 'tags': ['LivingRoom', 'Light']}, 'Bedroom_Light': {'category': 'Light', 'tags': ['Bedroom', 'Light']}}","{""name"": """", 
""cron"": """", 
""period"": 0, 
""script"": ""(#LivingRoom #Light).Light_MoveToBrightness(80, 0)""}",33,version0_15_update20260413,gen-10d1e822-839a-a138-8806-3c64fda98499__qwen25_coder_7b,975035167,suite_qwen25_coder_7b_gen-10d1e822-839a-a138-8806-3c64fda98499_qwen25_coder_7b_15,1,"[""{\""name\"":\""SetLivingRoomLightBrightness\"",\""cron\"":\""\"",\""period\"":0,\""code\"":\""(#LivingRoom #Light).light_movetobrightness(80)\""}""]","[{""candidate_index"": 0, ""strategy"": ""compact_json"", ""prompt_chars"": 33721, ""prompt_tokens"": 7187, ""completion_tokens"": 50, ""total_tokens"": 7237, ""latency_sec"": 4.2937, ""peak_vram_gb"": 15.5384, ""load_sec"": 0.0, ""generate_sec"": 4.2331, ""prompt_prep_sec"": 0.0443, ""decode_sec"": 0.0002, ""worker_pid"": 3086527, ""error_type"": """", ""oom_flag"": false, ""block_manifest"": [{""id"": ""01"", ""path"": ""/home/mgjeong/Desktop/llm/JOILang-Server/gpt_mg/version0_15_update20260413/blocks/01_preamble.txt"", ""metadata"": {""id"": ""01"", ""role"": ""preprocessor"", ""params"": ""temperature, micro_rules"", ""description"": ""Global deterministic JOILang generation rules and schema-faithful behavior."", ""placeholders"": ""{command_eng}, {connected_devices}, {service_list_snippet}, {optional_cron}, {optional_period}""}}, {""id"": ""02"", ""path"": ""/home/mgjeong/Desktop/llm/JOILang-Server/gpt_mg/version0_15_update20260413/blocks/02_generator_prompt.txt"", ""metadata"": {""id"": ""02"", ""role"": ""generator"", ""params"": ""temperature, few_shot_count, max_tokens, micro_rules"", ""description"": ""Main JOILang generator block with deterministic JSON-only output and schema-grounded exemplars."", ""placeholders"": ""{command_eng}, {connected_devices}, {service_list_snippet}, {optional_cron}, {optional_period}, {candidate_strategy}""}}, {""id"": ""03"", ""path"": ""/home/mgjeong/Desktop/llm/JOILang-Server/gpt_mg/version0_15_update20260413/blocks/03_postprocessor.txt"", ""metadata"": {""id"": ""03"", ""role"": ""postprocessor"", ""params"": ""max_tokens, micro_rules"", ""description"": ""Final JOILang output scrubber that enforces JSON shape and strips explanation drift."", ""placeholders"": ""{command_eng}, {connected_devices}, {service_list_snippet}, {optional_cron}, {optional_period}""}}]}]","[""/home/mgjeong/Desktop/llm/JOILang-Server/gpt_mg/version0_15_update20260413/logs/suite_qwen25_coder_7b_gen-10d1e822-839a-a138-8806-3c64fda98499_qwen25_coder_7b_15/row_033_cand_1.json""]",ok,6.7374,worker,Qwen/Qwen2.5-Coder-7B-Instruct,connected_devices_only,2,skipped_connected_devices_present,hybrid,10,cpu,[],[],,1,0,,[],False,33721,7187,50,7237,4.2937,15.5384,"{""name"":""SetLivingRoomLightBrightness"",""cron"":"""",""period"":0,""code"":""(#LivingRoom #Light).light_movetobrightness(80)""}",0,False,,[],0.0007,True,strict,True,1.0,0.5,True,0.7,1.0,1.0,1.0,1.0,1.0,0.75,1.0,False,0.953125,93.0156,"[""arg_type"", ""gt_mismatch"", ""numeric_grounding""]","[{""device"": ""Light"", ""service"": ""MoveToBrightness"", ""canonical_name"": ""Light_MoveToBrightness"", ""args"": [""80""], ""receiver"": ""(#LivingRoom #Light)""}]",0,0,,[],False,0,0,0,0,0.0,0.0
4,2,연구실 제습기를 모두 AI건조모드로 설정해줘.,Set all dehumidifiers in the lab to AI drying mode.,"{""name"": """", 
""cron"": """", 
""period"": 0, 
""script"": ""all(#Lab #Dehumidifier).SetDehumidifierMode(\""AIDrying\"")""}","{'Lab_Dehumidifier_1': {'category': 'Dehumidifier', 'tags': ['Lab', 'North', 'Dehumidifier']}, 'Lab_Dehumidifier_2': {'category': 'Dehumidifier', 'tags': ['Lab', 'South', 'Dehumidifier']}, 'Office_Dehumidifier': {'category': 'Dehumidifier', 'tags': ['Office', 'Dehumidifier']}}","{""name"": """", 
""cron"": """", 
""period"": 0, 
""script"": ""all(#Lab #Dehumidifier).Dehumidifier_SetDehumidifierMode(\""AIDrying\"")""}",34,version0_15_update20260413,gen-10d1e822-839a-a138-8806-3c64fda98499__qwen25_coder_7b,975035167,suite_qwen25_coder_7b_gen-10d1e822-839a-a138-8806-3c64fda98499_qwen25_coder_7b_15,1,"[""{\""name\"":\""SetAllLabDehumidifiersToAIDryingMode\"",\""cron\"":\""\"",\""period\"":0,\""code\"":\""all(#Lab #Dehumidifier).dehumidifier_setdehumidifiermode(\\\""AIDrying\\\"")\""}""]","[{""candidate_index"": 0, ""strategy"": ""compact_json"", ""prompt_chars"": 23500, ""prompt_tokens"": 5424, ""completion_tokens"": 67, ""total_tokens"": 5491, ""latency_sec"": 2.5974, ""peak_vram_gb"": 15.208, ""load_sec"": 0.0, ""generate_sec"": 2.5471, ""prompt_prep_sec"": 0.0336, ""decode_sec"": 0.0002, ""worker_pid"": 3086527, ""error_type"": """", ""oom_flag"": false, ""block_manifest"": [{""id"": ""01"", ""path"": ""/home/mgjeong/Desktop/llm/JOILang-Server/gpt_mg/version0_15_update20260413/blocks/01_preamble.txt"", ""metadata"": {""id"": ""01"", ""role"": ""preprocessor"", ""params"": ""temperature, micro_rules"", ""description"": ""Global deterministic JOILang generation rules and schema-faithful behavior."", ""placeholders"": ""{command_eng}, {connected_devices}, {service_list_snippet}, {optional_cron}, {optional_period}""}}, {""id"": ""02"", ""path"": ""/home/mgjeong/Desktop/llm/JOILang-Server/gpt_mg/version0_15_update20260413/blocks/02_generator_prompt.txt"", ""metadata"": {""id"": ""02"", ""role"": ""generator"", ""params"": ""temperature, few_shot_count, max_tokens, micro_rules"", ""description"": ""Main JOILang generator block with deterministic JSON-only output and schema-grounded exemplars."", ""placeholders"": ""{command_eng}, {connected_devices}, {service_list_snippet}, {optional_cron}, {optional_period}, {candidate_strategy}""}}, {""id"": ""03"", ""path"": ""/home/mgjeong/Desktop/llm/JOILang-Server/gpt_mg/version0_15_update20260413/blocks/03_postprocessor.txt"", ""metadata"": {""id"": ""03"", ""role"": ""postprocessor"", ""params"": ""max_tokens, micro_rules"", ""description"": ""Final JOILang output scrubber that enforces JSON shape and strips explanation drift."", ""placeholders"": ""{command_eng}, {connected_devices}, {service_list_snippet}, {optional_cron}, {optional_period}""}}]}]","[""/home/mgjeong/Desktop/llm/JOILang-Server/gpt_mg/version0_15_update20260413/logs/suite_qwen25_coder_7b_gen-10d1e822-839a-a138-8806-3c64fda98499_qwen25_coder_7b_15/row_034_cand_1.json""]",ok,5.1037,worker,Qwen/Qwen2.5-Coder-7B-Instruct,connected_devices_only,3,skipped_connected_devices_present,hybrid,10,cpu,[],[],,1,0,,[],False,23500,5424,67,5491,2.5974,15.208,"{""name"":""SetAllLabDehumidifiersToAIDryingMode"",""cron"":"""",""period"":0,""code"":""all(#Lab #Dehumidifier).dehumidifier_setdehumidifiermode(\""AIDrying\"")""}",0,False,,[],0.0009,True,strict,True,1.0,1.0,True,0.52,1.0,1.0,1.0,1.0,1.0,1.0,1.0,False,0.973529,95.0676,"[""gt_mismatch"", ""semantic""]","[{""device"": ""Dehumidifier"", ""service"": ""SetDehumidifierMode"", ""canonical_name"": ""Dehumidifier_SetDehumidifierMode"", ""args"": [""\""AIDrying\""""], ""receiver"": ""all(#Lab #Dehumidifier)""}]",0,0,,[],False,0,0,0,0,0.0,0.0
5,2,"거실 조명의 색조는 240, 채도는 80으로 맞춰줘.",Set the hue of the living room light to 240 and the saturation to 80.,"{""name"": """", 
""cron"": """", 
""period"": 0, 
""script"": ""(#LivingRoom #Light).MoveToHueAndSaturation(240, 80)""}","{'LivingRoom_Light': {'category': 'Light', 'tags': ['LivingRoom', 'Light']}, 'Kitchen_Light': {'category': 'Light', 'tags': ['Kitchen', 'Light']}}","{""name"": """", 
""cron"": """", 
""period"": 0, 
""script"": ""(#LivingRoom #Light).Light_MoveToHueAndSaturation(240, 80)""}",35,version0_15_update20260413,gen-10d1e822-839a-a138-8806-3c64fda98499__qwen25_coder_7b,975035167,suite_qwen25_coder_7b_gen-10d1e822-839a-a138-8806-3c64fda98499_qwen25_coder_7b_15,1,"[""{\""name\"":\""SetLivingRoomLightHueAndSaturation\"",\""cron\"":\""\"",\""period\"":0,\""code\"":\""(#LivingRoom #Light).light_movetohueandsaturation(240, 80)\""}""]","[{""candidate_index"": 0, ""strategy"": ""compact_json"", ""prompt_chars"": 33739, ""prompt_tokens"": 7186, ""completion_tokens"": 62, ""total_tokens"": 7248, ""latency_sec"": 2.7613, ""peak_vram_gb"": 15.5377, ""load_sec"": 0.0, ""generate_sec"": 2.7008, ""prompt_prep_sec"": 0.041, ""decode_sec"": 0.0002, ""worker_pid"": 3086527, ""error_type"": """", ""oom_flag"": false, ""block_manifest"": [{""id"": ""01"", ""path"": ""/home/mgjeong/Desktop/llm/JOILang-Server/gpt_mg/version0_15_update20260413/blocks/01_preamble.txt"", ""metadata"": {""id"": ""01"", ""role"": ""preprocessor"", ""params"": ""temperature, micro_rules"", ""description"": ""Global deterministic JOILang generation rules and schema-faithful behavior."", ""placeholders"": ""{command_eng}, {connected_devices}, {service_list_snippet}, {optional_cron}, {optional_period}""}}, {""id"": ""02"", ""path"": ""/home/mgjeong/Desktop/llm/JOILang-Server/gpt_mg/version0_15_update20260413/blocks/02_generator_prompt.txt"", ""metadata"": {""id"": ""02"", ""role"": ""generator"", ""params"": ""temperature, few_shot_count, max_tokens, micro_rules"", ""description"": ""Main JOILang generator block with deterministic JSON-only output and schema-grounded exemplars."", ""placeholders"": ""{command_eng}, {connected_devices}, {service_list_snippet}, {optional_cron}, {optional_period}, {candidate_strategy}""}}, {""id"": ""03"", ""path"": ""/home/mgjeong/Desktop/llm/JOILang-Server/gpt_mg/version0_15_update20260413/blocks/03_postprocessor.txt"", ""metadata"": {""id"": ""03"", ""role"": ""postprocessor"", ""params"": ""max_tokens, micro_rules"", ""description"": ""Final JOILang output scrubber that enforces JSON shape and strips explanation drift."", ""placeholders"": ""{command_eng}, {connected_devices}, {service_list_snippet}, {optional_cron}, {optional_period}""}}]}]","[""/home/mgjeong/Desktop/llm/JOILang-Server/gpt_mg/version0_15_update20260413/logs/suite_qwen25_coder_7b_gen-10d1e822-839a-a138-8806-3c64fda98499_qwen25_coder_7b_15/row_035_cand_1.json""]",ok,5.1593,worker,Qwen/Qwen2.5-Coder-7B-Instruct,connected_devices_only,2,skipped_connected_devices_present,hybrid,10,cpu,[],[],,1,0,,[],False,33739,7186,62,7248,2.7613,15.5377,"{""name"":""SetLivingRoomLightHueAndSaturation"",""cron"":"""",""period"":0,""code"":""(#LivingRoom #Light).light_movetohueandsaturation(240, 80)""}",0,False,,[],0.0008,True,strict,True,1.0,1.0,True,0.733333,1.0,1.0,1.0,1.0,1.0,1.0,1.0,False,0.952632,97.0965,"[""gt_mismatch""]","[{""device"": ""Light"", ""service"": ""MoveToHueAndSaturation"", ""canonical_name"": ""Light_MoveToHueAndSaturation"", ""args"": [""240"", ""80""], ""receiver"": ""(#LivingRoom #Light)""}]",0,0,,[],False,0,0,0,0,0.0,0.0
6,2,짝수 태그 로봇 청소기를 모두 자동 모드로 설정해줘.,Set all robot vacuum cleaners with even tags to auto mode.,"{""name"": """", 
""cron"": """", 
""period"": 0, 
""script"": ""all(#Even #RobotVacuumCleaner).SetRobotVacuumCleanerModeMode(\""auto\"")""}","{'Robot_Even_1': {'category': 'RobotVacuumCleaner', 'tags': ['Even', 'RobotVacuumCleaner']}, 'Robot_Odd_1': {'category': 'RobotVacuumCleaner', 'tags': ['Odd', 'RobotVacuumCleaner']}}","{""name"": """", 
""cron"": """", 
""period"": 0, 
""script"": ""all(#Even #RobotVacuumCleaner).RobotVacuumCleaner_SetRobotVacuumCleanerModeMode(\""auto\"")""}",36,version0_15_update20260413,gen-10d1e822-839a-a138-8806-3c64fda98499__qwen25_coder_7b,975035167,suite_qwen25_coder_7b_gen-10d1e822-839a-a138-8806-3c64fda98499_qwen25_coder_7b_15,1,"[""{\""name\"":\""SetAllEvenRobotVacuumCleanersToAutoMode\"",\""cron\"":\""\"",\""period\"":0,\""code\"":\""all(#Even #RobotVacuumCleaner).setrobotvacuumcleanermodemode(auto)\""}""]","[{""candidate_index"": 0, ""strategy"": ""compact_json"", ""prompt_chars"": 20524, ""prompt_tokens"": 4715, ""completion_tokens"": 61, ""total_tokens"": 4776, ""latency_sec"": 2.3477, ""peak_vram_gb"": 15.0747, ""load_sec"": 0.0, ""generate_sec"": 2.2938, ""prompt_prep_sec"": 0.0339, ""decode_sec"": 0.0002, ""worker_pid"": 3086527, ""error_type"": """", ""oom_flag"": false, ""block_manifest"": [{""id"": ""01"", ""path"": ""/home/mgjeong/Desktop/llm/JOILang-Server/gpt_mg/version0_15_update20260413/blocks/01_preamble.txt"", ""metadata"": {""id"": ""01"", ""role"": ""preprocessor"", ""params"": ""temperature, micro_rules"", ""description"": ""Global deterministic JOILang generation rules and schema-faithful behavior."", ""placeholders"": ""{command_eng}, {connected_devices}, {service_list_snippet}, {optional_cron}, {optional_period}""}}, {""id"": ""02"", ""path"": ""/home/mgjeong/Desktop/llm/JOILang-Server/gpt_mg/version0_15_update20260413/blocks/02_generator_prompt.txt"", ""metadata"": {""id"": ""02"", ""role"": ""generator"", ""params"": ""temperature, few_shot_count, max_tokens, micro_rules"", ""description"": ""Main JOILang generator block with deterministic JSON-only output and schema-grounded exemplars."", ""placeholders"": ""{command_eng}, {connected_devices}, {service_list_snippet}, {optional_cron}, {optional_period}, {candidate_strategy}""}}, {""id"": ""03"", ""path"": ""/home/mgjeong/Desktop/llm/JOILang-Server/gpt_mg/version0_15_update20260413/blocks/03_postprocessor.txt"", ""metadata"": {""id"": ""03"", ""role"": ""postprocessor"", ""params"": ""max_tokens, micro_rules"", ""description"": ""Final JOILang output scrubber that enforces JSON shape and strips explanation drift."", ""placeholders"": ""{command_eng}, {connected_devices}, {service_list_snippet}, {optional_cron}, {optional_period}""}}]}]","[""/home/mgjeong/Desktop/llm/JOILang-Server/gpt_mg/version0_15_update20260413/logs/suite_qwen25_coder_7b_gen-10d1e822-839a-a138-8806-3c64fda98499_qwen25_coder_7b_15/row_036_cand_1.json""]",ok,4.7549,worker,Qwen/Qwen2.5-Coder-7B-Instruct,connected_devices_only,2,skipped_connected_devices_present,hybrid,10,cpu,[],[],,1,0,,[],False,20524,4715,61,4776,2.3477,15.0747,"{""name"":""SetAllEvenRobotVacuumCleanersToAutoMode"",""cron"":"""",""period"":0,""code"":""all(#Even #RobotVacuumCleaner).setrobotvacuumcleanermodemode(auto)""}",0,False,,[],0.0009,True,strict,True,1.0,0.5,True,0.657143,1.0,1.0,1.0,1.0,1.0,1.0,1.0,False,0.897059,93.5567,"[""arg_type"", ""gt_mismatch""]","[{""device"": ""RobotVacuumCleaner"", ""service"": ""SetRobotVacuumCleanerModeMode"", ""canonical_name"": ""RobotVacuumCleaner_SetRobotVacuumCleanerModeMode"", ""args"": [""auto""], ""receiver"": ""all(#Even #RobotVacuumCleaner)""}]",0,0,,[],False,0,0,0,0,0.0,0.0
7,2,모든 도어락을 잠궈줘.,Lock all door locks.,"{""name"": """", 
""cron"": """", 
""period"": 0, 
""script"": ""all(#DoorLock).Lock()""}","{'FrontDoor_Lock': {'category': 'DoorLock', 'tags': ['Front', 'DoorLock']}, 'BackDoor_Lock': {'category': 'DoorLock', 'tags': ['Back', 'DoorLock']}}","{""name"": """", 
""cron"": """", 
""period"": 0, 
""script"": ""all(#DoorLock).DoorLock_Lock()""}",37,version0_15_update20260413,gen-10d1e822-839a-a138-8806-3c64fda98499__qwen25_coder_7b,975035167,suite_qwen25_coder_7b_gen-10d1e822-839a-a138-8806-3c64fda98499_qwen25_coder_7b_15,1,"[""{\""name\"":\""LockAllDoorLocks\"",\""cron\"":\""\"",\""period\"":0,\""code\"":\""all(#Back #DoorLock).doorlock_lock()\\nall(#Front #DoorLock).doorlock_lock()\""}""]","[{""candidate_index"": 0, ""strategy"": ""compact_json"", ""prompt_chars"": 20252, ""prompt_tokens"": 4614, ""completion_tokens"": 58, ""total_tokens"": 4672, ""latency_sec"": 3.0592, ""peak_vram_gb"": 15.0591, ""load_sec"": 0.0, ""generate_sec"": 3.0157, ""prompt_prep_sec"": 0.0299, ""decode_sec"": 0.0002, ""worker_pid"": 3086527, ""error_type"": """", ""oom_flag"": false, ""block_manifest"": [{""id"": ""01"", ""path"": ""/home/mgjeong/Desktop/llm/JOILang-Server/gpt_mg/version0_15_update20260413/blocks/01_preamble.txt"", ""metadata"": {""id"": ""01"", ""role"": ""preprocessor"", ""params"": ""temperature, micro_rules"", ""description"": ""Global deterministic JOILang generation rules and schema-faithful behavior."", ""placeholders"": ""{command_eng}, {connected_devices}, {service_list_snippet}, {optional_cron}, {optional_period}""}}, {""id"": ""02"", ""path"": ""/home/mgjeong/Desktop/llm/JOILang-Server/gpt_mg/version0_15_update20260413/blocks/02_generator_prompt.txt"", ""metadata"": {""id"": ""02"", ""role"": ""generator"", ""params"": ""temperature, few_shot_count, max_tokens, micro_rules"", ""description"": ""Main JOILang generator block with deterministic JSON-only output and schema-grounded exemplars."", ""placeholders"": ""{command_eng}, {connected_devices}, {service_list_snippet}, {optional_cron}, {optional_period}, {candidate_strategy}""}}, {""id"": ""03"", ""path"": ""/home/mgjeong/Desktop/llm/JOILang-Server/gpt_mg/version0_15_update20260413/blocks/03_postprocessor.txt"", ""metadata"": {""id"": ""03"", ""role"": ""postprocessor"", ""params"": ""max_tokens, micro_rules"", ""description"": ""Final JOILang output scrubber that enforces JSON shape and strips explanation drift."", ""placeholders"": ""{command_eng}, {connected_devices}, {service_list_snippet}, {optional_cron}, {optional_period}""}}]}]","[""/home/mgjeong/Desktop/llm/JOILang-Server/gpt_mg/version0_15_update20260413/logs/suite_qwen25_coder_7b_gen-10d1e822-839a-a138-8806-3c64fda98499_qwen25_coder_7b_15/row_037_cand_1.json""]",ok,5.4592,worker,Qwen/Qwen2.5-Coder-7B-Instruct,connected_devices_only,2,skipped_connected_devices_present,hybrid,10,cpu,[],[],,1,0,,[],False,20252,4614,58,4672,3.0592,15.0591,"{""name"":""LockAllDoorLocks"",""cron"":"""",""period"":0,""code"":""all(#Back #DoorLock).doorlock_lock()\nall(#Front #DoorLock).doorlock_lock()""}",0,False,,[],0.0006,True,strict,True,1.0,1.0,True,0.8,1.0,1.0,1.0,1.0,1.0,1.0,1.0,False,0.803398,97.017,"[""gt_mismatch""]","[{""device"": ""DoorLock"", ""service"": ""Lock"", ""canonical_name"": ""DoorLock_Lock"", ""args"": [], ""receiver"": ""all(#Back #DoorLock)""}, {""device"": ""DoorLock"", ""service"": ""Lock"", ""canonical_name"": ""DoorLock_Lock"", ""args"": [], ""receiver"": ""all(#Front #DoorLock)""}]",0,0,,[],False,0,0,0,0,0.0,0.0
8,2,구역1의 에어컨의 목표 온도를 18도로 설정해줘.,Set the target temperature of the air conditioner in Sector1 to 18 degrees.,"{""name"": """", 
""cron"": """", 
""period"": 0, 
""script"": ""(#Sector1 #AirConditioner).SetTargetTemperature(18)""}","{'Sector1_AC': {'category': 'AirConditioner', 'tags': ['Sector1', 'AirConditioner']}, 'Sector2_AC': {'category': 'AirConditioner', 'tags': ['Sector2', 'AirConditioner']}}","{""name"": """", 
""cron"": """", 
""period"": 0, 
""script"": ""(#Sector1 #AirConditioner).AirConditioner_SetTargetTemperature(18)""}",38,version0_15_update20260413,gen-10d1e822-839a-a138-8806-3c64fda98499__qwen25_coder_7b,975035167,suite_qwen25_coder_7b_gen-10d1e822-839a-a138-8806-3c64fda98499_qwen25_coder_7b_15,1,"[""{\""name\"":\""SetSector1AC\"",\""cron\"":\""\"",\""period\"":0,\""code\"":\""(#Sector1 #AirConditioner).settargettemperature(18.0)\""}""]","[{""candidate_index"": 0, ""strategy"": ""compact_json"", ""prompt_chars"": 22037, ""prompt_tokens"": 4906, ""completion_tokens"": 51, ""total_tokens"": 4957, ""latency_sec"": 4.2599, ""peak_vram_gb"": 15.1161, ""load_sec"": 0.0, ""generate_sec"": 4.2125, ""prompt_prep_sec"": 0.0337, ""decode_sec"": 0.0002, ""worker_pid"": 3086527, ""error_type"": """", ""oom_flag"": false, ""block_manifest"": [{""id"": ""01"", ""path"": ""/home/mgjeong/Desktop/llm/JOILang-Server/gpt_mg/version0_15_update20260413/blocks/01_preamble.txt"", ""metadata"": {""id"": ""01"", ""role"": ""preprocessor"", ""params"": ""temperature, micro_rules"", ""description"": ""Global deterministic JOILang generation rules and schema-faithful behavior."", ""placeholders"": ""{command_eng}, {connected_devices}, {service_list_snippet}, {optional_cron}, {optional_period}""}}, {""id"": ""02"", ""path"": ""/home/mgjeong/Desktop/llm/JOILang-Server/gpt_mg/version0_15_update20260413/blocks/02_generator_prompt.txt"", ""metadata"": {""id"": ""02"", ""role"": ""generator"", ""params"": ""temperature, few_shot_count, max_tokens, micro_rules"", ""description"": ""Main JOILang generator block with deterministic JSON-only output and schema-grounded exemplars."", ""placeholders"": ""{command_eng}, {connected_devices}, {service_list_snippet}, {optional_cron}, {optional_period}, {candidate_strategy}""}}, {""id"": ""03"", ""path"": ""/home/mgjeong/Desktop/llm/JOILang-Server/gpt_mg/version0_15_update20260413/blocks/03_postprocessor.txt"", ""metadata"": {""id"": ""03"", ""role"": ""postprocessor"", ""params"": ""max_tokens, micro_rules"", ""description"": ""Final JOILang output scrubber that enforces JSON shape and strips explanation drift."", ""placeholders"": ""{command_eng}, {connected_devices}, {service_list_snippet}, {optional_cron}, {optional_period}""}}]}]","[""/home/mgjeong/Desktop/llm/JOILang-Server/gpt_mg/version0_15_update20260413/logs/suite_qwen25_coder_7b_gen-10d1e822-839a-a138-8806-3c64fda98499_qwen25_coder_7b_15/row_038_cand_1.json""]",ok,6.6314,worker,Qwen/Qwen2.5-Coder-7B-Instruct,connected_devices_only,2,skipped_connected_devices_present,hybrid,10,cpu,[],[],,1,0,,[],False,22037,4906,51,4957,4.2599,15.1161,"{""name"":""SetSector1AC"",""cron"":"""",""period"":0,""code"":""(#Sector1 #AirConditioner).settargettemperature(18.0)""}",0,False,,[],0.0006,True,strict,True,1.0,1.0,True,0.8,1.0,1.0,1.0,1.0,1.0,0.5,1.0,False,0.913025,95.0651,"[""gt_mismatch"", ""numeric_grounding""]","[{""device"": ""AirConditioner"", ""service"": ""SetTargetTemperature"", ""canonical_name"": ""AirConditioner_SetTargetTemperature"", ""args"": [""18.0""], ""receiver"": ""(#Sector1 #AirConditioner)""}]",0,0,,[],False,0,0,0,0,0.0,0.0
9,2,안방의 공기청정기를 수면모드로 바꿔줘.,Change the air purifier in the bedroom to sleep mode.,"{""name"": """", 
""cron"": """", 
""period"": 0, 
""script"": ""(#Bedroom #AirPurifier).SetAirPurifierMode(\""sleep\"")""}","{'Bedroom_AP': {'category': 'AirPurifier', 'tags': ['Bedroom', 'AirPurifier']}, 'LivingRoom_AP': {'category': 'AirPurifier', 'tags': ['LivingRoom', 'AirPurifier']}}","{""name"": """", 
""cron"": """", 
""period"": 0, 
""script"": ""(#Bedroom #AirPurifier).AirPurifier_SetAirPurifierMode(\""sleep\"")""}",39,version0_15_update20260413,gen-10d1e822-839a-a138-8806-3c64fda98499__qwen25_coder_7b,975035167,suite_qwen25_coder_7b_gen-10d1e822-839a-a138-8806-3c64fda98499_qwen25_coder_7b_15,1,"[""{\""name\"":\""ChangeBedroomAirPurifierToSleepMode\"",\""cron\"":\""\"",\""period\"":0,\""code\"":\""(#Bedroom #AirPurifier).airpurifier_setairpurifiermode(sleep)\""}""]","[{""candidate_index"": 0, ""strategy"": ""compact_json"", ""prompt_chars"": 20053, ""prompt_tokens"": 4621, ""completion_tokens"": 60, ""total_tokens"": 4681, ""latency_sec"": 2.4545, ""peak_vram_gb"": 15.0601, ""load_sec"": 0.0, ""generate_sec"": 2.4111, ""prompt_prep_sec"": 0.0295, ""decode_sec"": 0.0002, ""worker_pid"": 3086527, ""error_type"": """", ""oom_flag"": false, ""block_manifest"": [{""id"": ""01"", ""path"": ""/home/mgjeong/Desktop/llm/JOILang-Server/gpt_mg/version0_15_update20260413/blocks/01_preamble.txt"", ""metadata"": {""id"": ""01"", ""role"": ""preprocessor"", ""params"": ""temperature, micro_rules"", ""description"": ""Global deterministic JOILang generation rules and schema-faithful behavior."", ""placeholders"": ""{command_eng}, {connected_devices}, {service_list_snippet}, {optional_cron}, {optional_period}""}}, {""id"": ""02"", ""path"": ""/home/mgjeong/Desktop/llm/JOILang-Server/gpt_mg/version0_15_update20260413/blocks/02_generator_prompt.txt"", ""metadata"": {""id"": ""02"", ""role"": ""generator"", ""params"": ""temperature, few_shot_count, max_tokens, micro_rules"", ""description"": ""Main JOILang generator block with deterministic JSON-only output and schema-grounded exemplars."", ""placeholders"": ""{command_eng}, {connected_devices}, {service_list_snippet}, {optional_cron}, {optional_period}, {candidate_strategy}""}}, {""id"": ""03"", ""path"": ""/home/mgjeong/Desktop/llm/JOILang-Server/gpt_mg/version0_15_update20260413/blocks/03_postprocessor.txt"", ""metadata"": {""id"": ""03"", ""role"": ""postprocessor"", ""params"": ""max_tokens, micro_rules"", ""description"": ""Final JOILang output scrubber that enforces JSON shape and strips explanation drift."", ""placeholders"": ""{command_eng}, {connected_devices}, {service_list_snippet}, {optional_cron}, {optional_period}""}}]}]","[""/home/mgjeong/Desktop/llm/JOILang-Server/gpt_mg/version0_15_update20260413/logs/suite_qwen25_coder_7b_gen-10d1e822-839a-a138-8806-3c64fda98499_qwen25_coder_7b_15/row_039_cand_1.json""]",ok,4.8611,worker,Qwen/Qwen2.5-Coder-7B-Instruct,connected_devices_only,2,skipped_connected_devices_present,hybrid,10,cpu,[],[],,1,0,,[],False,20053,4621,60,4681,2.4545,15.0601,"{""name"":""ChangeBedroomAirPurifierToSleepMode"",""cron"":"""",""period"":0,""code"":""(#Bedroom #AirPurifier).airpurifier_setairpurifiermode(sleep)""}",0,False,,[],0.0007,True,strict,True,1.0,0.5,True,0.76,1.0,1.0,1.0,1.0,1.0,1.0,1.0,False,0.949194,94.846,"[""arg_type"", ""gt_mismatch""]","[{""device"": ""AirPurifier"", ""service"": ""SetAirPurifierMode"", ""canonical_name"": ""AirPurifier_SetAirPurifierMode"", ""args"": [""sleep""], ""receiver"": ""(#Bedroom #AirPurifier)""}]",0,0,,[],False,0,0,0,0,0.0,0.0
10,2,주방의 모든 벨브를 닫아줘.,Close all valves in the kitchen.,"{""name"": """", 
""cron"": """", 
""period"": 0, 
""script"": ""all(#Kitchen #Valve).Close()""}","{'Kitchen_Valve_Gas': {'category': 'Valve', 'tags': ['Kitchen', 'Gas', 'Valve']}, 'Kitchen_Valve_Water': {'category': 'Valve', 'tags': ['Kitchen', 'Water', 'Valve']}, 'Bathroom_Valve': {'category': 'Valve', 'tags': ['Bathroom', 'Valve']}}","{""name"": """", 
""cron"": """", 
""period"": 0, 
""script"": ""all(#Kitchen #Valve).Valve_Close()""}",40,version0_15_update20260413,gen-10d1e822-839a-a138-8806-3c64fda98499__qwen25_coder_7b,975035167,suite_qwen25_coder_7b_gen-10d1e822-839a-a138-8806-3c64fda98499_qwen25_coder_7b_15,1,"[""""]","[{""candidate_index"": 0, ""strategy"": ""compact_json"", ""prompt_chars"": 22240, ""error"": ""CUDA out of memory. Tried to allocate 186.00 MiB. GPU 0 has a total capacity of 47.43 GiB of which 7.44 MiB is free. Including non-PyTorch memory, this process has 15.56 GiB memory in use. Process 3086909 has 31.81 GiB memory in use. Of the allocated memory 14.96 GiB is allocated by PyTorch, and 298.02 MiB is reserved by PyTorch but unallocated. If reserved but unallocated memory is large try setting PYTORCH_CUDA_ALLOC_CONF=expandable_segments:True to avoid fragmentation.  See documentation for Memory Management  (https://pytorch.org/docs/stable/notes/cuda.html#environment-variables)"", ""error_type"": ""cuda_oom"", ""oom_flag"": true, ""block_manifest"": [{""id"": ""01"", ""path"": ""/home/mgjeong/Desktop/llm/JOILang-Server/gpt_mg/version0_15_update20260413/blocks/01_preamble.txt"", ""metadata"": {""id"": ""01"", ""role"": ""preprocessor"", ""params"": ""temperature, micro_rules"", ""description"": ""Global deterministic JOILang generation rules and schema-faithful behavior."", ""placeholders"": ""{command_eng}, {connected_devices}, {service_list_snippet}, {optional_cron}, {optional_period}""}}, {""id"": ""02"", ""path"": ""/home/mgjeong/Desktop/llm/JOILang-Server/gpt_mg/version0_15_update20260413/blocks/02_generator_prompt.txt"", ""metadata"": {""id"": ""02"", ""role"": ""generator"", ""params"": ""temperature, few_shot_count, max_tokens, micro_rules"", ""description"": ""Main JOILang generator block with deterministic JSON-only output and schema-grounded exemplars."", ""placeholders"": ""{command_eng}, {connected_devices}, {service_list_snippet}, {optional_cron}, {optional_period}, {candidate_strategy}""}}, {""id"": ""03"", ""path"": ""/home/mgjeong/Desktop/llm/JOILang-Server/gpt_mg/version0_15_update20260413/blocks/03_postprocessor.txt"", ""metadata"": {""id"": ""03"", ""role"": ""postprocessor"", ""params"": ""max_tokens, micro_rules"", ""description"": ""Final JOILang output scrubber that enforces JSON shape and strips explanation drift."", ""placeholders"": ""{command_eng}, {connected_devices}, {service_list_snippet}, {optional_cron}, {optional_period}""}}]}]","[""/home/mgjeong/Desktop/llm/JOILang-Server/gpt_mg/version0_15_update20260413/logs/suite_qwen25_coder_7b_gen-10d1e822-839a-a138-8806-3c64fda98499_qwen25_coder_7b_15/row_040_cand_1.json""]",partial_error,7.3714,worker,Qwen/Qwen2.5-Coder-7B-Instruct,connected_devices_only,3,skipped_connected_devices_present,hybrid,10,cpu,[],[],,1,1,cuda_oom,"[""cuda_oom""]",True,22240,0,0,0,0.0,0.0,,0,False,,[],0.0002,False,strict,False,0.0,0.0,False,0.0,0.0,1.0,1.0,1.0,1.0,1.0,1.0,False,0.0,0.0,"[""invalid_json""]",[],0,0,,[],False,0,0,0,0,0.0,0.0
