index,category,command_kor,command_eng,gt_raw,connected_devices,gt,row_no,profile,genome_id,genome_seed,run_id,candidate_count,candidates,candidate_metadata,prompt_log_paths,generation_status,generation_total_pipeline_sec,llm_mode,llm_model,generation_call_count,generation_error_count,generation_error_type,generation_error_types,generation_oom_flag,generation_prompt_chars_total,generation_prompt_tokens_total,generation_completion_tokens_total,generation_total_tokens_total,generation_llm_latency_sec,generation_peak_vram_gb
1,1,식기세척기를 건조 모드로 설정해줘.,Switch the dishwasher to dry mode.,"{""name"": """", 
""cron"": """", 
""period"": 0, 
""script"": ""(#Dishwasher).SetDishwasherMode(\""dry\"")""}",,"{""name"": """", 
""cron"": """", 
""period"": 0, 
""script"": ""(#Dishwasher).Dishwasher_SetDishwasherMode(\""dry\"")""}",1,version0_15_update20260413,gen-10d1e822-839a-a138-8806-3c64fda98499__qwen25_coder_14b,975035167,suite_qwen25_coder_14b_gen-10d1e822-839a-a138-8806-3c64fda98499_qwen25_coder_14b_15,1,"[""{\""name\"":\""SwitchDishwasherToDryMode\"",\""cron\"":\""\"",\""period\"":0,\""code\"":\""(#Dishwasher).dishwasher_setdishwashermode(dry)\""}""]","[{""candidate_index"": 0, ""strategy"": ""compact_json"", ""prompt_chars"": 152938, ""prompt_tokens"": 31753, ""completion_tokens"": 52, ""total_tokens"": 31805, ""latency_sec"": 17.8044, ""peak_vram_gb"": 37.0264, ""load_sec"": 0.0, ""generate_sec"": 17.6813, ""prompt_prep_sec"": 0.0804, ""decode_sec"": 0.0003, ""worker_pid"": 3039869, ""error_type"": """", ""oom_flag"": false, ""block_manifest"": [{""id"": ""01"", ""path"": ""/home/mgjeong/Desktop/llm/JOILang-Server/gpt_mg/version0_15_update20260413/blocks/01_preamble.txt"", ""metadata"": {""id"": ""01"", ""role"": ""preprocessor"", ""params"": ""temperature, micro_rules"", ""description"": ""Global deterministic JOILang generation rules and schema-faithful behavior."", ""placeholders"": ""{command_eng}, {connected_devices}, {service_list_snippet}, {optional_cron}, {optional_period}""}}, {""id"": ""02"", ""path"": ""/home/mgjeong/Desktop/llm/JOILang-Server/gpt_mg/version0_15_update20260413/blocks/02_generator_prompt.txt"", ""metadata"": {""id"": ""02"", ""role"": ""generator"", ""params"": ""temperature, few_shot_count, max_tokens, micro_rules"", ""description"": ""Main JOILang generator block with deterministic JSON-only output and schema-grounded exemplars."", ""placeholders"": ""{command_eng}, {connected_devices}, {service_list_snippet}, {optional_cron}, {optional_period}, {candidate_strategy}""}}, {""id"": ""03"", ""path"": ""/home/mgjeong/Desktop/llm/JOILang-Server/gpt_mg/version0_15_update20260413/blocks/03_postprocessor.txt"", ""metadata"": {""id"": ""03"", ""role"": ""postprocessor"", ""params"": ""max_tokens, micro_rules"", ""description"": ""Final JOILang output scrubber that enforces JSON shape and strips explanation drift."", ""placeholders"": ""{command_eng}, {connected_devices}, {service_list_snippet}, {optional_cron}, {optional_period}""}}]}]","[""/home/mgjeong/Desktop/llm/JOILang-Server/gpt_mg/version0_15_update20260413/logs/suite_qwen25_coder_14b_gen-10d1e822-839a-a138-8806-3c64fda98499_qwen25_coder_14b_15/row_001_cand_1.json""]",ok,20.1212,worker,Qwen/Qwen2.5-Coder-14B-Instruct,1,0,,[],False,152938,31753,52,31805,17.8044,37.0264
2,1,오븐의 작동 시간을 5분 늘려줘.,Add 5 minutes to the oven.,"{""name"": """", 
""cron"": """", 
""period"": 0, 
""script"": ""(#Oven).AddMoreTime(300)""}",,"{""name"": """", 
""cron"": """", 
""period"": 0, 
""script"": ""(#Oven).Oven_AddMoreTime(300)""}",2,version0_15_update20260413,gen-10d1e822-839a-a138-8806-3c64fda98499__qwen25_coder_14b,975035167,suite_qwen25_coder_14b_gen-10d1e822-839a-a138-8806-3c64fda98499_qwen25_coder_14b_15,1,"[""{\""name\"":\""Add5MinutesToOven\"",\""cron\"":\""\"",\""period\"":0,\""code\"":\""(#Oven).oven_addmoretime(300)\""}""]","[{""candidate_index"": 0, ""strategy"": ""compact_json"", ""prompt_chars"": 152930, ""prompt_tokens"": 31754, ""completion_tokens"": 49, ""total_tokens"": 31803, ""latency_sec"": 17.7628, ""peak_vram_gb"": 37.0266, ""load_sec"": 0.0, ""generate_sec"": 17.5922, ""prompt_prep_sec"": 0.126, ""decode_sec"": 0.0003, ""worker_pid"": 3039869, ""error_type"": """", ""oom_flag"": false, ""block_manifest"": [{""id"": ""01"", ""path"": ""/home/mgjeong/Desktop/llm/JOILang-Server/gpt_mg/version0_15_update20260413/blocks/01_preamble.txt"", ""metadata"": {""id"": ""01"", ""role"": ""preprocessor"", ""params"": ""temperature, micro_rules"", ""description"": ""Global deterministic JOILang generation rules and schema-faithful behavior."", ""placeholders"": ""{command_eng}, {connected_devices}, {service_list_snippet}, {optional_cron}, {optional_period}""}}, {""id"": ""02"", ""path"": ""/home/mgjeong/Desktop/llm/JOILang-Server/gpt_mg/version0_15_update20260413/blocks/02_generator_prompt.txt"", ""metadata"": {""id"": ""02"", ""role"": ""generator"", ""params"": ""temperature, few_shot_count, max_tokens, micro_rules"", ""description"": ""Main JOILang generator block with deterministic JSON-only output and schema-grounded exemplars."", ""placeholders"": ""{command_eng}, {connected_devices}, {service_list_snippet}, {optional_cron}, {optional_period}, {candidate_strategy}""}}, {""id"": ""03"", ""path"": ""/home/mgjeong/Desktop/llm/JOILang-Server/gpt_mg/version0_15_update20260413/blocks/03_postprocessor.txt"", ""metadata"": {""id"": ""03"", ""role"": ""postprocessor"", ""params"": ""max_tokens, micro_rules"", ""description"": ""Final JOILang output scrubber that enforces JSON shape and strips explanation drift."", ""placeholders"": ""{command_eng}, {connected_devices}, {service_list_snippet}, {optional_cron}, {optional_period}""}}]}]","[""/home/mgjeong/Desktop/llm/JOILang-Server/gpt_mg/version0_15_update20260413/logs/suite_qwen25_coder_14b_gen-10d1e822-839a-a138-8806-3c64fda98499_qwen25_coder_14b_15/row_002_cand_1.json""]",ok,20.1167,worker,Qwen/Qwen2.5-Coder-14B-Instruct,1,0,,[],False,152930,31754,49,31803,17.7628,37.0266
3,1,밥솥을 조리 모드로 30분 작동시켜.,Start the rice cooker on cooking mode for 30 minutes.,"{""name"": """", 
""cron"": """", 
""period"": 0, 
""script"": ""(#RiceCooker).SetCookingParameters(\""cooking\"", 1800)""}",,"{""name"": """", 
""cron"": """", 
""period"": 0, 
""script"": ""(#RiceCooker).RiceCooker_SetCookingParameters(\""cooking\"", 1800)""}",3,version0_15_update20260413,gen-10d1e822-839a-a138-8806-3c64fda98499__qwen25_coder_14b,975035167,suite_qwen25_coder_14b_gen-10d1e822-839a-a138-8806-3c64fda98499_qwen25_coder_14b_15,1,"[""{\""name\"":\""StartRiceCooker\"",\""cron\"":\""\"",\""period\"":0,\""code\"":\""(#RiceCooker).ricecooker_setricecookermode(cooking)\""}""]","[{""candidate_index"": 0, ""strategy"": ""compact_json"", ""prompt_chars"": 152957, ""prompt_tokens"": 31759, ""completion_tokens"": 52, ""total_tokens"": 31811, ""latency_sec"": 17.9969, ""peak_vram_gb"": 37.0272, ""load_sec"": 0.0, ""generate_sec"": 17.8665, ""prompt_prep_sec"": 0.0894, ""decode_sec"": 0.0003, ""worker_pid"": 3039869, ""error_type"": """", ""oom_flag"": false, ""block_manifest"": [{""id"": ""01"", ""path"": ""/home/mgjeong/Desktop/llm/JOILang-Server/gpt_mg/version0_15_update20260413/blocks/01_preamble.txt"", ""metadata"": {""id"": ""01"", ""role"": ""preprocessor"", ""params"": ""temperature, micro_rules"", ""description"": ""Global deterministic JOILang generation rules and schema-faithful behavior."", ""placeholders"": ""{command_eng}, {connected_devices}, {service_list_snippet}, {optional_cron}, {optional_period}""}}, {""id"": ""02"", ""path"": ""/home/mgjeong/Desktop/llm/JOILang-Server/gpt_mg/version0_15_update20260413/blocks/02_generator_prompt.txt"", ""metadata"": {""id"": ""02"", ""role"": ""generator"", ""params"": ""temperature, few_shot_count, max_tokens, micro_rules"", ""description"": ""Main JOILang generator block with deterministic JSON-only output and schema-grounded exemplars."", ""placeholders"": ""{command_eng}, {connected_devices}, {service_list_snippet}, {optional_cron}, {optional_period}, {candidate_strategy}""}}, {""id"": ""03"", ""path"": ""/home/mgjeong/Desktop/llm/JOILang-Server/gpt_mg/version0_15_update20260413/blocks/03_postprocessor.txt"", ""metadata"": {""id"": ""03"", ""role"": ""postprocessor"", ""params"": ""max_tokens, micro_rules"", ""description"": ""Final JOILang output scrubber that enforces JSON shape and strips explanation drift."", ""placeholders"": ""{command_eng}, {connected_devices}, {service_list_snippet}, {optional_cron}, {optional_period}""}}]}]","[""/home/mgjeong/Desktop/llm/JOILang-Server/gpt_mg/version0_15_update20260413/logs/suite_qwen25_coder_14b_gen-10d1e822-839a-a138-8806-3c64fda98499_qwen25_coder_14b_15/row_003_cand_1.json""]",ok,20.3112,worker,Qwen/Qwen2.5-Coder-14B-Instruct,1,0,,[],False,152957,31759,52,31811,17.9969,37.0272
4,1,사이렌을 응급모드로 울려줘.,Set the siren to emergency mode.,"{""name"": """", 
""cron"": """", 
""period"": 0, 
""script"": ""(#Siren).SetSirenMode(\""emergency\"")""}",,"{""name"": """", 
""cron"": """", 
""period"": 0, 
""script"": ""(#Siren).Siren_SetSirenMode(\""emergency\"")""}",4,version0_15_update20260413,gen-10d1e822-839a-a138-8806-3c64fda98499__qwen25_coder_14b,975035167,suite_qwen25_coder_14b_gen-10d1e822-839a-a138-8806-3c64fda98499_qwen25_coder_14b_15,1,"[""{\""name\"":\""SetSirenToEmergencyMode\"",\""cron\"":\""\"",\""period\"":0,\""code\"":\""(#Siren).siren_setsirenmode(emergency)\""}""]","[{""candidate_index"": 0, ""strategy"": ""compact_json"", ""prompt_chars"": 152936, ""prompt_tokens"": 31754, ""completion_tokens"": 48, ""total_tokens"": 31802, ""latency_sec"": 17.7221, ""peak_vram_gb"": 37.0266, ""load_sec"": 0.0, ""generate_sec"": 17.555, ""prompt_prep_sec"": 0.1253, ""decode_sec"": 0.0003, ""worker_pid"": 3039869, ""error_type"": """", ""oom_flag"": false, ""block_manifest"": [{""id"": ""01"", ""path"": ""/home/mgjeong/Desktop/llm/JOILang-Server/gpt_mg/version0_15_update20260413/blocks/01_preamble.txt"", ""metadata"": {""id"": ""01"", ""role"": ""preprocessor"", ""params"": ""temperature, micro_rules"", ""description"": ""Global deterministic JOILang generation rules and schema-faithful behavior."", ""placeholders"": ""{command_eng}, {connected_devices}, {service_list_snippet}, {optional_cron}, {optional_period}""}}, {""id"": ""02"", ""path"": ""/home/mgjeong/Desktop/llm/JOILang-Server/gpt_mg/version0_15_update20260413/blocks/02_generator_prompt.txt"", ""metadata"": {""id"": ""02"", ""role"": ""generator"", ""params"": ""temperature, few_shot_count, max_tokens, micro_rules"", ""description"": ""Main JOILang generator block with deterministic JSON-only output and schema-grounded exemplars."", ""placeholders"": ""{command_eng}, {connected_devices}, {service_list_snippet}, {optional_cron}, {optional_period}, {candidate_strategy}""}}, {""id"": ""03"", ""path"": ""/home/mgjeong/Desktop/llm/JOILang-Server/gpt_mg/version0_15_update20260413/blocks/03_postprocessor.txt"", ""metadata"": {""id"": ""03"", ""role"": ""postprocessor"", ""params"": ""max_tokens, micro_rules"", ""description"": ""Final JOILang output scrubber that enforces JSON shape and strips explanation drift."", ""placeholders"": ""{command_eng}, {connected_devices}, {service_list_snippet}, {optional_cron}, {optional_period}""}}]}]","[""/home/mgjeong/Desktop/llm/JOILang-Server/gpt_mg/version0_15_update20260413/logs/suite_qwen25_coder_14b_gen-10d1e822-839a-a138-8806-3c64fda98499_qwen25_coder_14b_15/row_004_cand_1.json""]",ok,20.1126,worker,Qwen/Qwen2.5-Coder-14B-Instruct,1,0,,[],False,152936,31754,48,31802,17.7221,37.0266
5,1,스피커의 볼륨을 30으로 설정해줘.,Set the speaker volume to 30.,"{""name"": """", 
""cron"": """", 
""period"": 0, 
""script"": ""(#Speaker).SetVolume(30)""}",,"{""name"": """", 
""cron"": """", 
""period"": 0, 
""script"": ""(#Speaker).Speaker_SetVolume(30)""}",5,version0_15_update20260413,gen-10d1e822-839a-a138-8806-3c64fda98499__qwen25_coder_14b,975035167,suite_qwen25_coder_14b_gen-10d1e822-839a-a138-8806-3c64fda98499_qwen25_coder_14b_15,1,"[""{\""name\"":\""SetSpeakerVolume\"",\""cron\"":\""\"",\""period\"":0,\""code\"":\""(#Speaker).speaker_setvolume(30)\""}""]","[{""candidate_index"": 0, ""strategy"": ""compact_json"", ""prompt_chars"": 152933, ""prompt_tokens"": 31755, ""completion_tokens"": 43, ""total_tokens"": 31798, ""latency_sec"": 17.3145, ""peak_vram_gb"": 37.0263, ""load_sec"": 0.0, ""generate_sec"": 17.1933, ""prompt_prep_sec"": 0.0819, ""decode_sec"": 0.0002, ""worker_pid"": 3039869, ""error_type"": """", ""oom_flag"": false, ""block_manifest"": [{""id"": ""01"", ""path"": ""/home/mgjeong/Desktop/llm/JOILang-Server/gpt_mg/version0_15_update20260413/blocks/01_preamble.txt"", ""metadata"": {""id"": ""01"", ""role"": ""preprocessor"", ""params"": ""temperature, micro_rules"", ""description"": ""Global deterministic JOILang generation rules and schema-faithful behavior."", ""placeholders"": ""{command_eng}, {connected_devices}, {service_list_snippet}, {optional_cron}, {optional_period}""}}, {""id"": ""02"", ""path"": ""/home/mgjeong/Desktop/llm/JOILang-Server/gpt_mg/version0_15_update20260413/blocks/02_generator_prompt.txt"", ""metadata"": {""id"": ""02"", ""role"": ""generator"", ""params"": ""temperature, few_shot_count, max_tokens, micro_rules"", ""description"": ""Main JOILang generator block with deterministic JSON-only output and schema-grounded exemplars."", ""placeholders"": ""{command_eng}, {connected_devices}, {service_list_snippet}, {optional_cron}, {optional_period}, {candidate_strategy}""}}, {""id"": ""03"", ""path"": ""/home/mgjeong/Desktop/llm/JOILang-Server/gpt_mg/version0_15_update20260413/blocks/03_postprocessor.txt"", ""metadata"": {""id"": ""03"", ""role"": ""postprocessor"", ""params"": ""max_tokens, micro_rules"", ""description"": ""Final JOILang output scrubber that enforces JSON shape and strips explanation drift."", ""placeholders"": ""{command_eng}, {connected_devices}, {service_list_snippet}, {optional_cron}, {optional_period}""}}]}]","[""/home/mgjeong/Desktop/llm/JOILang-Server/gpt_mg/version0_15_update20260413/logs/suite_qwen25_coder_14b_gen-10d1e822-839a-a138-8806-3c64fda98499_qwen25_coder_14b_15/row_005_cand_1.json""]",ok,19.6884,worker,Qwen/Qwen2.5-Coder-14B-Instruct,1,0,,[],False,152933,31755,43,31798,17.3145,37.0263
6,1,TV 채널을 하나 내려줘.,Turn the TV channel down by one.,"{""name"": """", 
""cron"": """", 
""period"": 0, 
""script"": ""(#Television).ChannelDown()""}",,"{""name"": """", 
""cron"": """", 
""period"": 0, 
""script"": ""(#Television).Television_ChannelDown()""}",6,version0_15_update20260413,gen-10d1e822-839a-a138-8806-3c64fda98499__qwen25_coder_14b,975035167,suite_qwen25_coder_14b_gen-10d1e822-839a-a138-8806-3c64fda98499_qwen25_coder_14b_15,1,"[""{\""name\"":\""TurnTVChannelDown\"",\""cron\"":\""\"",\""period\"":0,\""code\"":\""(#Television).television_channeldown()\""}""]","[{""candidate_index"": 0, ""strategy"": ""compact_json"", ""prompt_chars"": 152936, ""prompt_tokens"": 31754, ""completion_tokens"": 45, ""total_tokens"": 31799, ""latency_sec"": 17.4483, ""peak_vram_gb"": 37.0266, ""load_sec"": 0.0, ""generate_sec"": 17.3293, ""prompt_prep_sec"": 0.0783, ""decode_sec"": 0.0003, ""worker_pid"": 3039869, ""error_type"": """", ""oom_flag"": false, ""block_manifest"": [{""id"": ""01"", ""path"": ""/home/mgjeong/Desktop/llm/JOILang-Server/gpt_mg/version0_15_update20260413/blocks/01_preamble.txt"", ""metadata"": {""id"": ""01"", ""role"": ""preprocessor"", ""params"": ""temperature, micro_rules"", ""description"": ""Global deterministic JOILang generation rules and schema-faithful behavior."", ""placeholders"": ""{command_eng}, {connected_devices}, {service_list_snippet}, {optional_cron}, {optional_period}""}}, {""id"": ""02"", ""path"": ""/home/mgjeong/Desktop/llm/JOILang-Server/gpt_mg/version0_15_update20260413/blocks/02_generator_prompt.txt"", ""metadata"": {""id"": ""02"", ""role"": ""generator"", ""params"": ""temperature, few_shot_count, max_tokens, micro_rules"", ""description"": ""Main JOILang generator block with deterministic JSON-only output and schema-grounded exemplars."", ""placeholders"": ""{command_eng}, {connected_devices}, {service_list_snippet}, {optional_cron}, {optional_period}, {candidate_strategy}""}}, {""id"": ""03"", ""path"": ""/home/mgjeong/Desktop/llm/JOILang-Server/gpt_mg/version0_15_update20260413/blocks/03_postprocessor.txt"", ""metadata"": {""id"": ""03"", ""role"": ""postprocessor"", ""params"": ""max_tokens, micro_rules"", ""description"": ""Final JOILang output scrubber that enforces JSON shape and strips explanation drift."", ""placeholders"": ""{command_eng}, {connected_devices}, {service_list_snippet}, {optional_cron}, {optional_period}""}}]}]","[""/home/mgjeong/Desktop/llm/JOILang-Server/gpt_mg/version0_15_update20260413/logs/suite_qwen25_coder_14b_gen-10d1e822-839a-a138-8806-3c64fda98499_qwen25_coder_14b_15/row_006_cand_1.json""]",ok,19.8023,worker,Qwen/Qwen2.5-Coder-14B-Instruct,1,0,,[],False,152936,31754,45,31799,17.4483,37.0266
7,1,TV로 7번 채널을 틀어줘.,Switch the TV to channel 7.,"{""name"": """", 
""cron"": """", 
""period"": 0, 
""script"": ""(#Television).SetChannel(7)""}",,"{""name"": """", 
""cron"": """", 
""period"": 0, 
""script"": ""(#Television).Television_SetChannel(7)""}",7,version0_15_update20260413,gen-10d1e822-839a-a138-8806-3c64fda98499__qwen25_coder_14b,975035167,suite_qwen25_coder_14b_gen-10d1e822-839a-a138-8806-3c64fda98499_qwen25_coder_14b_15,1,"[""{\""name\"":\""SwitchTVToChannel7\"",\""cron\"":\""\"",\""period\"":0,\""code\"":\""(#Television).television_setchannel(7)\""}""]","[{""candidate_index"": 0, ""strategy"": ""compact_json"", ""prompt_chars"": 152931, ""prompt_tokens"": 31754, ""completion_tokens"": 46, ""total_tokens"": 31800, ""latency_sec"": 17.5414, ""peak_vram_gb"": 37.0266, ""load_sec"": 0.0, ""generate_sec"": 17.4132, ""prompt_prep_sec"": 0.0862, ""decode_sec"": 0.0002, ""worker_pid"": 3039869, ""error_type"": """", ""oom_flag"": false, ""block_manifest"": [{""id"": ""01"", ""path"": ""/home/mgjeong/Desktop/llm/JOILang-Server/gpt_mg/version0_15_update20260413/blocks/01_preamble.txt"", ""metadata"": {""id"": ""01"", ""role"": ""preprocessor"", ""params"": ""temperature, micro_rules"", ""description"": ""Global deterministic JOILang generation rules and schema-faithful behavior."", ""placeholders"": ""{command_eng}, {connected_devices}, {service_list_snippet}, {optional_cron}, {optional_period}""}}, {""id"": ""02"", ""path"": ""/home/mgjeong/Desktop/llm/JOILang-Server/gpt_mg/version0_15_update20260413/blocks/02_generator_prompt.txt"", ""metadata"": {""id"": ""02"", ""role"": ""generator"", ""params"": ""temperature, few_shot_count, max_tokens, micro_rules"", ""description"": ""Main JOILang generator block with deterministic JSON-only output and schema-grounded exemplars."", ""placeholders"": ""{command_eng}, {connected_devices}, {service_list_snippet}, {optional_cron}, {optional_period}, {candidate_strategy}""}}, {""id"": ""03"", ""path"": ""/home/mgjeong/Desktop/llm/JOILang-Server/gpt_mg/version0_15_update20260413/blocks/03_postprocessor.txt"", ""metadata"": {""id"": ""03"", ""role"": ""postprocessor"", ""params"": ""max_tokens, micro_rules"", ""description"": ""Final JOILang output scrubber that enforces JSON shape and strips explanation drift."", ""placeholders"": ""{command_eng}, {connected_devices}, {service_list_snippet}, {optional_cron}, {optional_period}""}}]}]","[""/home/mgjeong/Desktop/llm/JOILang-Server/gpt_mg/version0_15_update20260413/logs/suite_qwen25_coder_14b_gen-10d1e822-839a-a138-8806-3c64fda98499_qwen25_coder_14b_15/row_007_cand_1.json""]",ok,19.9674,worker,Qwen/Qwen2.5-Coder-14B-Instruct,1,0,,[],False,152931,31754,46,31800,17.5414,37.0266
8,1,현재 온도를 스피커로 알려줘.,Announce the temperature through the speaker.,"{""name"": """", 
""cron"": """", 
""period"": 0, 
""script"": ""\ntemp = (#TemperatureSensor).Temperature\n\n(#Speaker).Speak(\""현재 온도는 \"" + temp + \""도입니다\"")""}",,"{""name"": """", 
""cron"": """", 
""period"": 0, 
""script"": ""\ntemp = (#TemperatureSensor).TemperatureSensor_Temperature\n\n(#Speaker).Speaker_Speak(\""현재 온도는 \"" + temp + \""도입니다\"")""}",8,version0_15_update20260413,gen-10d1e822-839a-a138-8806-3c64fda98499__qwen25_coder_14b,975035167,suite_qwen25_coder_14b_gen-10d1e822-839a-a138-8806-3c64fda98499_qwen25_coder_14b_15,1,"[""{\""name\"":\""AnnounceTemperatureThroughSpeaker\"",\""cron\"":\""\"",\""period\"":0,\""code\"":\""(#TemperatureSensor).temperature_sensor_temperature().then((temp) => (#Speaker).speaker_speak('The current temperature is ' + temp + ' degrees Celsius'))\""}""]","[{""candidate_index"": 0, ""strategy"": ""compact_json"", ""prompt_chars"": 152949, ""prompt_tokens"": 31754, ""completion_tokens"": 68, ""total_tokens"": 31822, ""latency_sec"": 19.1422, ""peak_vram_gb"": 37.0266, ""load_sec"": 0.0, ""generate_sec"": 19.0103, ""prompt_prep_sec"": 0.0903, ""decode_sec"": 0.0003, ""worker_pid"": 3039869, ""error_type"": """", ""oom_flag"": false, ""block_manifest"": [{""id"": ""01"", ""path"": ""/home/mgjeong/Desktop/llm/JOILang-Server/gpt_mg/version0_15_update20260413/blocks/01_preamble.txt"", ""metadata"": {""id"": ""01"", ""role"": ""preprocessor"", ""params"": ""temperature, micro_rules"", ""description"": ""Global deterministic JOILang generation rules and schema-faithful behavior."", ""placeholders"": ""{command_eng}, {connected_devices}, {service_list_snippet}, {optional_cron}, {optional_period}""}}, {""id"": ""02"", ""path"": ""/home/mgjeong/Desktop/llm/JOILang-Server/gpt_mg/version0_15_update20260413/blocks/02_generator_prompt.txt"", ""metadata"": {""id"": ""02"", ""role"": ""generator"", ""params"": ""temperature, few_shot_count, max_tokens, micro_rules"", ""description"": ""Main JOILang generator block with deterministic JSON-only output and schema-grounded exemplars."", ""placeholders"": ""{command_eng}, {connected_devices}, {service_list_snippet}, {optional_cron}, {optional_period}, {candidate_strategy}""}}, {""id"": ""03"", ""path"": ""/home/mgjeong/Desktop/llm/JOILang-Server/gpt_mg/version0_15_update20260413/blocks/03_postprocessor.txt"", ""metadata"": {""id"": ""03"", ""role"": ""postprocessor"", ""params"": ""max_tokens, micro_rules"", ""description"": ""Final JOILang output scrubber that enforces JSON shape and strips explanation drift."", ""placeholders"": ""{command_eng}, {connected_devices}, {service_list_snippet}, {optional_cron}, {optional_period}""}}]}]","[""/home/mgjeong/Desktop/llm/JOILang-Server/gpt_mg/version0_15_update20260413/logs/suite_qwen25_coder_14b_gen-10d1e822-839a-a138-8806-3c64fda98499_qwen25_coder_14b_15/row_008_cand_1.json""]",ok,21.5381,worker,Qwen/Qwen2.5-Coder-14B-Instruct,1,0,,[],False,152949,31754,68,31822,19.1422,37.0266
9,1,외부 온도를 스피커로 출력해줘.,Tell me the outdoor temperature through the speaker.,"{""name"": """", 
""cron"": """", 
""period"": 0, 
""script"": ""\ntemp = (#WeatherProvider).TemperatureWeather\n\n(#Speaker).Speak(\""외부 온도는 \"" + temp + \""도입니다\"")""}",,"{""name"": """", 
""cron"": """", 
""period"": 0, 
""script"": ""\ntemp = (#WeatherProvider).WeatherProvider_TemperatureWeather\n\n(#Speaker).Speaker_Speak(\""외부 온도는 \"" + temp + \""도입니다\"")""}",9,version0_15_update20260413,gen-10d1e822-839a-a138-8806-3c64fda98499__qwen25_coder_14b,975035167,suite_qwen25_coder_14b_gen-10d1e822-839a-a138-8806-3c64fda98499_qwen25_coder_14b_15,1,"[""{\""name\"":\""TellOutdoorTemperatureThroughSpeaker\"",\""cron\"":\""\"",\""period\"":0,\""code\"":\""(#AirQualitySensor).airqualitysensor_temperature().then((temp) => (#Speaker).speaker_speak('The outdoor temperature is ' + temp + ' degrees Celsius'))\""}""]","[{""candidate_index"": 0, ""strategy"": ""compact_json"", ""prompt_chars"": 152956, ""prompt_tokens"": 31755, ""completion_tokens"": 70, ""total_tokens"": 31825, ""latency_sec"": 19.2806, ""peak_vram_gb"": 37.0263, ""load_sec"": 0.0, ""generate_sec"": 19.1621, ""prompt_prep_sec"": 0.0748, ""decode_sec"": 0.0003, ""worker_pid"": 3039869, ""error_type"": """", ""oom_flag"": false, ""block_manifest"": [{""id"": ""01"", ""path"": ""/home/mgjeong/Desktop/llm/JOILang-Server/gpt_mg/version0_15_update20260413/blocks/01_preamble.txt"", ""metadata"": {""id"": ""01"", ""role"": ""preprocessor"", ""params"": ""temperature, micro_rules"", ""description"": ""Global deterministic JOILang generation rules and schema-faithful behavior."", ""placeholders"": ""{command_eng}, {connected_devices}, {service_list_snippet}, {optional_cron}, {optional_period}""}}, {""id"": ""02"", ""path"": ""/home/mgjeong/Desktop/llm/JOILang-Server/gpt_mg/version0_15_update20260413/blocks/02_generator_prompt.txt"", ""metadata"": {""id"": ""02"", ""role"": ""generator"", ""params"": ""temperature, few_shot_count, max_tokens, micro_rules"", ""description"": ""Main JOILang generator block with deterministic JSON-only output and schema-grounded exemplars."", ""placeholders"": ""{command_eng}, {connected_devices}, {service_list_snippet}, {optional_cron}, {optional_period}, {candidate_strategy}""}}, {""id"": ""03"", ""path"": ""/home/mgjeong/Desktop/llm/JOILang-Server/gpt_mg/version0_15_update20260413/blocks/03_postprocessor.txt"", ""metadata"": {""id"": ""03"", ""role"": ""postprocessor"", ""params"": ""max_tokens, micro_rules"", ""description"": ""Final JOILang output scrubber that enforces JSON shape and strips explanation drift."", ""placeholders"": ""{command_eng}, {connected_devices}, {service_list_snippet}, {optional_cron}, {optional_period}""}}]}]","[""/home/mgjeong/Desktop/llm/JOILang-Server/gpt_mg/version0_15_update20260413/logs/suite_qwen25_coder_14b_gen-10d1e822-839a-a138-8806-3c64fda98499_qwen25_coder_14b_15/row_009_cand_1.json""]",ok,21.6936,worker,Qwen/Qwen2.5-Coder-14B-Instruct,1,0,,[],False,152956,31755,70,31825,19.2806,37.0263
10,1,현재 습도를 스피커로 말해줘.,Tell me the current humidity through the speaker.,"{""name"": """", 
""cron"": """", 
""period"": 0, 
""script"": ""\nhum = (#HumiditySensor).Humidity\n\n(#Speaker).Speak(\""현재 습도는 \"" + hum + \""%입니다\"")""}",,"{""name"": """", 
""cron"": """", 
""period"": 0, 
""script"": ""\nhum = (#HumiditySensor).HumiditySensor_Humidity\n\n(#Speaker).Speaker_Speak(\""현재 습도는 \"" + hum + \""%입니다\"")""}",10,version0_15_update20260413,gen-10d1e822-839a-a138-8806-3c64fda98499__qwen25_coder_14b,975035167,suite_qwen25_coder_14b_gen-10d1e822-839a-a138-8806-3c64fda98499_qwen25_coder_14b_15,1,"[""{\""name\"":\""TellHumidityThroughSpeaker\"",\""cron\"":\""\"",\""period\"":0,\""code\"":\""(#AirQualitySensor).airqualitysensor_humidity().speaker_speak()\""}""]","[{""candidate_index"": 0, ""strategy"": ""compact_json"", ""prompt_chars"": 152953, ""prompt_tokens"": 31755, ""completion_tokens"": 50, ""total_tokens"": 31805, ""latency_sec"": 17.8083, ""peak_vram_gb"": 37.0263, ""load_sec"": 0.0, ""generate_sec"": 17.6885, ""prompt_prep_sec"": 0.0781, ""decode_sec"": 0.0002, ""worker_pid"": 3039869, ""error_type"": """", ""oom_flag"": false, ""block_manifest"": [{""id"": ""01"", ""path"": ""/home/mgjeong/Desktop/llm/JOILang-Server/gpt_mg/version0_15_update20260413/blocks/01_preamble.txt"", ""metadata"": {""id"": ""01"", ""role"": ""preprocessor"", ""params"": ""temperature, micro_rules"", ""description"": ""Global deterministic JOILang generation rules and schema-faithful behavior."", ""placeholders"": ""{command_eng}, {connected_devices}, {service_list_snippet}, {optional_cron}, {optional_period}""}}, {""id"": ""02"", ""path"": ""/home/mgjeong/Desktop/llm/JOILang-Server/gpt_mg/version0_15_update20260413/blocks/02_generator_prompt.txt"", ""metadata"": {""id"": ""02"", ""role"": ""generator"", ""params"": ""temperature, few_shot_count, max_tokens, micro_rules"", ""description"": ""Main JOILang generator block with deterministic JSON-only output and schema-grounded exemplars."", ""placeholders"": ""{command_eng}, {connected_devices}, {service_list_snippet}, {optional_cron}, {optional_period}, {candidate_strategy}""}}, {""id"": ""03"", ""path"": ""/home/mgjeong/Desktop/llm/JOILang-Server/gpt_mg/version0_15_update20260413/blocks/03_postprocessor.txt"", ""metadata"": {""id"": ""03"", ""role"": ""postprocessor"", ""params"": ""max_tokens, micro_rules"", ""description"": ""Final JOILang output scrubber that enforces JSON shape and strips explanation drift."", ""placeholders"": ""{command_eng}, {connected_devices}, {service_list_snippet}, {optional_cron}, {optional_period}""}}]}]","[""/home/mgjeong/Desktop/llm/JOILang-Server/gpt_mg/version0_15_update20260413/logs/suite_qwen25_coder_14b_gen-10d1e822-839a-a138-8806-3c64fda98499_qwen25_coder_14b_15/row_010_cand_1.json""]",ok,20.2352,worker,Qwen/Qwen2.5-Coder-14B-Instruct,1,0,,[],False,152953,31755,50,31805,17.8083,37.0263
1,2,거실 조명을 노란색으로 설정해줘.,Set the living room light to yellow.,"{""name"": """", 
""cron"": """", 
""period"": 0, 
""script"": ""(#LivingRoom #Light).SetColor(\""255|255|0\"")""}","{'LivingRoom_Light': {'category': ['Light', 'ColorControl'], 'tags': ['LivingRoom', 'Light', 'ColorControl']}, 'Kitchen_Light': {'category': ['Light', 'ColorControl'], 'tags': ['Kitchen', 'Light', 'ColorControl']}}","{""name"": """", 
""cron"": """", 
""period"": 0, 
""script"": ""(#LivingRoom #Light).ColorControl_SetColor(\""255|255|0\"")""}",31,version0_15_update20260413,gen-10d1e822-839a-a138-8806-3c64fda98499__qwen25_coder_14b,975035167,suite_qwen25_coder_14b_gen-10d1e822-839a-a138-8806-3c64fda98499_qwen25_coder_14b_15,1,"[""{\""name\"":\""SetLivingRoomLightToYellow\"",\""cron\"":\""\"",\""period\"":0,\""code\"":\""(#LivingRoom #Light).light_movetorgb(255, 255, 0)\""}""]","[{""candidate_index"": 0, ""strategy"": ""compact_json"", ""prompt_chars"": 36628, ""prompt_tokens"": 7775, ""completion_tokens"": 60, ""total_tokens"": 7835, ""latency_sec"": 5.5786, ""peak_vram_gb"": 29.8574, ""load_sec"": 0.0, ""generate_sec"": 5.5243, ""prompt_prep_sec"": 0.0289, ""decode_sec"": 0.0002, ""worker_pid"": 3039869, ""error_type"": """", ""oom_flag"": false, ""block_manifest"": [{""id"": ""01"", ""path"": ""/home/mgjeong/Desktop/llm/JOILang-Server/gpt_mg/version0_15_update20260413/blocks/01_preamble.txt"", ""metadata"": {""id"": ""01"", ""role"": ""preprocessor"", ""params"": ""temperature, micro_rules"", ""description"": ""Global deterministic JOILang generation rules and schema-faithful behavior."", ""placeholders"": ""{command_eng}, {connected_devices}, {service_list_snippet}, {optional_cron}, {optional_period}""}}, {""id"": ""02"", ""path"": ""/home/mgjeong/Desktop/llm/JOILang-Server/gpt_mg/version0_15_update20260413/blocks/02_generator_prompt.txt"", ""metadata"": {""id"": ""02"", ""role"": ""generator"", ""params"": ""temperature, few_shot_count, max_tokens, micro_rules"", ""description"": ""Main JOILang generator block with deterministic JSON-only output and schema-grounded exemplars."", ""placeholders"": ""{command_eng}, {connected_devices}, {service_list_snippet}, {optional_cron}, {optional_period}, {candidate_strategy}""}}, {""id"": ""03"", ""path"": ""/home/mgjeong/Desktop/llm/JOILang-Server/gpt_mg/version0_15_update20260413/blocks/03_postprocessor.txt"", ""metadata"": {""id"": ""03"", ""role"": ""postprocessor"", ""params"": ""max_tokens, micro_rules"", ""description"": ""Final JOILang output scrubber that enforces JSON shape and strips explanation drift."", ""placeholders"": ""{command_eng}, {connected_devices}, {service_list_snippet}, {optional_cron}, {optional_period}""}}]}]","[""/home/mgjeong/Desktop/llm/JOILang-Server/gpt_mg/version0_15_update20260413/logs/suite_qwen25_coder_14b_gen-10d1e822-839a-a138-8806-3c64fda98499_qwen25_coder_14b_15/row_031_cand_1.json""]",ok,7.9159,worker,Qwen/Qwen2.5-Coder-14B-Instruct,1,0,,[],False,36628,7775,60,7835,5.5786,29.8574
2,2,카메라로 회의실 사진을 촬영해줘.,Capture an image of the meeting room with the camera.,"{""name"": """", 
""cron"": """", 
""period"": 0, 
""script"": ""(#MeetingRoom #Camera).CaptureImage()""}","{'MeetingRoom_Camera': {'category': 'Camera', 'tags': ['MeetingRoom', 'Camera']}, 'Hallway_Camera': {'category': 'Camera', 'tags': ['Hallway', 'Camera']}}","{""name"": """", 
""cron"": """", 
""period"": 0, 
""script"": ""(#MeetingRoom #Camera).Camera_CaptureImage()""}",32,version0_15_update20260413,gen-10d1e822-839a-a138-8806-3c64fda98499__qwen25_coder_14b,975035167,suite_qwen25_coder_14b_gen-10d1e822-839a-a138-8806-3c64fda98499_qwen25_coder_14b_15,1,"[""{\""name\"":\""CaptureMeetingRoomImage\"",\""cron\"":\""\"",\""period\"":0,\""code\"":\""(#MeetingRoom #Camera).camera_captureimage()\""}""]","[{""candidate_index"": 0, ""strategy"": ""compact_json"", ""prompt_chars"": 24257, ""prompt_tokens"": 5284, ""completion_tokens"": 44, ""total_tokens"": 5328, ""latency_sec"": 3.7795, ""peak_vram_gb"": 29.1152, ""load_sec"": 0.0, ""generate_sec"": 3.7374, ""prompt_prep_sec"": 0.0187, ""decode_sec"": 0.0002, ""worker_pid"": 3039869, ""error_type"": """", ""oom_flag"": false, ""block_manifest"": [{""id"": ""01"", ""path"": ""/home/mgjeong/Desktop/llm/JOILang-Server/gpt_mg/version0_15_update20260413/blocks/01_preamble.txt"", ""metadata"": {""id"": ""01"", ""role"": ""preprocessor"", ""params"": ""temperature, micro_rules"", ""description"": ""Global deterministic JOILang generation rules and schema-faithful behavior."", ""placeholders"": ""{command_eng}, {connected_devices}, {service_list_snippet}, {optional_cron}, {optional_period}""}}, {""id"": ""02"", ""path"": ""/home/mgjeong/Desktop/llm/JOILang-Server/gpt_mg/version0_15_update20260413/blocks/02_generator_prompt.txt"", ""metadata"": {""id"": ""02"", ""role"": ""generator"", ""params"": ""temperature, few_shot_count, max_tokens, micro_rules"", ""description"": ""Main JOILang generator block with deterministic JSON-only output and schema-grounded exemplars."", ""placeholders"": ""{command_eng}, {connected_devices}, {service_list_snippet}, {optional_cron}, {optional_period}, {candidate_strategy}""}}, {""id"": ""03"", ""path"": ""/home/mgjeong/Desktop/llm/JOILang-Server/gpt_mg/version0_15_update20260413/blocks/03_postprocessor.txt"", ""metadata"": {""id"": ""03"", ""role"": ""postprocessor"", ""params"": ""max_tokens, micro_rules"", ""description"": ""Final JOILang output scrubber that enforces JSON shape and strips explanation drift."", ""placeholders"": ""{command_eng}, {connected_devices}, {service_list_snippet}, {optional_cron}, {optional_period}""}}]}]","[""/home/mgjeong/Desktop/llm/JOILang-Server/gpt_mg/version0_15_update20260413/logs/suite_qwen25_coder_14b_gen-10d1e822-839a-a138-8806-3c64fda98499_qwen25_coder_14b_15/row_032_cand_1.json""]",ok,6.1149,worker,Qwen/Qwen2.5-Coder-14B-Instruct,1,0,,[],False,24257,5284,44,5328,3.7795,29.1152
3,2,거실 조명의 밝기를 80%로 설정해줘.,Set the brightness of the living room light to 80%.,"{""name"": """", 
""cron"": """", 
""period"": 0, 
""script"": ""(#LivingRoom #Light).MoveToBrightness(80, 0)""}","{'LivingRoom_Light': {'category': 'Light', 'tags': ['LivingRoom', 'Light']}, 'Bedroom_Light': {'category': 'Light', 'tags': ['Bedroom', 'Light']}}","{""name"": """", 
""cron"": """", 
""period"": 0, 
""script"": ""(#LivingRoom #Light).Light_MoveToBrightness(80, 0)""}",33,version0_15_update20260413,gen-10d1e822-839a-a138-8806-3c64fda98499__qwen25_coder_14b,975035167,suite_qwen25_coder_14b_gen-10d1e822-839a-a138-8806-3c64fda98499_qwen25_coder_14b_15,1,"[""{\""name\"":\""SetLivingRoomLightBrightness\"",\""cron\"":\""\"",\""period\"":0,\""code\"":\""(#LivingRoom #Light).light_movetobrightness(80, 0)\""}""]","[{""candidate_index"": 0, ""strategy"": ""compact_json"", ""prompt_chars"": 33231, ""prompt_tokens"": 7069, ""completion_tokens"": 53, ""total_tokens"": 7122, ""latency_sec"": 4.9244, ""peak_vram_gb"": 29.6456, ""load_sec"": 0.0, ""generate_sec"": 4.8756, ""prompt_prep_sec"": 0.0246, ""decode_sec"": 0.0002, ""worker_pid"": 3039869, ""error_type"": """", ""oom_flag"": false, ""block_manifest"": [{""id"": ""01"", ""path"": ""/home/mgjeong/Desktop/llm/JOILang-Server/gpt_mg/version0_15_update20260413/blocks/01_preamble.txt"", ""metadata"": {""id"": ""01"", ""role"": ""preprocessor"", ""params"": ""temperature, micro_rules"", ""description"": ""Global deterministic JOILang generation rules and schema-faithful behavior."", ""placeholders"": ""{command_eng}, {connected_devices}, {service_list_snippet}, {optional_cron}, {optional_period}""}}, {""id"": ""02"", ""path"": ""/home/mgjeong/Desktop/llm/JOILang-Server/gpt_mg/version0_15_update20260413/blocks/02_generator_prompt.txt"", ""metadata"": {""id"": ""02"", ""role"": ""generator"", ""params"": ""temperature, few_shot_count, max_tokens, micro_rules"", ""description"": ""Main JOILang generator block with deterministic JSON-only output and schema-grounded exemplars."", ""placeholders"": ""{command_eng}, {connected_devices}, {service_list_snippet}, {optional_cron}, {optional_period}, {candidate_strategy}""}}, {""id"": ""03"", ""path"": ""/home/mgjeong/Desktop/llm/JOILang-Server/gpt_mg/version0_15_update20260413/blocks/03_postprocessor.txt"", ""metadata"": {""id"": ""03"", ""role"": ""postprocessor"", ""params"": ""max_tokens, micro_rules"", ""description"": ""Final JOILang output scrubber that enforces JSON shape and strips explanation drift."", ""placeholders"": ""{command_eng}, {connected_devices}, {service_list_snippet}, {optional_cron}, {optional_period}""}}]}]","[""/home/mgjeong/Desktop/llm/JOILang-Server/gpt_mg/version0_15_update20260413/logs/suite_qwen25_coder_14b_gen-10d1e822-839a-a138-8806-3c64fda98499_qwen25_coder_14b_15/row_033_cand_1.json""]",ok,7.2657,worker,Qwen/Qwen2.5-Coder-14B-Instruct,1,0,,[],False,33231,7069,53,7122,4.9244,29.6456
4,2,연구실 제습기를 모두 AI건조모드로 설정해줘.,Set all dehumidifiers in the lab to AI drying mode.,"{""name"": """", 
""cron"": """", 
""period"": 0, 
""script"": ""all(#Lab #Dehumidifier).SetDehumidifierMode(\""AIDrying\"")""}","{'Lab_Dehumidifier_1': {'category': 'Dehumidifier', 'tags': ['Lab', 'North', 'Dehumidifier']}, 'Lab_Dehumidifier_2': {'category': 'Dehumidifier', 'tags': ['Lab', 'South', 'Dehumidifier']}, 'Office_Dehumidifier': {'category': 'Dehumidifier', 'tags': ['Office', 'Dehumidifier']}}","{""name"": """", 
""cron"": """", 
""period"": 0, 
""script"": ""all(#Lab #Dehumidifier).Dehumidifier_SetDehumidifierMode(\""AIDrying\"")""}",34,version0_15_update20260413,gen-10d1e822-839a-a138-8806-3c64fda98499__qwen25_coder_14b,975035167,suite_qwen25_coder_14b_gen-10d1e822-839a-a138-8806-3c64fda98499_qwen25_coder_14b_15,1,"[""{\""name\"":\""SetAllLabDehumidifiersToAIDryingMode\"",\""cron\"":\""\"",\""period\"":0,\""code\"":\""all(#Lab #Dehumidifier).dehumidifier_setdehumidifiermode(AIDrying)\""}""]","[{""candidate_index"": 0, ""strategy"": ""compact_json"", ""prompt_chars"": 23010, ""prompt_tokens"": 5306, ""completion_tokens"": 65, ""total_tokens"": 5371, ""latency_sec"": 4.8307, ""peak_vram_gb"": 29.1178, ""load_sec"": 0.0, ""generate_sec"": 4.7955, ""prompt_prep_sec"": 0.0123, ""decode_sec"": 0.0002, ""worker_pid"": 3039869, ""error_type"": """", ""oom_flag"": false, ""block_manifest"": [{""id"": ""01"", ""path"": ""/home/mgjeong/Desktop/llm/JOILang-Server/gpt_mg/version0_15_update20260413/blocks/01_preamble.txt"", ""metadata"": {""id"": ""01"", ""role"": ""preprocessor"", ""params"": ""temperature, micro_rules"", ""description"": ""Global deterministic JOILang generation rules and schema-faithful behavior."", ""placeholders"": ""{command_eng}, {connected_devices}, {service_list_snippet}, {optional_cron}, {optional_period}""}}, {""id"": ""02"", ""path"": ""/home/mgjeong/Desktop/llm/JOILang-Server/gpt_mg/version0_15_update20260413/blocks/02_generator_prompt.txt"", ""metadata"": {""id"": ""02"", ""role"": ""generator"", ""params"": ""temperature, few_shot_count, max_tokens, micro_rules"", ""description"": ""Main JOILang generator block with deterministic JSON-only output and schema-grounded exemplars."", ""placeholders"": ""{command_eng}, {connected_devices}, {service_list_snippet}, {optional_cron}, {optional_period}, {candidate_strategy}""}}, {""id"": ""03"", ""path"": ""/home/mgjeong/Desktop/llm/JOILang-Server/gpt_mg/version0_15_update20260413/blocks/03_postprocessor.txt"", ""metadata"": {""id"": ""03"", ""role"": ""postprocessor"", ""params"": ""max_tokens, micro_rules"", ""description"": ""Final JOILang output scrubber that enforces JSON shape and strips explanation drift."", ""placeholders"": ""{command_eng}, {connected_devices}, {service_list_snippet}, {optional_cron}, {optional_period}""}}]}]","[""/home/mgjeong/Desktop/llm/JOILang-Server/gpt_mg/version0_15_update20260413/logs/suite_qwen25_coder_14b_gen-10d1e822-839a-a138-8806-3c64fda98499_qwen25_coder_14b_15/row_034_cand_1.json""]",ok,7.1945,worker,Qwen/Qwen2.5-Coder-14B-Instruct,1,0,,[],False,23010,5306,65,5371,4.8307,29.1178
5,2,"거실 조명의 색조는 240, 채도는 80으로 맞춰줘.",Set the hue of the living room light to 240 and the saturation to 80.,"{""name"": """", 
""cron"": """", 
""period"": 0, 
""script"": ""(#LivingRoom #Light).MoveToHueAndSaturation(240, 80)""}","{'LivingRoom_Light': {'category': 'Light', 'tags': ['LivingRoom', 'Light']}, 'Kitchen_Light': {'category': 'Light', 'tags': ['Kitchen', 'Light']}}","{""name"": """", 
""cron"": """", 
""period"": 0, 
""script"": ""(#LivingRoom #Light).Light_MoveToHueAndSaturation(240, 80)""}",35,version0_15_update20260413,gen-10d1e822-839a-a138-8806-3c64fda98499__qwen25_coder_14b,975035167,suite_qwen25_coder_14b_gen-10d1e822-839a-a138-8806-3c64fda98499_qwen25_coder_14b_15,1,"[""{\""name\"":\""SetLivingRoomLightHueAndSaturation\"",\""cron\"":\""\"",\""period\"":0,\""code\"":\""(#LivingRoom #Light).light_movetohueandsaturation(240, 80)\""}""]","[{""candidate_index"": 0, ""strategy"": ""compact_json"", ""prompt_chars"": 33249, ""prompt_tokens"": 7068, ""completion_tokens"": 62, ""total_tokens"": 7130, ""latency_sec"": 5.4068, ""peak_vram_gb"": 29.6453, ""load_sec"": 0.0, ""generate_sec"": 5.3383, ""prompt_prep_sec"": 0.0439, ""decode_sec"": 0.0003, ""worker_pid"": 3039869, ""error_type"": """", ""oom_flag"": false, ""block_manifest"": [{""id"": ""01"", ""path"": ""/home/mgjeong/Desktop/llm/JOILang-Server/gpt_mg/version0_15_update20260413/blocks/01_preamble.txt"", ""metadata"": {""id"": ""01"", ""role"": ""preprocessor"", ""params"": ""temperature, micro_rules"", ""description"": ""Global deterministic JOILang generation rules and schema-faithful behavior."", ""placeholders"": ""{command_eng}, {connected_devices}, {service_list_snippet}, {optional_cron}, {optional_period}""}}, {""id"": ""02"", ""path"": ""/home/mgjeong/Desktop/llm/JOILang-Server/gpt_mg/version0_15_update20260413/blocks/02_generator_prompt.txt"", ""metadata"": {""id"": ""02"", ""role"": ""generator"", ""params"": ""temperature, few_shot_count, max_tokens, micro_rules"", ""description"": ""Main JOILang generator block with deterministic JSON-only output and schema-grounded exemplars."", ""placeholders"": ""{command_eng}, {connected_devices}, {service_list_snippet}, {optional_cron}, {optional_period}, {candidate_strategy}""}}, {""id"": ""03"", ""path"": ""/home/mgjeong/Desktop/llm/JOILang-Server/gpt_mg/version0_15_update20260413/blocks/03_postprocessor.txt"", ""metadata"": {""id"": ""03"", ""role"": ""postprocessor"", ""params"": ""max_tokens, micro_rules"", ""description"": ""Final JOILang output scrubber that enforces JSON shape and strips explanation drift."", ""placeholders"": ""{command_eng}, {connected_devices}, {service_list_snippet}, {optional_cron}, {optional_period}""}}]}]","[""/home/mgjeong/Desktop/llm/JOILang-Server/gpt_mg/version0_15_update20260413/logs/suite_qwen25_coder_14b_gen-10d1e822-839a-a138-8806-3c64fda98499_qwen25_coder_14b_15/row_035_cand_1.json""]",ok,7.8256,worker,Qwen/Qwen2.5-Coder-14B-Instruct,1,0,,[],False,33249,7068,62,7130,5.4068,29.6453
6,2,짝수 태그 로봇 청소기를 모두 자동 모드로 설정해줘.,Set all robot vacuum cleaners with even tags to auto mode.,"{""name"": """", 
""cron"": """", 
""period"": 0, 
""script"": ""all(#Even #RobotVacuumCleaner).SetRobotVacuumCleanerModeMode(\""auto\"")""}","{'Robot_Even_1': {'category': 'RobotVacuumCleaner', 'tags': ['Even', 'RobotVacuumCleaner']}, 'Robot_Odd_1': {'category': 'RobotVacuumCleaner', 'tags': ['Odd', 'RobotVacuumCleaner']}}","{""name"": """", 
""cron"": """", 
""period"": 0, 
""script"": ""all(#Even #RobotVacuumCleaner).RobotVacuumCleaner_SetRobotVacuumCleanerModeMode(\""auto\"")""}",36,version0_15_update20260413,gen-10d1e822-839a-a138-8806-3c64fda98499__qwen25_coder_14b,975035167,suite_qwen25_coder_14b_gen-10d1e822-839a-a138-8806-3c64fda98499_qwen25_coder_14b_15,1,"[""{\""name\"":\""SetAllEvenRobotVacuumCleanersToAutoMode\"",\""cron\"":\""\"",\""period\"":0,\""code\"":\""all(#Even #RobotVacuumCleaner).robotvacuumcleaner_setrobotvacuumcleanermodemode(auto)\""}""]","[{""candidate_index"": 0, ""strategy"": ""compact_json"", ""prompt_chars"": 20034, ""prompt_tokens"": 4597, ""completion_tokens"": 66, ""total_tokens"": 4663, ""latency_sec"": 4.6444, ""peak_vram_gb"": 28.908, ""load_sec"": 0.0, ""generate_sec"": 4.609, ""prompt_prep_sec"": 0.0121, ""decode_sec"": 0.0002, ""worker_pid"": 3039869, ""error_type"": """", ""oom_flag"": false, ""block_manifest"": [{""id"": ""01"", ""path"": ""/home/mgjeong/Desktop/llm/JOILang-Server/gpt_mg/version0_15_update20260413/blocks/01_preamble.txt"", ""metadata"": {""id"": ""01"", ""role"": ""preprocessor"", ""params"": ""temperature, micro_rules"", ""description"": ""Global deterministic JOILang generation rules and schema-faithful behavior."", ""placeholders"": ""{command_eng}, {connected_devices}, {service_list_snippet}, {optional_cron}, {optional_period}""}}, {""id"": ""02"", ""path"": ""/home/mgjeong/Desktop/llm/JOILang-Server/gpt_mg/version0_15_update20260413/blocks/02_generator_prompt.txt"", ""metadata"": {""id"": ""02"", ""role"": ""generator"", ""params"": ""temperature, few_shot_count, max_tokens, micro_rules"", ""description"": ""Main JOILang generator block with deterministic JSON-only output and schema-grounded exemplars."", ""placeholders"": ""{command_eng}, {connected_devices}, {service_list_snippet}, {optional_cron}, {optional_period}, {candidate_strategy}""}}, {""id"": ""03"", ""path"": ""/home/mgjeong/Desktop/llm/JOILang-Server/gpt_mg/version0_15_update20260413/blocks/03_postprocessor.txt"", ""metadata"": {""id"": ""03"", ""role"": ""postprocessor"", ""params"": ""max_tokens, micro_rules"", ""description"": ""Final JOILang output scrubber that enforces JSON shape and strips explanation drift."", ""placeholders"": ""{command_eng}, {connected_devices}, {service_list_snippet}, {optional_cron}, {optional_period}""}}]}]","[""/home/mgjeong/Desktop/llm/JOILang-Server/gpt_mg/version0_15_update20260413/logs/suite_qwen25_coder_14b_gen-10d1e822-839a-a138-8806-3c64fda98499_qwen25_coder_14b_15/row_036_cand_1.json""]",ok,6.9703,worker,Qwen/Qwen2.5-Coder-14B-Instruct,1,0,,[],False,20034,4597,66,4663,4.6444,28.908
7,2,모든 도어락을 잠궈줘.,Lock all door locks.,"{""name"": """", 
""cron"": """", 
""period"": 0, 
""script"": ""all(#DoorLock).Lock()""}","{'FrontDoor_Lock': {'category': 'DoorLock', 'tags': ['Front', 'DoorLock']}, 'BackDoor_Lock': {'category': 'DoorLock', 'tags': ['Back', 'DoorLock']}}","{""name"": """", 
""cron"": """", 
""period"": 0, 
""script"": ""all(#DoorLock).DoorLock_Lock()""}",37,version0_15_update20260413,gen-10d1e822-839a-a138-8806-3c64fda98499__qwen25_coder_14b,975035167,suite_qwen25_coder_14b_gen-10d1e822-839a-a138-8806-3c64fda98499_qwen25_coder_14b_15,1,"[""{\""name\"":\""LockAllDoorLocks\"",\""cron\"":\""\"",\""period\"":0,\""code\"":\""all(#Back #DoorLock).doorlock_lock()\\nall(#Front #DoorLock).doorlock_lock()\""}""]","[{""candidate_index"": 0, ""strategy"": ""compact_json"", ""prompt_chars"": 19762, ""prompt_tokens"": 4496, ""completion_tokens"": 58, ""total_tokens"": 4554, ""latency_sec"": 4.2266, ""peak_vram_gb"": 28.8751, ""load_sec"": 0.0, ""generate_sec"": 4.1922, ""prompt_prep_sec"": 0.011, ""decode_sec"": 0.0002, ""worker_pid"": 3039869, ""error_type"": """", ""oom_flag"": false, ""block_manifest"": [{""id"": ""01"", ""path"": ""/home/mgjeong/Desktop/llm/JOILang-Server/gpt_mg/version0_15_update20260413/blocks/01_preamble.txt"", ""metadata"": {""id"": ""01"", ""role"": ""preprocessor"", ""params"": ""temperature, micro_rules"", ""description"": ""Global deterministic JOILang generation rules and schema-faithful behavior."", ""placeholders"": ""{command_eng}, {connected_devices}, {service_list_snippet}, {optional_cron}, {optional_period}""}}, {""id"": ""02"", ""path"": ""/home/mgjeong/Desktop/llm/JOILang-Server/gpt_mg/version0_15_update20260413/blocks/02_generator_prompt.txt"", ""metadata"": {""id"": ""02"", ""role"": ""generator"", ""params"": ""temperature, few_shot_count, max_tokens, micro_rules"", ""description"": ""Main JOILang generator block with deterministic JSON-only output and schema-grounded exemplars."", ""placeholders"": ""{command_eng}, {connected_devices}, {service_list_snippet}, {optional_cron}, {optional_period}, {candidate_strategy}""}}, {""id"": ""03"", ""path"": ""/home/mgjeong/Desktop/llm/JOILang-Server/gpt_mg/version0_15_update20260413/blocks/03_postprocessor.txt"", ""metadata"": {""id"": ""03"", ""role"": ""postprocessor"", ""params"": ""max_tokens, micro_rules"", ""description"": ""Final JOILang output scrubber that enforces JSON shape and strips explanation drift."", ""placeholders"": ""{command_eng}, {connected_devices}, {service_list_snippet}, {optional_cron}, {optional_period}""}}]}]","[""/home/mgjeong/Desktop/llm/JOILang-Server/gpt_mg/version0_15_update20260413/logs/suite_qwen25_coder_14b_gen-10d1e822-839a-a138-8806-3c64fda98499_qwen25_coder_14b_15/row_037_cand_1.json""]",ok,6.5834,worker,Qwen/Qwen2.5-Coder-14B-Instruct,1,0,,[],False,19762,4496,58,4554,4.2266,28.8751
8,2,구역1의 에어컨의 목표 온도를 18도로 설정해줘.,Set the target temperature of the air conditioner in Sector1 to 18 degrees.,"{""name"": """", 
""cron"": """", 
""period"": 0, 
""script"": ""(#Sector1 #AirConditioner).SetTargetTemperature(18)""}","{'Sector1_AC': {'category': 'AirConditioner', 'tags': ['Sector1', 'AirConditioner']}, 'Sector2_AC': {'category': 'AirConditioner', 'tags': ['Sector2', 'AirConditioner']}}","{""name"": """", 
""cron"": """", 
""period"": 0, 
""script"": ""(#Sector1 #AirConditioner).AirConditioner_SetTargetTemperature(18)""}",38,version0_15_update20260413,gen-10d1e822-839a-a138-8806-3c64fda98499__qwen25_coder_14b,975035167,suite_qwen25_coder_14b_gen-10d1e822-839a-a138-8806-3c64fda98499_qwen25_coder_14b_15,1,"[""{\""name\"":\""SetSector1ACTargetTemperature\"",\""cron\"":\""\"",\""period\"":0,\""code\"":\""(#Sector1 #AirConditioner).airconditioner_settargettemperature(18.0)\""}""]","[{""candidate_index"": 0, ""strategy"": ""compact_json"", ""prompt_chars"": 21547, ""prompt_tokens"": 4788, ""completion_tokens"": 56, ""total_tokens"": 4844, ""latency_sec"": 4.2483, ""peak_vram_gb"": 28.9629, ""load_sec"": 0.0, ""generate_sec"": 4.1967, ""prompt_prep_sec"": 0.0282, ""decode_sec"": 0.0002, ""worker_pid"": 3039869, ""error_type"": """", ""oom_flag"": false, ""block_manifest"": [{""id"": ""01"", ""path"": ""/home/mgjeong/Desktop/llm/JOILang-Server/gpt_mg/version0_15_update20260413/blocks/01_preamble.txt"", ""metadata"": {""id"": ""01"", ""role"": ""preprocessor"", ""params"": ""temperature, micro_rules"", ""description"": ""Global deterministic JOILang generation rules and schema-faithful behavior."", ""placeholders"": ""{command_eng}, {connected_devices}, {service_list_snippet}, {optional_cron}, {optional_period}""}}, {""id"": ""02"", ""path"": ""/home/mgjeong/Desktop/llm/JOILang-Server/gpt_mg/version0_15_update20260413/blocks/02_generator_prompt.txt"", ""metadata"": {""id"": ""02"", ""role"": ""generator"", ""params"": ""temperature, few_shot_count, max_tokens, micro_rules"", ""description"": ""Main JOILang generator block with deterministic JSON-only output and schema-grounded exemplars."", ""placeholders"": ""{command_eng}, {connected_devices}, {service_list_snippet}, {optional_cron}, {optional_period}, {candidate_strategy}""}}, {""id"": ""03"", ""path"": ""/home/mgjeong/Desktop/llm/JOILang-Server/gpt_mg/version0_15_update20260413/blocks/03_postprocessor.txt"", ""metadata"": {""id"": ""03"", ""role"": ""postprocessor"", ""params"": ""max_tokens, micro_rules"", ""description"": ""Final JOILang output scrubber that enforces JSON shape and strips explanation drift."", ""placeholders"": ""{command_eng}, {connected_devices}, {service_list_snippet}, {optional_cron}, {optional_period}""}}]}]","[""/home/mgjeong/Desktop/llm/JOILang-Server/gpt_mg/version0_15_update20260413/logs/suite_qwen25_coder_14b_gen-10d1e822-839a-a138-8806-3c64fda98499_qwen25_coder_14b_15/row_038_cand_1.json""]",ok,6.6032,worker,Qwen/Qwen2.5-Coder-14B-Instruct,1,0,,[],False,21547,4788,56,4844,4.2483,28.9629
9,2,안방의 공기청정기를 수면모드로 바꿔줘.,Change the air purifier in the bedroom to sleep mode.,"{""name"": """", 
""cron"": """", 
""period"": 0, 
""script"": ""(#Bedroom #AirPurifier).SetAirPurifierMode(\""sleep\"")""}","{'Bedroom_AP': {'category': 'AirPurifier', 'tags': ['Bedroom', 'AirPurifier']}, 'LivingRoom_AP': {'category': 'AirPurifier', 'tags': ['LivingRoom', 'AirPurifier']}}","{""name"": """", 
""cron"": """", 
""period"": 0, 
""script"": ""(#Bedroom #AirPurifier).AirPurifier_SetAirPurifierMode(\""sleep\"")""}",39,version0_15_update20260413,gen-10d1e822-839a-a138-8806-3c64fda98499__qwen25_coder_14b,975035167,suite_qwen25_coder_14b_gen-10d1e822-839a-a138-8806-3c64fda98499_qwen25_coder_14b_15,1,"[""{\""name\"":\""ChangeAirPurifierMode\"",\""cron\"":\""\"",\""period\"":0,\""code\"":\""(#Bedroom #AirPurifier).airpurifier_setairpurifiermode(sleep)\""}""]","[{""candidate_index"": 0, ""strategy"": ""compact_json"", ""prompt_chars"": 19563, ""prompt_tokens"": 4503, ""completion_tokens"": 56, ""total_tokens"": 4559, ""latency_sec"": 4.1491, ""peak_vram_gb"": 28.8766, ""load_sec"": 0.0, ""generate_sec"": 4.0934, ""prompt_prep_sec"": 0.0319, ""decode_sec"": 0.0002, ""worker_pid"": 3039869, ""error_type"": """", ""oom_flag"": false, ""block_manifest"": [{""id"": ""01"", ""path"": ""/home/mgjeong/Desktop/llm/JOILang-Server/gpt_mg/version0_15_update20260413/blocks/01_preamble.txt"", ""metadata"": {""id"": ""01"", ""role"": ""preprocessor"", ""params"": ""temperature, micro_rules"", ""description"": ""Global deterministic JOILang generation rules and schema-faithful behavior."", ""placeholders"": ""{command_eng}, {connected_devices}, {service_list_snippet}, {optional_cron}, {optional_period}""}}, {""id"": ""02"", ""path"": ""/home/mgjeong/Desktop/llm/JOILang-Server/gpt_mg/version0_15_update20260413/blocks/02_generator_prompt.txt"", ""metadata"": {""id"": ""02"", ""role"": ""generator"", ""params"": ""temperature, few_shot_count, max_tokens, micro_rules"", ""description"": ""Main JOILang generator block with deterministic JSON-only output and schema-grounded exemplars."", ""placeholders"": ""{command_eng}, {connected_devices}, {service_list_snippet}, {optional_cron}, {optional_period}, {candidate_strategy}""}}, {""id"": ""03"", ""path"": ""/home/mgjeong/Desktop/llm/JOILang-Server/gpt_mg/version0_15_update20260413/blocks/03_postprocessor.txt"", ""metadata"": {""id"": ""03"", ""role"": ""postprocessor"", ""params"": ""max_tokens, micro_rules"", ""description"": ""Final JOILang output scrubber that enforces JSON shape and strips explanation drift."", ""placeholders"": ""{command_eng}, {connected_devices}, {service_list_snippet}, {optional_cron}, {optional_period}""}}]}]","[""/home/mgjeong/Desktop/llm/JOILang-Server/gpt_mg/version0_15_update20260413/logs/suite_qwen25_coder_14b_gen-10d1e822-839a-a138-8806-3c64fda98499_qwen25_coder_14b_15/row_039_cand_1.json""]",ok,6.4803,worker,Qwen/Qwen2.5-Coder-14B-Instruct,1,0,,[],False,19563,4503,56,4559,4.1491,28.8766
10,2,주방의 모든 벨브를 닫아줘.,Close all valves in the kitchen.,"{""name"": """", 
""cron"": """", 
""period"": 0, 
""script"": ""all(#Kitchen #Valve).Close()""}","{'Kitchen_Valve_Gas': {'category': 'Valve', 'tags': ['Kitchen', 'Gas', 'Valve']}, 'Kitchen_Valve_Water': {'category': 'Valve', 'tags': ['Kitchen', 'Water', 'Valve']}, 'Bathroom_Valve': {'category': 'Valve', 'tags': ['Bathroom', 'Valve']}}","{""name"": """", 
""cron"": """", 
""period"": 0, 
""script"": ""all(#Kitchen #Valve).Valve_Close()""}",40,version0_15_update20260413,gen-10d1e822-839a-a138-8806-3c64fda98499__qwen25_coder_14b,975035167,suite_qwen25_coder_14b_gen-10d1e822-839a-a138-8806-3c64fda98499_qwen25_coder_14b_15,1,"[""{\""name\"":\""CloseAllValvesInKitchen\"",\""cron\"":\""\"",\""period\"":0,\""code\"":\""all(#Kitchen #Valve).valve_close()\""}""]","[{""candidate_index"": 0, ""strategy"": ""compact_json"", ""prompt_chars"": 21750, ""prompt_tokens"": 4981, ""completion_tokens"": 47, ""total_tokens"": 5028, ""latency_sec"": 3.8526, ""peak_vram_gb"": 29.0229, ""load_sec"": 0.0, ""generate_sec"": 3.7959, ""prompt_prep_sec"": 0.033, ""decode_sec"": 0.0002, ""worker_pid"": 3039869, ""error_type"": """", ""oom_flag"": false, ""block_manifest"": [{""id"": ""01"", ""path"": ""/home/mgjeong/Desktop/llm/JOILang-Server/gpt_mg/version0_15_update20260413/blocks/01_preamble.txt"", ""metadata"": {""id"": ""01"", ""role"": ""preprocessor"", ""params"": ""temperature, micro_rules"", ""description"": ""Global deterministic JOILang generation rules and schema-faithful behavior."", ""placeholders"": ""{command_eng}, {connected_devices}, {service_list_snippet}, {optional_cron}, {optional_period}""}}, {""id"": ""02"", ""path"": ""/home/mgjeong/Desktop/llm/JOILang-Server/gpt_mg/version0_15_update20260413/blocks/02_generator_prompt.txt"", ""metadata"": {""id"": ""02"", ""role"": ""generator"", ""params"": ""temperature, few_shot_count, max_tokens, micro_rules"", ""description"": ""Main JOILang generator block with deterministic JSON-only output and schema-grounded exemplars."", ""placeholders"": ""{command_eng}, {connected_devices}, {service_list_snippet}, {optional_cron}, {optional_period}, {candidate_strategy}""}}, {""id"": ""03"", ""path"": ""/home/mgjeong/Desktop/llm/JOILang-Server/gpt_mg/version0_15_update20260413/blocks/03_postprocessor.txt"", ""metadata"": {""id"": ""03"", ""role"": ""postprocessor"", ""params"": ""max_tokens, micro_rules"", ""description"": ""Final JOILang output scrubber that enforces JSON shape and strips explanation drift."", ""placeholders"": ""{command_eng}, {connected_devices}, {service_list_snippet}, {optional_cron}, {optional_period}""}}]}]","[""/home/mgjeong/Desktop/llm/JOILang-Server/gpt_mg/version0_15_update20260413/logs/suite_qwen25_coder_14b_gen-10d1e822-839a-a138-8806-3c64fda98499_qwen25_coder_14b_15/row_040_cand_1.json""]",ok,6.1544,worker,Qwen/Qwen2.5-Coder-14B-Instruct,1,0,,[],False,21750,4981,47,5028,3.8526,29.0229
