index,category_analysis,selected,test_no,command,command_english,connected_devices,options,joi_gt,joi_pred_gpt-4.1_gpt-cap,cloud_similarity_gpt-4.1_gpt-cap,script_similarity_gpt-4.1_gpt-cap,response_time_gpt-4.1_gpt-cap,connected_devices_dict,options_dict
1,1,1,0,사이렌을 울려줘.,Sound the siren.,"{
'GreenhouseA_alarm_left': {
    'category': 'Alarm',
    'tags': ['GreenhouseA', 'left', 'Alarm']
  },
  'GreenhouseA_alarm_right': {
    'category': 'Alarm',
    'tags': ['GreenhouseA', 'right', 'Alarm']
  },
  'GreenhouseA_alarm_center': {
    'category': 'Alarm',
    'tags': ['GreenhouseA', 'center', 'Alarm']
  },
  'GreenhouseA_alarm_entrance': {
    'category': 'Alarm',
    'tags': ['GreenhouseA', 'entrance', 'Alarm']
  },
  'GreenhouseA_alarm_exit': {
    'category': 'Alarm',
    'tags': ['GreenhouseA', 'exit', 'Alarm']
  }
}",,"{""name"": ""Scenario1"", ""cron"": """", ""period"": -1, ""code"": ""(#Alarm).alarm_siren()""}","{""name"": ""Scenario1"",""cron"": """",""period"": -1,""code"": ""(#Alarm).alarm_siren()""}",0.0,0.0,3.033,"{'GreenhouseA_alarm_left': {'category': 'Alarm', 'tags': ['GreenhouseA', 'left', 'Alarm']}, 'GreenhouseA_alarm_right': {'category': 'Alarm', 'tags': ['GreenhouseA', 'right', 'Alarm']}, 'GreenhouseA_alarm_center': {'category': 'Alarm', 'tags': ['GreenhouseA', 'center', 'Alarm']}, 'GreenhouseA_alarm_entrance': {'category': 'Alarm', 'tags': ['GreenhouseA', 'entrance', 'Alarm']}, 'GreenhouseA_alarm_exit': {'category': 'Alarm', 'tags': ['GreenhouseA', 'exit', 'Alarm']}}",
2,1,1,1,사이렌을 울려줘.,Sound the siren.,"{ 'GreenhouseA_alarm_left': {'category': 'Siren', 'tags': ['GreenhouseA', 'left', 'Siren']}, 'GreenhouseA_alarm_right': {'category': 'Siren', 'tags': ['GreenhouseA', 'right', 'Siren']}, 'GreenhouseA_alarm_center': {'category': 'Siren', 'tags': ['GreenhouseA', 'center', 'Siren']}, 'GreenhouseA_alarm_entrance': {'category': 'Siren', 'tags': ['GreenhouseA', 'entrance', 'Siren']}, 'GreenhouseA_alarm_exit': {'category': 'Siren', 'tags': ['GreenhouseA', 'exit', 'Siren']}}",,"{""name"": ""Scenario1"", ""cron"": """", ""period"": -1, ""code"": ""(#Siren).sirenMode_setSirenMode(\""siren\"")""}","{""name"": ""Scenario1"",""cron"": """",""period"": -1,""code"": ""(#Alarm).alarm_siren()""}",0.0,0.0,2.836,"{'GreenhouseA_alarm_left': {'category': 'Siren', 'tags': ['GreenhouseA', 'left', 'Siren']}, 'GreenhouseA_alarm_right': {'category': 'Siren', 'tags': ['GreenhouseA', 'right', 'Siren']}, 'GreenhouseA_alarm_center': {'category': 'Siren', 'tags': ['GreenhouseA', 'center', 'Siren']}, 'GreenhouseA_alarm_entrance': {'category': 'Siren', 'tags': ['GreenhouseA', 'entrance', 'Siren']}, 'GreenhouseA_alarm_exit': {'category': 'Siren', 'tags': ['GreenhouseA', 'exit', 'Siren']}}",
3,1,1,2,경광등을 켜 줘.,Turn on the strobe.,"{ 'GreenhouseA_alarm_left': {'category': 'Alarm', 'tags': ['GreenhouseA', 'left', 'Alarm']}, 'GreenhouseA_alarm_center': {'category': 'Alarm', 'tags': ['GreenhouseA', 'center', 'Alarm']}, 'GreenhouseA_alarm_right': {'category': 'Alarm', 'tags': ['GreenhouseA', 'right', 'Alarm']}}
",,"{""name"": ""Scenario1"", ""cron"": """", ""period"": -1, ""code"": ""(#Alarm).alarm_strobe()""}","{""name"": ""Scenario1"",""cron"": """",""period"": -1,""code"": ""(#Alarm).alarm_strobe()""}",0.0,0.0,2.262,"{'GreenhouseA_alarm_left': {'category': 'Alarm', 'tags': ['GreenhouseA', 'left', 'Alarm']}, 'GreenhouseA_alarm_center': {'category': 'Alarm', 'tags': ['GreenhouseA', 'center', 'Alarm']}, 'GreenhouseA_alarm_right': {'category': 'Alarm', 'tags': ['GreenhouseA', 'right', 'Alarm']}}",
4,1,1,3,경광등을 켜 줘.,Turn on the strobe.,"{ 'GreenhouseA_alarm_left': {'category': 'Siren', 'tags': ['GreenhouseA', 'left', 'Siren']}, 'GreenhouseA_alarm_right': {'category': 'Siren', 'tags': ['GreenhouseA', 'right', 'Siren']}, 'GreenhouseA_alarm_center': {'category': 'Siren', 'tags': ['GreenhouseA', 'center', 'Siren']}, 'GreenhouseA_alarm_entrance': {'category': 'Siren', 'tags': ['GreenhouseA', 'entrance', 'Siren']}, 'GreenhouseA_alarm_exit': {'category': 'Siren', 'tags': ['GreenhouseA', 'exit', 'Siren']}}",,"{""name"": ""Scenario1"", ""cron"": """", ""period"": -1, ""code"": ""(#Siren).sirenMode_setSirenMode(\""strobe\"")""}","{""name"": ""Scenario1"",""cron"": """",""period"": -1,""code"": ""(#Alarm).alarm_strobe()""}",0.0,0.0,3.155,"{'GreenhouseA_alarm_left': {'category': 'Siren', 'tags': ['GreenhouseA', 'left', 'Siren']}, 'GreenhouseA_alarm_right': {'category': 'Siren', 'tags': ['GreenhouseA', 'right', 'Siren']}, 'GreenhouseA_alarm_center': {'category': 'Siren', 'tags': ['GreenhouseA', 'center', 'Siren']}, 'GreenhouseA_alarm_entrance': {'category': 'Siren', 'tags': ['GreenhouseA', 'entrance', 'Siren']}, 'GreenhouseA_alarm_exit': {'category': 'Siren', 'tags': ['GreenhouseA', 'exit', 'Siren']}}",
5,1,1,4,사이렌과 경광등을 동시에 켜 줘,Turn on the siren and the strobe at the same time,"{ 'GreenhouseA_alarm_left': {'category': 'Alarm', 'tags': ['GreenhouseA', 'left', 'Alarm']}, 'GreenhouseA_alarm_center': {'category': 'Alarm', 'tags': ['GreenhouseA', 'center', 'Alarm']}, 'GreenhouseA_alarm_right': {'category': 'Alarm', 'tags': ['GreenhouseA', 'right', 'Alarm']}}",,"{""name"": ""Scenario1"", ""cron"": """", ""period"": -1, ""code"": ""(#Alarm).alarm_both()""}","{""name"": ""Scenario1"",""cron"": """",""period"": -1,""code"": ""(#Alarm).alarm_both()""}",0.0,0.0,5.878,"{'GreenhouseA_alarm_left': {'category': 'Alarm', 'tags': ['GreenhouseA', 'left', 'Alarm']}, 'GreenhouseA_alarm_center': {'category': 'Alarm', 'tags': ['GreenhouseA', 'center', 'Alarm']}, 'GreenhouseA_alarm_right': {'category': 'Alarm', 'tags': ['GreenhouseA', 'right', 'Alarm']}}",
6,1,1,7,사이렌과 경광등을 둘 다 꺼 줘,Turn off both the siren and the strobe,"{ 'GreenhouseA_alarm_left': {'category': 'Siren', 'tags': ['GreenhouseA', 'left', 'Siren']}, 'GreenhouseA_alarm_right': {'category': 'Siren', 'tags': ['GreenhouseA', 'right', 'Siren']}, 'GreenhouseA_alarm_center': {'category': 'Siren', 'tags': ['GreenhouseA', 'center', 'Siren']}, 'GreenhouseA_alarm_entrance': {'category': 'Siren', 'tags': ['GreenhouseA', 'entrance', 'Siren']}, 'GreenhouseA_alarm_exit': {'category': 'Siren', 'tags': ['GreenhouseA', 'exit', 'Siren']}}",,"{""name"": ""Scenario1"", ""cron"": """", ""period"": -1, ""code"": ""(#Siren).sirenMode_setSirenMode(\""off\"")""}","{""name"": ""Scenario1"",""cron"": """",""period"": -1,""code"": ""(#Alarm).alarm_off()\n(#Siren).switch_off()""}",0.0,0.0,2.576,"{'GreenhouseA_alarm_left': {'category': 'Siren', 'tags': ['GreenhouseA', 'left', 'Siren']}, 'GreenhouseA_alarm_right': {'category': 'Siren', 'tags': ['GreenhouseA', 'right', 'Siren']}, 'GreenhouseA_alarm_center': {'category': 'Siren', 'tags': ['GreenhouseA', 'center', 'Siren']}, 'GreenhouseA_alarm_entrance': {'category': 'Siren', 'tags': ['GreenhouseA', 'entrance', 'Siren']}, 'GreenhouseA_alarm_exit': {'category': 'Siren', 'tags': ['GreenhouseA', 'exit', 'Siren']}}",
7,2,1,8,재실 센서가 감지 상태이면 알람의 사이렌을 울려줘.,Sound the alarm's siren if the occupancy sensor is detected.,"{
  ""SectorA_OccupancySensor_1"": {
    ""category"": ""OccupancySensor"",
    ""tags"": [""SectorA"", ""OccupancySensor""]
  },
  ""SectorA_OccupancySensor_2"": {
    ""category"": ""OccupancySensor"",
    ""tags"": [""SectorA"", ""OccupancySensor""]
  },
  ""SectorA_OccupancySensor_3"": {
    ""category"": ""OccupancySensor"",
    ""tags"": [""SectorB"", ""OccupancySensor""] 
  },
  ""SectorA_OccupancySensor_4"": {
    ""category"": ""OccupancySensor"",
    ""tags"": [""SectorB"", ""OccupancySensor""] 
  }, 
  ""Alarm"": {
    ""category"": ""Alarm"",
    ""tags"": [""Alarm""]
  }
}",,"{""name"": ""Scenario1"", ""cron"": """", ""period"": -1, ""code"": ""if ((#OccupancySensor).presenceSensor_presence == \""present\"") {\n  (#Alarm).alarm_siren()\n}""}","{""name"": ""Scenario1"",""cron"": """",""period"": 100,""code"": ""if ((#PresenceSensor).presenceSensor_presence == 'present') { (#Alarm).alarm_siren() }""}",0.0,0.0,3.445,"{'SectorA_OccupancySensor_1': {'category': 'OccupancySensor', 'tags': ['SectorA', 'OccupancySensor']}, 'SectorA_OccupancySensor_2': {'category': 'OccupancySensor', 'tags': ['SectorA', 'OccupancySensor']}, 'SectorA_OccupancySensor_3': {'category': 'OccupancySensor', 'tags': ['SectorB', 'OccupancySensor']}, 'SectorA_OccupancySensor_4': {'category': 'OccupancySensor', 'tags': ['SectorB', 'OccupancySensor']}, 'Alarm': {'category': 'Alarm', 'tags': ['Alarm']}}",
8,2,1,9,재실 센서가 감지 상태이면 알람의 사이렌을 울려줘.,Sound the alarm's siren if the occupancy sensor is detected.,"{
  ""SectorA_PresenceSensor_1"": {
    ""category"": ""PresenceSensor"",
    ""tags"": [""SectorA"", ""PresenceSensor""]
  },
  ""SectorA_PresenceSensor_2"": {
    ""category"": ""PresenceSensor"",
    ""tags"": [""SectorA"", ""PresenceSensor""]
  },
  ""SectorA_PresenceSensor_3"": {
    ""category"": ""PresenceSensor"",
    ""tags"": [""SectorB"", ""PresenceSensor""] 
  },
  ""SectorA_PresenceSensor_4"": {
    ""category"": ""PresenceSensor"",
    ""tags"": [""SectorB"", ""PresenceSensor""] 
  }, 
  ""Alarm"": {
    ""category"": ""Alarm"",
    ""tags"": [""Alarm""]
  }
}",,"{""name"": ""Scenario1"", ""cron"": """", ""period"": -1, ""code"": ""if ((#PresenceSensor).presenceSensor_presence == \""present\"") {\n  (#Alarm).alarm_siren()\n}""}","{""name"": ""Scenario1"",""cron"": """",""period"": 100,""code"": ""if ((#PresenceSensor).presenceSensor_presence == 'present') { (#Alarm).alarm_siren() }""}",0.0,0.0,2.753,"{'SectorA_PresenceSensor_1': {'category': 'PresenceSensor', 'tags': ['SectorA', 'PresenceSensor']}, 'SectorA_PresenceSensor_2': {'category': 'PresenceSensor', 'tags': ['SectorA', 'PresenceSensor']}, 'SectorA_PresenceSensor_3': {'category': 'PresenceSensor', 'tags': ['SectorB', 'PresenceSensor']}, 'SectorA_PresenceSensor_4': {'category': 'PresenceSensor', 'tags': ['SectorB', 'PresenceSensor']}, 'Alarm': {'category': 'Alarm', 'tags': ['Alarm']}}",
9,2,1,11,에어컨의 모드가 냉방 모드면 알람의 사이렌을 울려줘.,Sound the alarm's siren if the air conditioner is in cooling mode., ,,"{""name"": ""Scenario1"", ""cron"": """", ""period"": -1, ""code"": ""if ((#AirConditioner).airConditionerMode_airConditionerMode == \""cool\"") {\n  (#Alarm).alarm_siren()\n}""}","{""name"": ""Scenario1"",""cron"": """",""period"": 100,""code"": ""if ((#AirConditioner).airConditionerMode_airConditionerMode == 'cool') { (#Alarm).alarm_siren() }""}",0.0,0.0,4.399,,
10,2,1,12,에어컨의 목표 온도가 30도면 알람의 사이렌을 울려줘.,Sound the alarm's siren if the air conditioner's target temperature is 30 degrees., ,,"{""name"": ""Scenario1"", ""cron"": """", ""period"": -1, ""code"": ""if ((#AirConditioner).airConditionerMode_targetTemperature == 30) {\n  (#Alarm).alarm_siren()\n}""}","{""name"": ""Scenario1"",""cron"": """",""period"": -1,""code"": ""if ((#AirConditioner).airConditionerMode_targetTemperature == 30) { (#Alarm).alarm_siren() }""}",0.0,0.0,3.752,,
11,1,1,17,에어컨을 자동 모드로 설정해줘.,Set the air conditioner to auto mode.,"{ 'GreenhouseA_ac_left': {'category': 'AirConditioner', 'tags': ['GreenhouseA', 'left', 'AirConditioner']}, 'GreenhouseA_ac_right': {'category': 'AirConditioner', 'tags': ['GreenhouseA', 'right', 'AirConditioner']}, 'GreenhouseA_ac_center': {'category': 'AirConditioner', 'tags': ['GreenhouseA', 'center', 'AirConditioner']}}",,"{""name"": ""Scenario1"", ""cron"": """", ""period"": -1, ""code"": ""(#AirConditioner).airConditionerMode_setAirConditionerMode(\""auto\"")""}","{""name"": ""Scenario1"",""cron"": """",""period"": -1,""code"": ""(#AirConditioner).airConditionerMode_setAirConditionerMode('auto')""}",0.0,0.0,2.284,"{'GreenhouseA_ac_left': {'category': 'AirConditioner', 'tags': ['GreenhouseA', 'left', 'AirConditioner']}, 'GreenhouseA_ac_right': {'category': 'AirConditioner', 'tags': ['GreenhouseA', 'right', 'AirConditioner']}, 'GreenhouseA_ac_center': {'category': 'AirConditioner', 'tags': ['GreenhouseA', 'center', 'AirConditioner']}}",
12,1,1,37,알람을 꺼줘.,Turn off the alarm.,"{ 'GreenhouseA_alarm_exit': {'category': 'Alarm', 'tags': ['GreenhouseA', 'exit', 'Alarm']}, 'GreenhouseA_alarm_center': {'category': 'Alarm', 'tags': ['GreenhouseA', 'center', 'Alarm']}}",,"{""name"": ""Scenario1"", ""cron"": """", ""period"": -1, ""code"": ""(#Alarm).alarm_off()""}","{""name"": ""Scenario1"",""cron"": """",""period"": -1,""code"": ""(#Alarm).alarm_off()""}",0.0,0.0,2.833,"{'GreenhouseA_alarm_exit': {'category': 'Alarm', 'tags': ['GreenhouseA', 'exit', 'Alarm']}, 'GreenhouseA_alarm_center': {'category': 'Alarm', 'tags': ['GreenhouseA', 'center', 'Alarm']}}",
13,1,1,43,블라인드를 70 퍼센트로 설정해줘.,Set the blinds to 70 percent.,"{ 'GreenhouseA_blind_top': {'category': 'Blind', 'tags': ['GreenhouseA', 'top', 'Blind']}, 'GreenhouseA_blind_side': {'category': 'Blind', 'tags': ['GreenhouseA', 'side', 'Blind']}, 'GreenhouseA_blind_back': {'category': 'Blind', 'tags': ['GreenhouseA', 'back', 'Blind']}}",,"{""name"": ""Scenario1"", ""cron"": """", ""period"": -1, ""code"": ""(#Blind).blindLevel_setBlindLevel(70)""}","{""name"": ""Scenario1"",""cron"": """",""period"": -1,""code"": ""(#Blind).blindLevel_setBlindLevel(70)""}",0.0,0.0,2.155,"{'GreenhouseA_blind_top': {'category': 'Blind', 'tags': ['GreenhouseA', 'top', 'Blind']}, 'GreenhouseA_blind_side': {'category': 'Blind', 'tags': ['GreenhouseA', 'side', 'Blind']}, 'GreenhouseA_blind_back': {'category': 'Blind', 'tags': ['GreenhouseA', 'back', 'Blind']}}",
14,2,1,46,블라인드 움직임을 멈춰줘.,Stop blind movement.,,,"{""name"": ""Scenario1"", ""cron"": """", ""period"": -1, ""code"": ""(#Blind).blind_pause()""}","{""name"": ""Scenario1"",""cron"": """",""period"": -1,""code"": ""(#Blind).blind_pause()""}",0.0,0.0,2.487,,
15,2,1,53,버튼4가 위로 스와이프되었으면 알람의 사이렌을 울려줘.,if button 4 is swiped up,,,"{""name"": ""Scenario1"", ""cron"": """", ""period"": -1, ""code"": ""if ((#Buttonx4).buttonx4_button4 == \""swipe_up\"") {\n  (#Alarm).alarm_siren()\n}""}","{""name"": ""Scenario1"",""cron"": """",""period"": -1,""code"": ""if ((#Button4).button_swipe == 'up') {(#Alarm).alarm_siren()}""}",0.0,0.0,10.917,,
16,1,1,58,10을 3으로 나눈 나머지를 구해.,Find the remainder of 10 divided by 3.,,,"{""name"": ""Scenario1"", ""cron"": """", ""period"": -1, ""code"": ""(#Calculator).calculator_mod(10, 3)""}","{""name"": ""Scenario1"",""cron"": """",""period"": -1,""code"": ""(#Calculator).calculator_mod(10 | 3)""}",0.0,0.0,5.297,,
17,9,1,62,"가장 최근에 찍은 사진을 첨부파일로 이메일을 'test@example.com' 주소, 제목 '사진'과 내용 '사진입니다.'로 보내줘.","Send an email with the most recent photo as an attachment to 'test@example.com' with the subject line ""Photo"" and the content ""This is a photo"".",,"[
  {
    ""name"": ""me"",
    ""contact"": ""010-1234-5678"",
    ""email"": ""abcd1234@test.com"",
    ""birthday"": ""1991-03-03""
  },
  {
    ""name"": ""홍길동"",
    ""contact"": ""010-9999-8888"",
    ""email"": ""honggd@test.com"",
    ""birthday"": ""1988-07-15"",
    ""alternate_contact"": ""010-8888-7777""
  },
  {
    ""name"": ""김무개"",
    ""contact"": ""010-7777-6666"",
    ""email"": ""kim@example.com"",
    ""birthday"": ""1990-11-25""
  },
  {
    ""name"": ""장보고"",
    ""contact"": ""010-2222-3333"",
    ""email"": ""jangbogo@naver.com"",
    ""birthday"": ""1985-05-10"",
    ""alternate_contact"": ""010-4444-5555""
  }
]","{""name"": ""Scenario1"", ""cron"": """", ""period"": -1, ""code"": ""latest_photo = (#Camera).camera_image\n(#EmailProvider).emailProvider_sendMailWithFile(\""test@example.com\"", \""사진\"", \""사진입니다.\"", latest_photo)""}","{""name"": ""SendLatestPhotoByEmail"",""cron"": """",""period"": -1,""code"": ""if ((#Camera).camera_image != null) { (#EmailProvider).emailProvider_sendMailWithFile('test@example.com' | '사진' | '사진입니다.' | (#Camera).camera_image) }""}",0.0,0.0,18.281,,"[{'name': 'me', 'contact': '010-1234-5678', 'email': 'abcd1234@test.com', 'birthday': '1991-03-03'}, {'name': '홍길동', 'contact': '010-9999-8888', 'email': 'honggd@test.com', 'birthday': '1988-07-15', 'alternate_contact': '010-8888-7777'}, {'name': '김무개', 'contact': '010-7777-6666', 'email': 'kim@example.com', 'birthday': '1990-11-25'}, {'name': '장보고', 'contact': '010-2222-3333', 'email': 'jangbogo@naver.com', 'birthday': '1985-05-10', 'alternate_contact': '010-4444-5555'}]"
18,9,1,63,"가장 최근 동영상을 첨부파일로 이메일을 'test@example.com' 주소, 제목 '동영상'과 내용 '동영상입니다.'로 보내줘","Send an email with the most recent video as an attachment to 'test@example.com' with the subject line ""Video"" and the content ""This is a video.",,"[
  {
    ""name"": ""me"",
    ""contact"": ""010-1234-5678"",
    ""email"": ""abcd1234@test.com"",
    ""birthday"": ""1991-03-03""
  },
  {
    ""name"": ""홍길동"",
    ""contact"": ""010-9999-8888"",
    ""email"": ""honggd@test.com"",
    ""birthday"": ""1988-07-15"",
    ""alternate_contact"": ""010-8888-7777""
  },
  {
    ""name"": ""김무개"",
    ""contact"": ""010-7777-6666"",
    ""email"": ""kim@example.com"",
    ""birthday"": ""1990-11-25""
  },
  {
    ""name"": ""장보고"",
    ""contact"": ""010-2222-3333"",
    ""email"": ""jangbogo@naver.com"",
    ""birthday"": ""1985-05-10"",
    ""alternate_contact"": ""010-4444-5555""
  }
]","{""name"": ""Scenario1"", ""cron"": """", ""period"": -1, ""code"": ""latest_video = (#Camera).camera_video\n(#EmailProvider).emailProvider_sendMailWithFile(\""test@example.com\"", \""동영상\"", \""동영상입니다.\"", latest_video)""}","{""name"": ""SendLatestVideoEmail"",""cron"": """",""period"": -1,""code"": ""(#EmailProvider).emailProvider_sendMailWithFile('test@example.com' | '동영상' | '동영상입니다.' | (#Camera).camera_video)""}",0.0,0.0,6.943,,"[{'name': 'me', 'contact': '010-1234-5678', 'email': 'abcd1234@test.com', 'birthday': '1991-03-03'}, {'name': '홍길동', 'contact': '010-9999-8888', 'email': 'honggd@test.com', 'birthday': '1988-07-15', 'alternate_contact': '010-8888-7777'}, {'name': '김무개', 'contact': '010-7777-6666', 'email': 'kim@example.com', 'birthday': '1990-11-25'}, {'name': '장보고', 'contact': '010-2222-3333', 'email': 'jangbogo@naver.com', 'birthday': '1985-05-10', 'alternate_contact': '010-4444-5555'}]"
19,1,1,68,카메라로 10초 동안 속도 2로 타임랩스 영상을 촬영해줘.,Take a time-lapse video with the camera at speed 2 for 10 seconds.,"{ 'GreenhouseA_cam_front': {'category': 'Camera', 'tags': ['GreenhouseA', 'front', 'Camera']}, 'GreenhouseA_cam_back': {'category': 'Camera', 'tags': ['GreenhouseA', 'back', 'Camera']}}",,"{""name"": ""Scenario1"", ""cron"": """", ""period"": -1, ""code"": ""(#Camera).camera_takeTimelapse(10, 2)""}","{""name"": ""Scenario1"",""cron"": """",""period"": -1,""code"": ""(#Camera).camera_takeTimelapse(10.0,2.0)""}",0.0,0.0,6.121,"{'GreenhouseA_cam_front': {'category': 'Camera', 'tags': ['GreenhouseA', 'front', 'Camera']}, 'GreenhouseA_cam_back': {'category': 'Camera', 'tags': ['GreenhouseA', 'back', 'Camera']}}",
20,2,1,81,지금이 오후 3시 15분이면 알람의 사이렌을 울려줘.,"If it's 3:15pm, blare the siren on the alarm.",,,"{""name"": ""Scenario1"", ""cron"": """", ""period"": -1, ""code"": ""if ((#Clock).clock_time == 1515) {\n  (#Alarm).alarm_siren()\n}""}","{""name"": ""Scenario1"",""cron"": """",""period"": -1,""code"": ""if ((#clock).clock_hour == 15 and (#clock).clock_minute == 15) { (#Alarm).alarm_siren() }""}",0.0,0.0,3.850,,
21,2,1,84,올해가 2025년이면 알람의 사이렌을 울려줘.,"If the year is 2025, sound the alarm siren.",,,"{""name"": ""Scenario1"", ""cron"": """", ""period"": -1, ""code"": ""if ((#Clock).clock_year == 2025) {\n  (#Alarm).alarm_siren()\n}""}","{""name"": ""Scenario1"",""cron"": """",""period"": -1,""code"": ""if ((#Clock).clock_year == 2025) {(#Alarm).alarm_siren()}""}",0.0,0.0,2.924,,
22,4,1,85,1시간 20분 30초 뒤에 알람의 사이렌을 울려줘,"Sound the alarm's siren in 1 hour, 20 minutes, 30 seconds",,,"{""name"": ""Scenario1"", ""cron"": """", ""period"": -1, ""code"": ""(#Clock).clock_delay(4830000)\n(#Alarm).alarm_siren()""}","{""name"": ""Scenario1"",""cron"": """",""period"": -1,""code"": ""(#clock).clock_delay(4830000)\n(#Alarm).alarm_siren()""}",0.0,0.0,7.242,,
23,2,1,86,접촉 센서가 접촉되어 있으면 알람의 사이렌을 울려줘.,Sound the alarm's siren if the contact sensor is in contact.,,,"{""name"": ""Scenario1"", ""cron"": """", ""period"": -1, ""code"": ""if ((#ContactSensor).contactSensor_contact == \""closed\"") {\n  (#Alarm).alarm_siren()\n}""}","{""name"": ""Scenario1"",""cron"": """",""period"": 100,""code"": ""if ((#ContactSensor).contactSensor_contact == 'closed') {(#Alarm).alarm_siren()}""}",0.0,0.0,2.823,,
24,9,1,107,이메일을 'test@example.com' 주소로 제목 '알림'과 내용 '긴급 상황입니다.'로 보내줘.,"Send an email to 'test@example.com' with the subject line ""Alert"" and the content ""This is an emergency."".",,"[
  {
    ""name"": ""me"",
    ""contact"": ""010-1234-5678"",
    ""email"": ""abcd1234@test.com"",
    ""birthday"": ""1991-03-03""
  },
  {
    ""name"": ""홍길동"",
    ""contact"": ""010-9999-8888"",
    ""email"": ""honggd@test.com"",
    ""birthday"": ""1988-07-15"",
    ""alternate_contact"": ""010-8888-7777""
  },
  {
    ""name"": ""김무개"",
    ""contact"": ""010-7777-6666"",
    ""email"": ""kim@example.com"",
    ""birthday"": ""1990-11-25""
  },
  {
    ""name"": ""장보고"",
    ""contact"": ""010-2222-3333"",
    ""email"": ""jangbogo@naver.com"",
    ""birthday"": ""1985-05-10"",
    ""alternate_contact"": ""010-4444-5555""
  }
]","{""name"": ""Scenario1"", ""cron"": """", ""period"": -1, ""code"": ""(#EmailProvider).emailProvider_sendMail(\""test@example.com\"", \""알림\"", \""긴급 상황입니다.\"")""}","{""name"": ""Scenario1"",""cron"": """",""period"": -1,""code"": ""(#EmailProvider).emailProvider_sendMail('test@example.com' | '알림' | '긴급 상황입니다.')""}",0.0,0.0,9.499,,"[{'name': 'me', 'contact': '010-1234-5678', 'email': 'abcd1234@test.com', 'birthday': '1991-03-03'}, {'name': '홍길동', 'contact': '010-9999-8888', 'email': 'honggd@test.com', 'birthday': '1988-07-15', 'alternate_contact': '010-8888-7777'}, {'name': '김무개', 'contact': '010-7777-6666', 'email': 'kim@example.com', 'birthday': '1990-11-25'}, {'name': '장보고', 'contact': '010-2222-3333', 'email': 'jangbogo@naver.com', 'birthday': '1985-05-10', 'alternate_contact': '010-4444-5555'}]"
25,3,1,126,가스 밸브가 열려 있으면 알람의 사이렌을 울려줘.,Sound the alarm's siren if the gas valve is open., ,,"{""name"": ""Scenario1"", ""cron"": """", ""period"": -1, ""code"": ""if ((#GasValve).valve_valve == \""open\"") {\n  (#Alarm).alarm_siren()\n}""}","{""name"": ""Scenario1"",""cron"": """",""period"": -1,""code"": ""if ((#GasValve).valve_valve == 'open') { (#Alarm).alarm_siren() }""}",0.0,0.0,2.627,,
26,1,1,147,관개 장치의 급수를 시작해줘.,Start watering the irrigator.,,,"{""name"": ""Scenario1"", ""cron"": """", ""period"": -1, ""code"": ""(#Irrigator).irrigatorOperatingState_startWatering()""}","{""name"": ""Scenario1"",""cron"": """",""period"": -1,""code"": ""(#Irrigator).irrigatorOperatingState_startWatering()""}",0.0,0.0,2.160,,
27,2,1,148,누수가 감지되면 알람의 사이렌을 울려줘.,Sound the alarm's siren if a leak is detected.,,,"{""name"": ""Scenario1"", ""cron"": """", ""period"": -1, ""code"": ""if ((#LeakSensor).leakSensor_leakage == \""detected\"") {\n  (#Alarm).alarm_siren()\n}""}","{""name"": ""Scenario1"",""cron"": """",""period"": -1,""code"": ""wait until ((#LeakSensor).leakSensor_leakage == 'detected')\n(#Alarm).alarm_siren()""}",0.0,0.0,3.555,,
28,1,1,153,조명을 빨간색으로 설정해줘.,Set the light to red.,"{ 'GreenhouseA_light_left_top_1': {'category': 'Light', 'tags': ['GreenhouseA', 'left_top', 'Light']}, 'GreenhouseA_light_center_1': {'category': 'Light', 'tags': ['GreenhouseA', 'center', 'Light']}}",,"{""name"": ""Scenario1"", ""cron"": """", ""period"": -1, ""code"": ""(#Light).colorControl_setColor(\""255|0|0\"")""}","{""name"": ""Scenario1"",""cron"": """",""period"": -1,""code"": ""(#Light).colorControl_setColor('RED|255|GREEN|0|BLUE|0')""}",0.0,0.0,6.133,"{'GreenhouseA_light_left_top_1': {'category': 'Light', 'tags': ['GreenhouseA', 'left_top', 'Light']}, 'GreenhouseA_light_center_1': {'category': 'Light', 'tags': ['GreenhouseA', 'center', 'Light']}}",
29,1,1,156,5의 속도로 조명의 밝기를 80으로 설정해줘.,Set the brightness of the light to 80 with a speed of 5.,,,"{""name"": ""Scenario1"", ""cron"": """", ""period"": -1, ""code"": ""(#Light).switchLevel_setLevel(80, 5)""}","{""name"": ""Scenario1"",""cron"": """",""period"": -1,""code"": ""(#Light).switchLevel_setLevel(80|5)""}",0.0,0.0,7.046,,
30,1,1,160,조명의 전원을 토글해줘.,Toggle the power of the light.,,,"{""name"": ""Scenario1"", ""cron"": """", ""period"": -1, ""code"": ""(#Light).switch_toggle()""}","{""name"": ""Scenario1"",""cron"": """",""period"": -1,""code"": ""(#Light).switch_toggle()""}",0.0,0.0,2.295,,
31,2,1,165,모션 센서가 활성 상태이면 알람의 사이렌을 울려줘.,Sound the alarm's siren if the motion sensor is active.,,,"{""name"": ""Scenario1"", ""cron"": """", ""period"": -1, ""code"": ""if ((#MotionSensor).motionSensor_motion == \""active\"") {\n  (#Alarm).alarm_siren()\n}""}","{""name"": ""Scenario1"",""cron"": """",""period"": -1,""code"": ""if ((#MotionSensor).motionSensor_motion == 'active') {(#Alarm).alarm_siren()}""}",0.0,0.0,6.821,,
32,2,1,166,움직임이 감지되고 있으면 알람의 사이렌을 울려줘.,Sound the alarm's siren if motion is detected.,,,"{""name"": ""Scenario1"", ""cron"": """", ""period"": -1, ""code"": ""if ((#MotionSensor).motionSensor_motion == \""active\"") {\n  (#Alarm).alarm_siren()\n}""}","{""name"": ""Scenario1"",""cron"": """",""period"": 100,""code"": ""if ((#MotionSensor).motionSensor_motion == 'active') { (#Alarm).alarm_siren() }""}",0.0,0.0,3.103,,
33,2,1,167,존재 감지 센서가 감지 상태이면 알람의 사이렌을 울려줘.,Sound the alarm's siren if a presence sensor is detected.,,,"{""name"": ""Scenario1"", ""cron"": """", ""period"": -1, ""code"": ""if ((#PresenceSensor).presenceSensor_presence == \""present\"") {\n  (#Alarm).alarm_siren()\n}""}","{""name"": ""Scenario1"",""cron"": """",""period"": 100,""code"": ""if ((#PresenceSensor).presenceSensor_presence == 'present') { (#Alarm).alarm_siren() }""}",0.0,0.0,5.175,,
34,2,1,172,펌프가 열려있으면 알람의 사이렌을 울려줘.,Sound the alarm's siren if the pump is open.,,,"{""name"": ""Scenario1"", ""cron"": """", ""period"": -1, ""code"": ""if ((#Pump).pump_pump == \""open\"") {\n  (#Alarm).alarm_siren()\n}""}","{""name"": ""Scenario1"",""cron"": """",""period"": -1,""code"": ""if ((#Pump).pump_pump == 'open') { (#Alarm).alarm_siren() }""}",0.0,0.0,3.624,,
35,2,1,214,연기 감지기에서 연기가 감지되면 알람의 사이렌을 울려줘.,Sound the alarm's siren if smoke is detected by the smoke detector.,,,"{""name"": ""Scenario1"", ""cron"": """", ""period"": -1, ""code"": ""if ((#SmokeDetector).smokeDetector_smoke == \""detected\"") {\n  (#Alarm).alarm_siren()\n}""}","{""name"": ""Scenario1"",""cron"": """",""period"": -1,""code"": ""wait until((#SmokeDetector).smokeDetector_smoke == 'detected')\n(#Alarm).alarm_siren()""}",0.0,0.0,5.992,,
36,1,1,228,스피커에서 music.mp3를 재생해줘.,Play 'music.mp3' on the speaker.,,,"{""name"": ""Scenario1"", ""cron"": """", ""period"": -1, ""code"": ""(#Speaker).mediaPlayback_play(\""music.mp3\"")""}","{""name"": ""Scenario1"",""cron"": """",""period"": -1,""code"": ""(#Speaker).mediaPlayback_play('music.mp3')""}",0.0,0.0,5.933,,
37,1,1,235,녹음기로 10초 동안 녹음해서 test.wav로 저장해줘.,Record 10 seconds with a recorder and save it as test.wav.,,,"{""name"": ""Scenario1"", ""cron"": """", ""period"": -1, ""code"": ""(#Recorder).audioRecord_record(\""test.wav\"", 10)""}","{""name"": ""Scenario1"",""cron"": """",""period"": -1,""code"": ""(#Recorder).audioRecord_record('test.wav' | 10.0)""}",0.0,0.0,6.650,,
38,2,1,257,현재 실내 온도가 25도 이상이면 알람의 사이렌을 울려줘.,Sound the alarm's siren if the current room temperature is above 25 degrees.,,,"{""name"": ""Scenario1"", ""cron"": """", ""period"": -1, ""code"": ""if ((#TemperatureSensor).temperatureMeasurement_temperature >= 25) {\n  (#Alarm).alarm_siren()\n}""}","{""name"": ""Scenario1"",""cron"": """",""period"": -1,""code"": ""if ((#TemperatureSensor).temperatureMeasurement_temperature >= 25) {(#Alarm).alarm_siren()}""}",0.0,0.0,3.450,,
39,3,1,261,바깥 습도가 80퍼센트 이상이면 알람의 사이렌을 울려줘.,Sound the alarm's siren if the humidity outside is above 80 percent., ,,"{""name"": ""Scenario1"", ""cron"": """", ""period"": -1, ""code"": ""if ((#WeatherProvider).weatherProvider_humidityWeather >= 80) {\n  (#Alarm).alarm_siren()\n}""}","{""name"": ""Scenario1"",""cron"": """",""period"": -1,""code"": ""if ((#WeatherProvider).weatherProvider_humidityWeather >= 80) {(#Alarm).alarm_siren()}""}",0.0,0.0,2.998,,
40,3,1,263,바깥의 초미세먼지 농도가 50 이상이면 알람의 사이렌을 울려줘.,Sound the alarm's siren if the outside fine particulate matter concentration is above 50., ,,"{""name"": ""Scenario1"", ""cron"": """", ""period"": -1, ""code"": ""if ((#WeatherProvider).weatherProvider_pm25Weather >= 50) {\n  (#Alarm).alarm_siren()\n}""}","{""name"": ""Scenario1"",""cron"": """",""period"": -1,""code"": ""if ((#WeatherProvider).weatherProvider_pm25Weather >= 50) { (#Alarm).alarm_siren() }""}",0.0,0.0,3.015,,
41,3,1,268,창문이 열린 상태이면 알람의 사이렌을 울려줘.,Sound the alarm's siren if a window is open., ,,"{""name"": ""Scenario1"", ""cron"": """", ""period"": -1, ""code"": ""if ((#Window).windowControl_window == \""open\"") {\n  (#Alarm).alarm_siren()\n}""}","{""name"": ""Scenario1"",""cron"": """",""period"": -1,""code"": ""if ((#Window).windowControl_window == 'open') { (#Alarm).alarm_siren() }""}",0.0,0.0,3.528,,
42,2,1,271,낙상 감지 센서에서 낙상이 감지된 상태이면 알람의 사이렌을 울려줘.,Sound the alarm's siren if a fall is detected by the fall detection sensor.,,,"{""name"": ""Scenario1"", ""cron"": """", ""period"": -1, ""code"": ""if ((#FallDetector).fallDetection_fall == \""fall\"") {\n  (#Alarm).alarm_siren()\n}""}","{""name"": ""Scenario1"",""cron"": """",""period"": -1,""code"": ""if ((#FallDetector).fallDetection_fall == 'fall') { (#Alarm).alarm_siren() }""}",0.0,0.0,2.992,,
43,2,1,272,점유 센서가 감지 상태이면 알람의 사이렌을 울려줘.,Sound the alarm's siren if an occupancy sensor is detected.,,,"{""name"": ""Scenario1"", ""cron"": """", ""period"": -1, ""code"": ""if ((#OccupancySensor).presenceSensor_presence == \""present\"") {\n  (#Alarm).alarm_siren()\n}""}","{""name"": ""Scenario1"",""cron"": """",""period"": -1,""code"": ""if ((#PresenceSensor).presenceSensor_presence == 'present') { (#Alarm).alarm_siren() }""}",0.0,0.0,3.110,,
44,1,1,277,테스트 타이머라는 이름의 60초 길이의 타이머를 추가해줘.,Add a 60-second timer named Test Timer.,,,"{""name"": ""Scenario1"", ""cron"": """", ""period"": -1, ""code"": ""(#Timer).timer_add(\""테스트 타이머\"", 60)""}","{""name"": ""Scenario1"",""cron"": """",""period"": -1,""code"": ""(#Timer).timer_add('테스트 타이머' | 60.0)""}",0.0,0.0,6.764,,
45,5,1,283,토양 수분이 30% 이하이고 조명이 꺼져 있으면 관개 장치를 작동시키고 조명을 켜 줘.,"If the soil moisture is below 30% and the lights are off, turn on the irrigator and the light.",,,"{""name"": ""Scenario1"", ""cron"": """", ""period"": -1, ""code"": ""if (((#SoilMoistureSensor).soilHumidityMeasurement_soilHumidity <= 30.0) and ((#Light).switch_switch == \""off\"")) {\n  (#Irrigator).switch_on()\n  (#Light).switch_on()\n}""}","{""name"": ""Scenario1"",""cron"": """",""period"": 100,""code"": ""if ((#SoilMoistureSensor).soilHumidityMeasurement_soilHumidity <= 30 and (#Light).switch_switch == 'off') { (#Irrigator).switch_on(); (#Light).switch_on() }""}",0.0,0.0,4.136,,
46,2,1,284,온도가 33도 이상이면 제습기를 켜고 커튼을 닫아 줘.,"If the temperature is above 33 degrees, turn on the dehumidifier and close the curtains.",,,"{""name"": ""Scenario1"", ""cron"": """", ""period"": -1, ""code"": ""if ((#TemperatureSensor).temperatureMeasurement_temperature >= 33.0) {\n  (#Dehumidifier).switch_on()\n  (#Curtain).curtain_close()\n}""}","{""name"": ""Scenario1"",""cron"": """",""period"": 100,""code"": ""if ((#TemperatureSensor).temperatureMeasurement_temperature >= 33) { (#Dehumidifier).switch_on(); (#Curtain).curtain_close(); }""}",0.0,0.0,3.290,,
47,5,1,285,이산화탄소가 1000ppm 이상이고 블라인드가 열려 있으면 환풍기를 켜고 블라인드를 닫아 줘.,"If the carbon dioxide is above 1000 ppm and the blinds are open, turn on the fan and close the blinds.",,,"{""name"": ""Scenario1"", ""cron"": """", ""period"": -1, ""code"": ""if (((#AirQualityDetector).carbonDioxideMeasurement_carbonDioxide >= 1000.0) and ((#Blind).blind_blind == \""open\"")) {\n  (#Fan).switch_on()\n  (#Blind).blind_close()\n}""}","{""name"": ""Scenario1"",""cron"": """",""period"": 100,""code"": ""if ((#AirQualityDetector).carbonDioxideMeasurement_carbonDioxide >= 1000 and (#Blind).blind_blind == 'open') { (#Fan).switch_on(); (#Blind).blind_close() }""}",0.0,0.0,4.464,,
48,5,1,286,온도가 29도 이상이고 습도가 80% 이상이며 조명이 꺼져 있으면 에어컨을 켜고 조명을 켜 줘.,"If the temperature is above 29 degrees, the humidity is above 80%, and the lights are off, turn on the air conditioner and turn on the lights.",,,"{""name"": ""Scenario1"", ""cron"": """", ""period"": -1, ""code"": ""if (((#TemperatureSensor).temperatureMeasurement_temperature >= 29.0) and ((#HumiditySensor).relativeHumidityMeasurement_humidity >= 80.0) and ((#Light).switch_switch == \""off\"")) {\n  (#AirConditioner).switch_on()\n  (#Light).switch_on()\n}""}","{""name"": ""Scenario1"",""cron"": """",""period"": 100,""code"": ""if ((#TemperatureSensor).temperatureMeasurement_temperature >= 29 and (#HumiditySensor).relativeHumidityMeasurement_humidity >= 80 and (#Light).switch_switch == 'off') { (#AirConditioner).switch_on(); (#Light).switch_on(); }""}",0.0,0.0,5.231,,
49,5,1,287,조명이 켜져 있고 창문이 닫혀 있으면 커튼을 열고 환풍기를 꺼 줘.,"If the lights are on and the windows are closed, open the curtains and turn off the fan.",,,"{""name"": ""Scenario1"", ""cron"": """", ""period"": -1, ""code"": ""if (((#Light).switch_switch == \""on\"") and ((#Window).windowControl_window == \""closed\"")) {\n  (#Curtain).curtain_open()\n  (#Fan).switch_off()\n}""}","{""name"": ""Scenario1"",""cron"": """",""period"": -1,""code"": ""if ((#Light).switch_switch == 'on' and (#Window).windowControl_window == 'closed') { (#Curtain).curtain_open() (#Fan).switch_off() }""}",0.0,0.0,4.089,,
50,5,1,288,TV가 꺼져 있고 스피커가 재생 중이면 TV를 켜고 스피커를 꺼 줘.,"If the TV is off and the speaker is playing, turn on the TV and turn off the speaker.",,,"{""name"": ""Scenario1"", ""cron"": """", ""period"": -1, ""code"": ""if (((#Television).switch_switch == \""off\"") and ((#Speaker).mediaPlayback_playbackStatus == \""playing\"")) {\n  (#Television).switch_on()\n  (#Speaker).switch_off()\n}""}","{""name"": ""Scenario1"",""cron"": """",""period"": 0,""code"": ""if ((#Television).switch_switch == 'off' and (#Speaker).mediaPlayback_playbackStatus == 'playing') { (#Television).switch_on(); (#Speaker).switch_off() }""}",0.0,0.0,3.504,,
51,5,1,289,조명이 켜져 있고 블라인드가 열려 있으며 움직임이 감지되면 조명을 끄고 블라인드를 닫아 줘.,"If the lights are on, the blinds are open, and motion is detected, turn off the lights and close the blinds.",,,"{""name"": ""Scenario1"", ""cron"": """", ""period"": -1, ""code"": ""if (((#Light).switch_switch == \""on\"") and ((#Blind).blind_blind == \""open\"") and ((#MotionSensor).motionSensor_motion == \""active\"")) {\n  (#Light).switch_off()\n  (#Blind).blind_close()\n}""}","{""name"": ""Scenario1"",""cron"": """",""period"": 100,""code"": ""if ((#Light).switch_switch == 'on' and (#Blind).blind_blind == 'open' and (#MotionSensor).motionSensor_motion == 'active') {(#Light).switch_off(); (#Blind).blind_close()}""}",0.0,0.0,4.191,,
52,5,1,290,알람이 꺼져 있고 조명이 꺼져 있으며 커튼이 열려 있으면 사이렌을 울리고 조명을 켜 줘.,"If the alarm is off, the lights are off, and the curtains are open, sound the siren and turn on the lights.",,,"{""name"": ""Scenario1"", ""cron"": """", ""period"": -1, ""code"": ""if (((#Alarm).alarm_alarm == \""off\"") and ((#Light).switch_switch == \""off\"") and ((#Curtain).curtain_curtain == \""open\"")) {\n  (#Alarm).alarm_siren()\n  (#Light).switch_on()\n}""}","{""name"": ""Scenario1"",""cron"": """",""period"": 100,""code"": ""if ((#Alarm).alarm_alarm == 'off' and (#Light).switch_switch == 'off' and (#Curtain).curtain_curtain == 'open') {(#Alarm).alarm_siren(); (#Light).switch_on()}""}",0.0,0.0,4.532,,
53,5,1,291,에어컨이 꺼져 있고 커튼이 닫혀 있으면 에어컨을 켜고 커튼을 열어 줘.,"If the air conditioner is off and the curtains are closed, turn on the air conditioner and open the curtains.",,,"{""name"": ""Scenario1"", ""cron"": """", ""period"": -1, ""code"": ""if (((#AirConditioner).switch_switch == \""off\"") and ((#Curtain).curtain_curtain == \""closed\"")) {\n  (#AirConditioner).switch_on()\n  (#Curtain).curtain_open()\n}""}","{""name"": ""Scenario1"",""cron"": """",""period"": 100,""code"": ""if ((#AirConditioner).switch_switch == 'off' and (#Curtain).curtain_curtain == 'closed') {(#AirConditioner).switch_on(); (#Curtain).curtain_open();}""}",0.0,0.0,4.883,,
54,5,1,293,창문이 열려 있고 조명이 꺼져 있으며 커튼이 닫혀 있으면 조명을 켜고 커튼을 열어 줘. 또한 관수기가 꺼져 있고 토양 수분이 40% 이하이면 관수기를 작동시켜 줘.,"If windows are open, lights are off, and curtains are closed, turn on the lights and open the curtains. Also, if the irrigator is off and the soil moisture is below 40%, turn on the irrigator.",,,"{""name"": ""Scenario1"", ""cron"": """", ""period"": -1, ""code"": ""if (((#Window).windowControl_window == \""open\"") and ((#Light).switch_switch == \""off\"") and ((#Curtain).curtain_curtain == \""closed\"")) {\n  (#Light).switch_on()\n  (#Curtain).curtain_open()\n}\nif (((#Irrigator).switch_switch == \""off\"") and ((#SoilMoistureSensor).soilHumidityMeasurement_soilHumidity <= 40.0)) {\n  (#Irrigator).switch_on()\n}""}","{""name"": ""Scenario1"",""cron"": """",""period"": 0,""code"": ""if ((#Window).windowControl_window == 'open' and (#Light).switch_switch == 'off' and (#Curtain).curtain_curtain == 'closed') { (#Light).switch_on(); (#Curtain).curtain_open(); } if ((#Irrigator).switch_switch == 'off' and (#SoilMoistureSensor).soilHumidityMeasurement_soilHumidity <= 40) { (#Irrigator).switch_on(); }""}",0.0,0.0,6.462,,
55,5,1,294,환풍기가 꺼져 있고 이산화탄소 수치가 1000 이상이며 커튼이 닫혀 있으면 환풍기를 켜고 커튼을 열어 줘. 조명이 꺼져 있고 온도가 27도 이상이면 조명을 켜고 블라인드를 닫아 줘.,"If the fan is off, the carbon dioxide level is above 1000, and the curtains are closed, turn on the fan and open the curtains. If the lights are off and the temperature is above 27 degrees, turn on the lights and close the blinds.",,,"{""name"": ""Scenario1"", ""cron"": """", ""period"": -1, ""code"": ""if (((#Fan).switch_switch == \""off\"") and ((#AirQualityDetector).carbonDioxideMeasurement_carbonDioxide >= 1000.0) and ((#Curtain).curtain_curtain == \""closed\"")) {\n  (#Fan).switch_on()\n  (#Curtain).curtain_open()\n}\nif (((#Light).switch_switch == \""off\"") and ((#TemperatureSensor).temperatureMeasurement_temperature >= 27.0)) {\n  (#Light).switch_on()\n  (#Blind).blind_close()\n}""}","{""name"": ""Scenario1"",""cron"": """",""period"": 100,""code"": ""if ((#Fan).switch_switch == 'off' and (#AirQualityDetector).carbonDioxideMeasurement_carbonDioxide >= 1000 and (#Curtain).curtain_curtain == 'closed') {(#Fan).switch_on();(#Curtain).curtain_open()} if ((#Light).switch_switch == 'off' and (#TemperatureSensor).temperatureMeasurement_temperature >= 27) {(#Light).switch_on();(#Blind).blind_close()}""}",0.0,0.0,5.305,,
56,5,1,295,에어컨이 꺼져 있고 온도가 29도 이상이며 습도가 70% 이상이면 제습기를 제습 모드로 설정하고 켜 줘. 커튼이 열려 있고 조명이 꺼져 있으면 커튼을 닫고 조명을 켜 줘.,"If the air conditioner is off, the temperature is above 29 degrees, and the humidity is above 70%, set the dehumidifier to dehumidify mode and turn it on. If the curtains are open and the lights are off, close the curtains and turn on the lights.",,,"{""name"": ""Scenario1"", ""cron"": """", ""period"": -1, ""code"": ""if (((#AirConditioner).switch_switch == \""off\"") and ((#TemperatureSensor).temperatureMeasurement_temperature >= 29.0) and ((#HumiditySensor).relativeHumidityMeasurement_humidity >= 70.0)) {\n  (#Dehumidifier).airConditionerMode_setAirConditionerMode(\""dehumidifying\"")\n  (#Dehumidifier).switch_on()\n}\nif (((#Curtain).curtain_curtain == \""open\"") and ((#Light).switch_switch == \""off\"")) {\n  (#Curtain).curtain_close()\n  (#Light).switch_on()\n}""}","{
""name"": ""Scenario1"",
""cron"": """",
""period"": 100,
""code"": ""if ((#AirConditioner).switch_switch == 'off' and (#TemperatureSensor).temperatureMeasurement_temperature >= 29 and (#HumiditySensor).relativeHumidityMeasurement_humidity >= 70) { (#Dehumidifier).dehumidifierMode_setDehumidifierMode('dehumidifying') (#Dehumidifier).switch_on() } if ((#Curtain).curtain_curtain == 'open' and (#Light).switch_switch == 'off') { (#Curtain).curtain_close() (#Light).switch_on() }""
}",0.0,0.0,19.818,,
57,5,1,296,조명이 꺼져 있고 움직임이 감지되지 않으며 커튼이 열려 있으면 조명을 켜고 커튼을 닫아 줘. 관수기가 꺼져 있고 창문이 닫혀 있으면 관수기를 켜고 창문을 열어 줘.,"If the lights are off, no motion is detected, and the curtains are open, turn on the lights and close the curtains. If the irrigator is off and the windows are closed, turn on the irrigator and open the windows.",,,"{""name"": ""Scenario1"", ""cron"": """", ""period"": -1, ""code"": ""if (((#Light).switch_switch == \""off\"") and ((#MotionSensor).motionSensor_motion == \""inactive\"") and ((#Curtain).curtain_curtain == \""open\"")) {\n  (#Light).switch_on()\n  (#Curtain).curtain_close()\n}\nif (((#Irrigator).switch_switch == \""off\"") and ((#Window).windowControl_window == \""closed\"")) {\n  (#Irrigator).switch_on()\n  (#Window).windowControl_open()\n}""}","{
""name"": ""Scenario1"",
""cron"": """",
""period"": -1,
""code"": ""if ((#Light).switch_switch == 'off' and (#MotionSensor).motionSensor_motion == 'inactive' and (#Curtain).curtain_curtain == 'open') { (#Light).switch_on(); (#Curtain).curtain_close() } if ((#Irrigator).switch_switch == 'off' and (#Window).windowControl_window == 'closed') { (#Irrigator).switch_on(); (#Window).windowControl_open() }""
}",0.0,0.0,4.949,,
58,5,1,297,블라인드가 열려 있고 조명이 꺼져 있으며 습도가 80% 이상이면 블라인드를 닫고 조명을 켜 줘. 창문이 닫혀 있고 에어컨이 꺼져 있으면 창문을 열고 에어컨을 켜 줘.,"If the blinds are open, the lights are off, and the humidity is above 80%, close the blinds and turn on the lights. If the windows are closed and the air conditioner is off, open the windows and turn on the air conditioner.",,,"{""name"": ""Scenario1"", ""cron"": """", ""period"": -1, ""code"": ""if (((#Blind).blind_blind == \""open\"") and ((#Light).switch_switch == \""off\"") and ((#HumiditySensor).relativeHumidityMeasurement_humidity >= 80.0)) {\n  (#Blind).blind_close()\n  (#Light).switch_on()\n}\nif (((#Window).windowControl_window == \""closed\"") and ((#AirConditioner).switch_switch == \""off\"")) {\n  (#Window).windowControl_open()\n  (#AirConditioner).switch_on()\n}""}","{
""name"": ""Scenario1"",
""cron"": """",
""period"": 0,
""code"": ""if ((#Blind).blind_blind == 'open' and (#Light).switch_switch == 'off' and (#HumiditySensor).relativeHumidityMeasurement_humidity >= 80) { (#Blind).blind_close(); (#Light).switch_on() } if ((#Window).windowControl_window == 'closed' and (#AirConditioner).switch_switch == 'off') { (#Window).windowControl_open(); (#AirConditioner).switch_on() }""
}",0.0,0.0,5.622,,
59,5,1,298,TV가 꺼져 있고 블라인드가 닫혀 있으며 커튼이 열려 있으면 TV를 켜고 블라인드를 열어 줘. 에어컨이 자동 모드가 아니고 꺼져 있으면 자동 모드로 설정하고 전원을 켜 줘.,"If the TV is off, the blinds are closed, and the curtains are open, turn on the TV and open the blinds. If the air conditioner is not in auto mode and is off, set it to auto mode and turn it on.",,,"{""name"": ""Scenario1"", ""cron"": """", ""period"": -1, ""code"": ""if (((#Television).switch_switch == \""off\"") and ((#Blind).blind_blind == \""closed\"") and ((#Curtain).curtain_curtain == \""open\"")) {\n  (#Television).switch_on()\n  (#Blind).blind_open()\n}\nif (((#AirConditioner).airConditionerMode_airConditionerMode != \""auto\"") and ((#AirConditioner).switch_switch == \""off\"")) {\n  (#AirConditioner).airConditionerMode_setAirConditionerMode(\""auto\"")\n  (#AirConditioner).switch_on()\n}""}","{""name"": ""Scenario1"",""cron"": """",""period"": 0,""code"": ""if ((#Television).switch_switch == 'off' and (#Blind).blind_blind == 'closed' and (#Curtain).curtain_curtain == 'open') {(#Television).switch_on(); (#Blind).blind_open()} if ((#AirConditioner).airConditionerMode_airConditionerMode != 'auto' and (#AirConditioner).switch_switch == 'off') {(#AirConditioner).airConditionerMode_setAirConditionerMode('auto'); (#AirConditioner).switch_on()}""}",0.0,0.0,6.070,,
60,5,1,300,문이 열려 있고 알람이 꺼져 있으면 사이렌을 울리고 블라인드가 열려 있으면 닫아 줘. 에어컨이 꺼져 있고 온도가 30도 이상이면 냉방 모드로 설정하고 켜 줘.,"Sound the siren if the door is open and the alarm is turned off, and close the blinds if they are open. If the air conditioner is off and the temperature is above 30 degrees, set it to cool mode and turn it on.",,,"{""name"": ""Scenario1"", ""cron"": """", ""period"": -1, ""code"": ""if (((#DoorLock).doorControl_door == \""open\"") and ((#Alarm).alarm_alarm == \""off\"")) {\n  (#Siren).sirenMode_setSirenMode(\""siren\"")\n  if ((#Blind).blind_blind == \""open\"") {\n    (#Blind).blind_close()\n  }\n}\nif (((#AirConditioner).switch_switch == \""off\"") and ((#TemperatureSensor).temperatureMeasurement_temperature >= 30.0)) {\n  (#AirConditioner).airConditionerMode_setAirConditionerMode(\""cool\"")\n  (#AirConditioner).switch_on()\n}""}","{""name"": ""Scenario1"",""cron"": """",""period"": -1,""code"": ""if ((#DoorLock).doorControl_door == 'open' and (#Alarm).alarm_alarm == 'off') { (#Alarm).alarm_siren() }\nif ((#Blind).blind_blind == 'open') { (#Blind).blind_close() }\nif ((#AirConditioner).switch_switch == 'off' and (#TemperatureSensor).temperatureMeasurement_temperature >= 30) { (#AirConditioner).airConditionerMode_setAirConditionerMode('cool')\n(#AirConditioner).switch_on() }""}",0.0,0.0,8.989,,
61,5,1,301,TV가 꺼져 있고 커튼이 닫혀 있으며 선풍기가 꺼져 있으면 TV를 켜고 커튼을 열어 줘. 스피커가 재생 중이고 조명이 꺼져 있으면 조명을 켜고 블라인드를 닫아 줘.,"If the TV is off, the curtains are closed, and the fan is off, turn on the TV and open the curtains. If the speakers are playing and the lights are off, turn on the lights and close the blinds.",,,"{""name"": ""Scenario1"", ""cron"": """", ""period"": -1, ""code"": ""if (((#Television).switch_switch == \""off\"") and ((#Curtain).curtain_curtain == \""closed\"") and ((#Fan).switch_switch == \""off\"")) {\n  (#Television).switch_on()\n  (#Curtain).curtain_open()\n}\nif (((#Speaker).mediaPlayback_playbackStatus == \""playing\"") and ((#Light).switch_switch == \""off\"")) {\n  (#Light).switch_on()\n  (#Blind).blind_close()\n}""}","{""name"": ""Scenario1"",""cron"": """",""period"": 0,""code"": ""if ((#Television).switch_switch == 'off' and (#Curtain).curtain_curtain == 'closed' and (#Fan).switch_switch == 'off') {(#Television).switch_on(); (#Curtain).curtain_open()} if ((#Speaker).mediaPlayback_playbackStatus == 'playing' and (#Light).switch_switch == 'off') {(#Light).switch_on(); (#Blind).blind_close()}""}",0.0,0.0,4.990,,
62,5,1,302,TV가 켜져 있고 스피커가 꺼져 있으며 조명이 꺼져 있으면 스피커를 켜고 조명을 켜 줘. 에어컨이 난방 모드이고 온도가 21도 이상이면 에어컨을 끄고 블라인드를 닫아 줘.,"If the TV is on, the speakers are off, and the lights are off, turn on the speakers and turn on the lights. If the air conditioner is in heating mode and the temperature is above 21 degrees, turn off the air conditioner and close the blinds.",,,"{""name"": ""Scenario1"", ""cron"": """", ""period"": -1, ""code"": ""if (((#Television).switch_switch == \""on\"") and ((#Speaker).switch_switch == \""off\"") and ((#Light).switch_switch == \""off\"")) {\n  (#Speaker).switch_on()\n  (#Light).switch_on()\n}\nif (((#AirConditioner).airConditionerMode_airConditionerMode == \""heat\"") and ((#TemperatureSensor).temperatureMeasurement_temperature >= 21.0)) {\n  (#AirConditioner).switch_off()\n  (#Blind).blind_close()\n}""}","{""name"": ""Scenario1"",""cron"": """",""period"": 100,""code"": ""if ((#Television).switch_switch == 'on' and (#Speaker).switch_switch == 'off' and (#Light).switch_switch == 'off') { (#Speaker).switch_on() (#Light).switch_on() } if ((#AirConditioner).airConditionerMode_airConditionerMode == 'heat' and (#TemperatureSensor).temperatureMeasurement_temperature >= 21) { (#AirConditioner).switch_off() (#Blind).blind_close() }""}",0.0,0.0,11.117,,
63,6,1,304,매일 아침 8시에 조명을 켜 줘.,Turn on the lights at 8am every morning.,,,"{""name"": ""Scenario1"", ""cron"": ""0 8 * * *"", ""period"": 0, ""code"": ""(#Light).switch_on()""}","{""name"": ""Scenario1"",""cron"": ""0 8 * * *"",""period"": -1,""code"": ""(#Light).switch_on()""}",0.0,0.0,3.182,,
64,6,1,305,매일 오후 6시부터 7시 사이에 15초마다 커튼을 닫았다 열었다 해 줘.,Close and open the curtains every 15 seconds between 6pm and 7pm every day.,,,"{""name"": ""Scenario1"", ""cron"": ""0 18 * * *"", ""period"": 15000, ""code"": ""curtain_action := true\nif ((#Clock).clock_hour == 18) {\n  if (curtain_action == true) {\n    (#Curtain).curtain_close()\n    curtain_action = false\n  } else {\n    (#Curtain).curtain_open()\n    curtain_action = true\n  }\n} else {\n  break\n}""}","{""name"": ""Scenario1"",""cron"": """",""period"": 15000,""code"": ""prev := 'close'\nif ((#clock).clock_hour >= 18 and (#clock).clock_hour < 19) {\n  if (prev == 'close') {\n    (#Curtain).curtain_open()\n    prev = 'open'\n  } else {\n    (#Curtain).curtain_close()\n    prev = 'close'\n  }\n}""}",0.0,0.0,5.303,,
65,6,1,306,주말 오후 10시부터 11시까지 3분마다 블라인드를 닫아 줘.,Close the blinds every 3 minutes from 10-11pm on weekends.,,,"{""name"": ""Scenario1"", ""cron"": ""0 22 * * 6,0"", ""period"": 180000, ""code"": ""if ((#Clock).clock_hour == 22) {\n  (#Blind).blind_close()\n} else {\n  break\n}""}","{""name"": ""Scenario1"",""cron"": ""0 22 * * 0,6"",""period"": 180000,""code"": ""if ((#clock).clock_hour >= 22 and (#clock).clock_hour < 23) { (#Blind).blind_close() }""}",0.0,0.0,3.959,,
66,6,1,307,주말 오후 10시부터 11시까지 3초마다 제습기를 켜 줘.,Turn on the dehumidifier every 3 seconds from 10-11pm on weekends.,,,"{""name"": ""Scenario1"", ""cron"": ""0 22 * * 6,0"", ""period"": 3000, ""code"": ""if ((#Clock).clock_hour == 22) {\n  (#Dehumidifier).switch_on()\n} else {\n  break\n}""}","{""name"": ""Scenario1"",""cron"": ""0 22 * * 0,6"",""period"": 3000,""code"": ""if ((#clock).clock_hour >= 22 and (#clock).clock_hour < 23) {(#Dehumidifier).switch_on()}""}",0.0,0.0,3.595,,
