model_key,model_label,row_no,row_category,command_eng,command_kor,det_score,det_pass,gt_exact,failure_reasons,prompt_chars,prompt_tokens,completion_tokens,total_tokens,llm_latency_sec,total_pipeline_sec,tokens_per_sec,peak_vram_gb,generation_error_type,generation_error_types,oom_flag,worker_python,resolved_model_path,warmup_excluded,selected_candidate_index,repair_applied,candidate_count,generation_call_count,repair_call_count,row_success
qwen25_coder_7b,Qwen2.5-Coder-7B-Instruct,1,1,Switch the dishwasher to dry mode.,식기세척기를 건조 모드로 설정해줘.,96.7414,True,False,"[""gt_mismatch""]",46576,10956,51,11007,13.0007,20.6443,846.6467,16.2388,,[],False,/home/mgjeong/miniconda3/envs/l/bin/python,/home/mgjeong/.cache/huggingface/hub/models--Qwen--Qwen2.5-Coder-7B-Instruct/snapshots/c03e6d358207e414f1eca0bb1891e29f1db0e242,False,0,False,1,1,0,True
qwen25_coder_7b,Qwen2.5-Coder-7B-Instruct,2,1,Add 5 minutes to the oven.,오븐의 작동 시간을 5분 늘려줘.,24.0,False,False,"[""arg_type"", ""extraneous"", ""gt_mismatch"", ""precondition"", ""semantic"", ""service_match""]",49583,11448,6,11454,1.9026,5.0171,6020.1829,16.3312,,[],False,/home/mgjeong/miniconda3/envs/l/bin/python,/home/mgjeong/.cache/huggingface/hub/models--Qwen--Qwen2.5-Coder-7B-Instruct/snapshots/c03e6d358207e414f1eca0bb1891e29f1db0e242,False,0,False,1,1,0,False
qwen25_coder_7b,Qwen2.5-Coder-7B-Instruct,3,1,Start the rice cooker on cooking mode for 30 minutes.,밥솥을 조리 모드로 30분 작동시켜.,24.0,False,False,"[""arg_type"", ""extraneous"", ""gt_mismatch"", ""precondition"", ""semantic"", ""service_match""]",45941,10773,6,10779,1.8154,5.0423,5937.5344,16.2089,,[],False,/home/mgjeong/miniconda3/envs/l/bin/python,/home/mgjeong/.cache/huggingface/hub/models--Qwen--Qwen2.5-Coder-7B-Instruct/snapshots/c03e6d358207e414f1eca0bb1891e29f1db0e242,False,0,False,1,1,0,False
qwen25_coder_7b,Qwen2.5-Coder-7B-Instruct,4,1,Set the siren to emergency mode.,사이렌을 응급모드로 울려줘.,98.65,True,False,"[""gt_mismatch""]",47343,10920,48,10968,2.9626,6.2577,3702.1535,16.233,,[],False,/home/mgjeong/miniconda3/envs/l/bin/python,/home/mgjeong/.cache/huggingface/hub/models--Qwen--Qwen2.5-Coder-7B-Instruct/snapshots/c03e6d358207e414f1eca0bb1891e29f1db0e242,False,0,False,1,1,0,True
qwen25_coder_7b,Qwen2.5-Coder-7B-Instruct,5,1,Set the speaker volume to 30.,스피커의 볼륨을 30으로 설정해줘.,95.9071,True,False,"[""gt_mismatch""]",51413,11580,42,11622,2.9337,6.2698,3961.5503,16.3567,,[],False,/home/mgjeong/miniconda3/envs/l/bin/python,/home/mgjeong/.cache/huggingface/hub/models--Qwen--Qwen2.5-Coder-7B-Instruct/snapshots/c03e6d358207e414f1eca0bb1891e29f1db0e242,False,0,False,1,1,0,True
qwen25_coder_7b,Qwen2.5-Coder-7B-Instruct,6,1,Turn the TV channel down by one.,TV 채널을 하나 내려줘.,96.9342,True,False,"[""gt_mismatch""]",51198,11684,45,11729,3.0273,6.3497,3874.4095,16.3743,,[],False,/home/mgjeong/miniconda3/envs/l/bin/python,/home/mgjeong/.cache/huggingface/hub/models--Qwen--Qwen2.5-Coder-7B-Instruct/snapshots/c03e6d358207e414f1eca0bb1891e29f1db0e242,False,0,False,1,1,0,True
qwen25_coder_7b,Qwen2.5-Coder-7B-Instruct,7,1,Switch the TV to channel 7.,TV로 7번 채널을 틀어줘.,24.0,False,False,"[""arg_type"", ""extraneous"", ""gt_mismatch"", ""precondition"", ""semantic"", ""service_match""]",50659,11558,34,11592,2.7225,6.0381,4257.8512,16.3546,,[],False,/home/mgjeong/miniconda3/envs/l/bin/python,/home/mgjeong/.cache/huggingface/hub/models--Qwen--Qwen2.5-Coder-7B-Instruct/snapshots/c03e6d358207e414f1eca0bb1891e29f1db0e242,False,0,False,1,1,0,False
qwen25_coder_7b,Qwen2.5-Coder-7B-Instruct,8,1,Announce the temperature through the speaker.,현재 온도를 스피커로 알려줘.,24.0,False,False,"[""arg_type"", ""extraneous"", ""gt_mismatch"", ""precondition"", ""semantic"", ""service_match""]",53811,12004,33,12037,2.7349,6.0428,4401.2578,16.4341,,[],False,/home/mgjeong/miniconda3/envs/l/bin/python,/home/mgjeong/.cache/huggingface/hub/models--Qwen--Qwen2.5-Coder-7B-Instruct/snapshots/c03e6d358207e414f1eca0bb1891e29f1db0e242,False,0,False,1,1,0,False
qwen25_coder_7b,Qwen2.5-Coder-7B-Instruct,9,1,Tell me the outdoor temperature through the speaker.,외부 온도를 스피커로 출력해줘.,24.0,False,False,"[""arg_type"", ""extraneous"", ""gt_mismatch"", ""precondition"", ""semantic"", ""service_match""]",53272,11929,35,11964,2.8173,6.108,4246.6191,16.4265,,[],False,/home/mgjeong/miniconda3/envs/l/bin/python,/home/mgjeong/.cache/huggingface/hub/models--Qwen--Qwen2.5-Coder-7B-Instruct/snapshots/c03e6d358207e414f1eca0bb1891e29f1db0e242,False,0,False,1,1,0,False
qwen25_coder_7b,Qwen2.5-Coder-7B-Instruct,10,1,Tell me the current humidity through the speaker.,현재 습도를 스피커로 말해줘.,24.0,False,False,"[""arg_type"", ""extraneous"", ""gt_mismatch"", ""precondition"", ""semantic"", ""service_match""]",49963,11342,35,11377,2.6972,5.9293,4218.078,16.3142,,[],False,/home/mgjeong/miniconda3/envs/l/bin/python,/home/mgjeong/.cache/huggingface/hub/models--Qwen--Qwen2.5-Coder-7B-Instruct/snapshots/c03e6d358207e414f1eca0bb1891e29f1db0e242,False,0,False,1,1,0,False
qwen25_coder_7b,Qwen2.5-Coder-7B-Instruct,31,2,Set the living room light to yellow.,거실 조명을 노란색으로 설정해줘.,85.7941,True,False,"[""gt_mismatch""]",37117,7893,59,7952,2.7278,5.1533,2915.1697,15.6707,,[],False,/home/mgjeong/miniconda3/envs/l/bin/python,/home/mgjeong/.cache/huggingface/hub/models--Qwen--Qwen2.5-Coder-7B-Instruct/snapshots/c03e6d358207e414f1eca0bb1891e29f1db0e242,False,0,False,1,1,0,True
qwen25_coder_7b,Qwen2.5-Coder-7B-Instruct,32,2,Capture an image of the meeting room with the camera.,카메라로 회의실 사진을 촬영해줘.,96.6795,True,False,"[""gt_mismatch""]",24746,5402,44,5446,1.9291,4.3058,2823.0781,15.2056,,[],False,/home/mgjeong/miniconda3/envs/l/bin/python,/home/mgjeong/.cache/huggingface/hub/models--Qwen--Qwen2.5-Coder-7B-Instruct/snapshots/c03e6d358207e414f1eca0bb1891e29f1db0e242,False,0,False,1,1,0,True
qwen25_coder_7b,Qwen2.5-Coder-7B-Instruct,33,2,Set the brightness of the living room light to 80%.,거실 조명의 밝기를 80%로 설정해줘.,88.0938,True,False,"[""arg_type"", ""gt_mismatch""]",33720,7187,50,7237,2.3801,4.7437,3040.6285,15.5387,,[],False,/home/mgjeong/miniconda3/envs/l/bin/python,/home/mgjeong/.cache/huggingface/hub/models--Qwen--Qwen2.5-Coder-7B-Instruct/snapshots/c03e6d358207e414f1eca0bb1891e29f1db0e242,False,0,False,1,1,0,True
qwen25_coder_7b,Qwen2.5-Coder-7B-Instruct,34,2,Set all dehumidifiers in the lab to AI drying mode.,연구실 제습기를 모두 AI건조모드로 설정해줘.,94.4059,True,False,"[""gt_mismatch"", ""semantic""]",23499,5424,67,5491,2.4905,4.8506,2204.7782,15.2088,,[],False,/home/mgjeong/miniconda3/envs/l/bin/python,/home/mgjeong/.cache/huggingface/hub/models--Qwen--Qwen2.5-Coder-7B-Instruct/snapshots/c03e6d358207e414f1eca0bb1891e29f1db0e242,False,0,False,1,1,0,True
qwen25_coder_7b,Qwen2.5-Coder-7B-Instruct,35,2,Set the hue of the living room light to 240 and the saturation to 80.,"거실 조명의 색조는 240, 채도는 80으로 맞춰줘.",95.9123,True,False,"[""gt_mismatch""]",33738,7186,62,7248,2.6935,5.057,2690.9226,15.5386,,[],False,/home/mgjeong/miniconda3/envs/l/bin/python,/home/mgjeong/.cache/huggingface/hub/models--Qwen--Qwen2.5-Coder-7B-Instruct/snapshots/c03e6d358207e414f1eca0bb1891e29f1db0e242,False,0,False,1,1,0,True
qwen25_coder_7b,Qwen2.5-Coder-7B-Instruct,36,2,Set all robot vacuum cleaners with even tags to auto mode.,짝수 태그 로봇 청소기를 모두 자동 모드로 설정해줘.,85.9832,True,False,"[""arg_type"", ""gt_mismatch""]",20523,4715,61,4776,2.2437,4.5991,2128.6268,15.0742,,[],False,/home/mgjeong/miniconda3/envs/l/bin/python,/home/mgjeong/.cache/huggingface/hub/models--Qwen--Qwen2.5-Coder-7B-Instruct/snapshots/c03e6d358207e414f1eca0bb1891e29f1db0e242,False,0,False,1,1,0,True
qwen25_coder_7b,Qwen2.5-Coder-7B-Instruct,37,2,Lock all door locks.,모든 도어락을 잠궈줘.,92.1019,True,False,"[""gt_mismatch""]",20251,4614,58,4672,2.2097,4.5805,2114.3142,15.0584,,[],False,/home/mgjeong/miniconda3/envs/l/bin/python,/home/mgjeong/.cache/huggingface/hub/models--Qwen--Qwen2.5-Coder-7B-Instruct/snapshots/c03e6d358207e414f1eca0bb1891e29f1db0e242,False,0,False,1,1,0,True
qwen25_coder_7b,Qwen2.5-Coder-7B-Instruct,38,2,Set the target temperature of the air conditioner in Sector1 to 18 degrees.,구역1의 에어컨의 목표 온도를 18도로 설정해줘.,95.3908,True,False,"[""gt_mismatch""]",22036,4906,51,4957,2.0146,4.3771,2460.5381,15.1164,,[],False,/home/mgjeong/miniconda3/envs/l/bin/python,/home/mgjeong/.cache/huggingface/hub/models--Qwen--Qwen2.5-Coder-7B-Instruct/snapshots/c03e6d358207e414f1eca0bb1891e29f1db0e242,False,0,False,1,1,0,True
qwen25_coder_7b,Qwen2.5-Coder-7B-Instruct,39,2,Change the air purifier in the bedroom to sleep mode.,안방의 공기청정기를 수면모드로 바꿔줘.,88.5758,True,False,"[""arg_type"", ""gt_mismatch""]",20052,4621,57,4678,2.1602,4.4962,2165.5402,15.0594,,[],False,/home/mgjeong/miniconda3/envs/l/bin/python,/home/mgjeong/.cache/huggingface/hub/models--Qwen--Qwen2.5-Coder-7B-Instruct/snapshots/c03e6d358207e414f1eca0bb1891e29f1db0e242,False,0,False,1,1,0,True
qwen25_coder_7b,Qwen2.5-Coder-7B-Instruct,40,2,Close all valves in the kitchen.,주방의 모든 벨브를 닫아줘.,91.679,True,False,"[""gt_mismatch""]",22239,5099,62,5161,2.3294,4.6975,2215.592,15.1468,,[],False,/home/mgjeong/miniconda3/envs/l/bin/python,/home/mgjeong/.cache/huggingface/hub/models--Qwen--Qwen2.5-Coder-7B-Instruct/snapshots/c03e6d358207e414f1eca0bb1891e29f1db0e242,False,0,False,1,1,0,True
qwen25_coder_14b,Qwen2.5-Coder-14B-Instruct,1,1,Switch the dishwasher to dry mode.,식기세척기를 건조 모드로 설정해줘.,89.8937,True,False,"[""arg_type"", ""gt_mismatch""]",46576,10956,52,11008,21.1609,24.3898,520.2047,30.8051,,[],False,/home/mgjeong/miniconda3/envs/l/bin/python,/home/mgjeong/.cache/huggingface/hub/models--Qwen--Qwen2.5-Coder-14B-Instruct/snapshots/aedcc2d42b622764e023cf882b6652e646b95671,False,0,False,1,1,0,True
qwen25_coder_14b,Qwen2.5-Coder-14B-Instruct,2,1,Add 5 minutes to the oven.,오븐의 작동 시간을 5분 늘려줘.,93.1379,True,False,"[""gt_mismatch"", ""semantic""]",49583,11448,48,11496,6.3533,9.6351,1809.4534,30.955,,[],False,/home/mgjeong/miniconda3/envs/l/bin/python,/home/mgjeong/.cache/huggingface/hub/models--Qwen--Qwen2.5-Coder-14B-Instruct/snapshots/aedcc2d42b622764e023cf882b6652e646b95671,False,0,False,1,1,0,True
qwen25_coder_14b,Qwen2.5-Coder-14B-Instruct,3,1,Start the rice cooker on cooking mode for 30 minutes.,밥솥을 조리 모드로 30분 작동시켜.,77.2841,True,False,"[""arg_type"", ""gt_mismatch""]",45941,10773,88,10861,8.3203,11.6319,1305.3616,30.7526,,[],False,/home/mgjeong/miniconda3/envs/l/bin/python,/home/mgjeong/.cache/huggingface/hub/models--Qwen--Qwen2.5-Coder-14B-Instruct/snapshots/aedcc2d42b622764e023cf882b6652e646b95671,False,0,False,1,1,0,True
qwen25_coder_14b,Qwen2.5-Coder-14B-Instruct,4,1,Set the siren to emergency mode.,사이렌을 응급모드로 울려줘.,88.7692,True,False,"[""arg_type"", ""gt_mismatch""]",47343,10920,48,10968,6.1453,9.4221,1784.7786,30.7966,,[],False,/home/mgjeong/miniconda3/envs/l/bin/python,/home/mgjeong/.cache/huggingface/hub/models--Qwen--Qwen2.5-Coder-14B-Instruct/snapshots/aedcc2d42b622764e023cf882b6652e646b95671,False,0,False,1,1,0,True
qwen25_coder_14b,Qwen2.5-Coder-14B-Instruct,5,1,Set the speaker volume to 30.,스피커의 볼륨을 30으로 설정해줘.,97.5344,True,False,"[""gt_mismatch""]",51413,11580,43,11623,6.1455,9.4711,1891.3026,30.9968,,[],False,/home/mgjeong/miniconda3/envs/l/bin/python,/home/mgjeong/.cache/huggingface/hub/models--Qwen--Qwen2.5-Coder-14B-Instruct/snapshots/aedcc2d42b622764e023cf882b6652e646b95671,False,0,False,1,1,0,True
qwen25_coder_14b,Qwen2.5-Coder-14B-Instruct,6,1,Turn the TV channel down by one.,TV 채널을 하나 내려줘.,96.9342,True,False,"[""gt_mismatch""]",51198,11684,45,11729,6.3287,9.6065,1853.3032,31.0232,,[],False,/home/mgjeong/miniconda3/envs/l/bin/python,/home/mgjeong/.cache/huggingface/hub/models--Qwen--Qwen2.5-Coder-14B-Instruct/snapshots/aedcc2d42b622764e023cf882b6652e646b95671,False,0,False,1,1,0,True
qwen25_coder_14b,Qwen2.5-Coder-14B-Instruct,7,1,Switch the TV to channel 7.,TV로 7번 채널을 틀어줘.,96.5342,True,False,"[""gt_mismatch""]",50659,11558,46,11604,6.3488,9.7942,1827.747,30.9864,,[],False,/home/mgjeong/miniconda3/envs/l/bin/python,/home/mgjeong/.cache/huggingface/hub/models--Qwen--Qwen2.5-Coder-14B-Instruct/snapshots/aedcc2d42b622764e023cf882b6652e646b95671,False,0,False,1,1,0,True
qwen25_coder_14b,Qwen2.5-Coder-14B-Instruct,8,1,Announce the temperature through the speaker.,현재 온도를 스피커로 알려줘.,90.7948,True,False,"[""gt_mismatch""]",53811,12004,76,12080,8.1666,11.3984,1479.1957,31.1208,,[],False,/home/mgjeong/miniconda3/envs/l/bin/python,/home/mgjeong/.cache/huggingface/hub/models--Qwen--Qwen2.5-Coder-14B-Instruct/snapshots/aedcc2d42b622764e023cf882b6652e646b95671,False,0,False,1,1,0,True
qwen25_coder_14b,Qwen2.5-Coder-14B-Instruct,9,1,Tell me the outdoor temperature through the speaker.,외부 온도를 스피커로 출력해줘.,73.5066,True,False,"[""arg_type"", ""extraneous"", ""gt_mismatch""]",53272,11929,75,12004,8.1197,11.3948,1478.3797,31.0962,,[],False,/home/mgjeong/miniconda3/envs/l/bin/python,/home/mgjeong/.cache/huggingface/hub/models--Qwen--Qwen2.5-Coder-14B-Instruct/snapshots/aedcc2d42b622764e023cf882b6652e646b95671,False,0,False,1,1,0,True
qwen25_coder_14b,Qwen2.5-Coder-14B-Instruct,10,1,Tell me the current humidity through the speaker.,현재 습도를 스피커로 말해줘.,96.1031,True,False,"[""gt_mismatch""]",49963,11342,62,11404,7.1685,10.4715,1590.8489,30.9254,,[],False,/home/mgjeong/miniconda3/envs/l/bin/python,/home/mgjeong/.cache/huggingface/hub/models--Qwen--Qwen2.5-Coder-14B-Instruct/snapshots/aedcc2d42b622764e023cf882b6652e646b95671,False,0,False,1,1,0,True
qwen25_coder_14b,Qwen2.5-Coder-14B-Instruct,31,2,Set the living room light to yellow.,거실 조명을 노란색으로 설정해줘.,85.7941,True,False,"[""gt_mismatch""]",37117,7893,60,7953,5.5975,7.9703,1420.8129,29.8918,,[],False,/home/mgjeong/miniconda3/envs/l/bin/python,/home/mgjeong/.cache/huggingface/hub/models--Qwen--Qwen2.5-Coder-14B-Instruct/snapshots/aedcc2d42b622764e023cf882b6652e646b95671,False,0,False,1,1,0,True
qwen25_coder_14b,Qwen2.5-Coder-14B-Instruct,32,2,Capture an image of the meeting room with the camera.,카메라로 회의실 사진을 촬영해줘.,96.6795,True,False,"[""gt_mismatch""]",24746,5402,44,5446,3.8535,6.1859,1413.2607,29.1461,,[],False,/home/mgjeong/miniconda3/envs/l/bin/python,/home/mgjeong/.cache/huggingface/hub/models--Qwen--Qwen2.5-Coder-14B-Instruct/snapshots/aedcc2d42b622764e023cf882b6652e646b95671,False,0,False,1,1,0,True
qwen25_coder_14b,Qwen2.5-Coder-14B-Instruct,33,2,Set the brightness of the living room light to 80%.,거실 조명의 밝기를 80%로 설정해줘.,95.898,True,False,"[""gt_mismatch""]",33720,7187,53,7240,4.9574,7.3266,1460.443,29.6795,,[],False,/home/mgjeong/miniconda3/envs/l/bin/python,/home/mgjeong/.cache/huggingface/hub/models--Qwen--Qwen2.5-Coder-14B-Instruct/snapshots/aedcc2d42b622764e023cf882b6652e646b95671,False,0,False,1,1,0,True
qwen25_coder_14b,Qwen2.5-Coder-14B-Instruct,34,2,Set all dehumidifiers in the lab to AI drying mode.,연구실 제습기를 모두 AI건조모드로 설정해줘.,86.6925,True,False,"[""arg_type"", ""gt_mismatch"", ""semantic""]",23499,5424,63,5487,4.8076,7.2079,1141.3179,29.1543,,[],False,/home/mgjeong/miniconda3/envs/l/bin/python,/home/mgjeong/.cache/huggingface/hub/models--Qwen--Qwen2.5-Coder-14B-Instruct/snapshots/aedcc2d42b622764e023cf882b6652e646b95671,False,0,False,1,1,0,True
qwen25_coder_14b,Qwen2.5-Coder-14B-Instruct,35,2,Set the hue of the living room light to 240 and the saturation to 80.,"거실 조명의 색조는 240, 채도는 80으로 맞춰줘.",95.9123,True,False,"[""gt_mismatch""]",33738,7186,62,7248,5.4412,7.8116,1332.0591,29.6793,,[],False,/home/mgjeong/miniconda3/envs/l/bin/python,/home/mgjeong/.cache/huggingface/hub/models--Qwen--Qwen2.5-Coder-14B-Instruct/snapshots/aedcc2d42b622764e023cf882b6652e646b95671,False,0,False,1,1,0,True
qwen25_coder_14b,Qwen2.5-Coder-14B-Instruct,36,2,Set all robot vacuum cleaners with even tags to auto mode.,짝수 태그 로봇 청소기를 모두 자동 모드로 설정해줘.,87.5017,True,False,"[""arg_type"", ""gt_mismatch""]",20523,4715,66,4781,4.6665,6.9839,1024.5366,28.9389,,[],False,/home/mgjeong/miniconda3/envs/l/bin/python,/home/mgjeong/.cache/huggingface/hub/models--Qwen--Qwen2.5-Coder-14B-Instruct/snapshots/aedcc2d42b622764e023cf882b6652e646b95671,False,0,False,1,1,0,True
qwen25_coder_14b,Qwen2.5-Coder-14B-Instruct,37,2,Lock all door locks.,모든 도어락을 잠궈줘.,92.1019,True,False,"[""gt_mismatch""]",20251,4614,58,4672,4.2486,6.6068,1099.6564,28.9132,,[],False,/home/mgjeong/miniconda3/envs/l/bin/python,/home/mgjeong/.cache/huggingface/hub/models--Qwen--Qwen2.5-Coder-14B-Instruct/snapshots/aedcc2d42b622764e023cf882b6652e646b95671,False,0,False,1,1,0,True
qwen25_coder_14b,Qwen2.5-Coder-14B-Instruct,38,2,Set the target temperature of the air conditioner in Sector1 to 18 degrees.,구역1의 에어컨의 목표 온도를 18도로 설정해줘.,96.791,True,False,"[""gt_mismatch""]",22036,4906,56,4962,4.2912,6.7076,1156.3199,28.9991,,[],False,/home/mgjeong/miniconda3/envs/l/bin/python,/home/mgjeong/.cache/huggingface/hub/models--Qwen--Qwen2.5-Coder-14B-Instruct/snapshots/aedcc2d42b622764e023cf882b6652e646b95671,False,0,False,1,1,0,True
qwen25_coder_14b,Qwen2.5-Coder-14B-Instruct,39,2,Change the air purifier in the bedroom to sleep mode.,안방의 공기청정기를 수면모드로 바꿔줘.,88.5758,True,False,"[""arg_type"", ""gt_mismatch""]",20052,4621,56,4677,4.1726,6.5567,1120.8839,28.9145,,[],False,/home/mgjeong/miniconda3/envs/l/bin/python,/home/mgjeong/.cache/huggingface/hub/models--Qwen--Qwen2.5-Coder-14B-Instruct/snapshots/aedcc2d42b622764e023cf882b6652e646b95671,False,0,False,1,1,0,True
qwen25_coder_14b,Qwen2.5-Coder-14B-Instruct,40,2,Close all valves in the kitchen.,주방의 모든 벨브를 닫아줘.,96.8059,True,False,"[""gt_mismatch""]",22239,5099,47,5146,3.8758,6.2502,1327.7259,29.0563,,[],False,/home/mgjeong/miniconda3/envs/l/bin/python,/home/mgjeong/.cache/huggingface/hub/models--Qwen--Qwen2.5-Coder-14B-Instruct/snapshots/aedcc2d42b622764e023cf882b6652e646b95671,False,0,False,1,1,0,True
