row_no,category,row_category,command_eng,command_kor,gt,gt_name,gt_cron,gt_period,gt_code,warmup_excluded,qwen25_coder_14b__det_score,qwen25_coder_14b__det_pass,qwen25_coder_14b__det_gt_exact,qwen25_coder_14b__det_gt_similarity,qwen25_coder_14b__failure_reasons,qwen25_coder_14b__output,qwen25_coder_14b__output_name,qwen25_coder_14b__output_cron,qwen25_coder_14b__output_period,qwen25_coder_14b__output_code,qwen25_coder_14b__prompt_chars,qwen25_coder_14b__prompt_tokens,qwen25_coder_14b__completion_tokens,qwen25_coder_14b__total_tokens,qwen25_coder_14b__llm_latency_sec,qwen25_coder_14b__total_pipeline_sec,qwen25_coder_14b__tokens_per_sec,qwen25_coder_14b__peak_vram_gb,qwen25_coder_14b__generation_error_type,qwen25_coder_14b__oom_flag,qwen25_coder_14b__worker_python,qwen25_coder_14b__resolved_model_path,qwen25_coder_14b__service_list_snippet_source,qwen25_coder_14b__service_list_device_count,qwen25_coder_14b__service_list_retrieval_status,qwen25_coder_14b__service_list_retrieval_mode,qwen25_coder_14b__service_list_retrieval_topk,qwen25_coder_14b__service_list_retrieval_categories,qwen25_coder_14b__warmup_excluded,qwen25_coder_14b__row_category,qwen25_coder_7b__det_score,qwen25_coder_7b__det_pass,qwen25_coder_7b__det_gt_exact,qwen25_coder_7b__det_gt_similarity,qwen25_coder_7b__failure_reasons,qwen25_coder_7b__output,qwen25_coder_7b__output_name,qwen25_coder_7b__output_cron,qwen25_coder_7b__output_period,qwen25_coder_7b__output_code,qwen25_coder_7b__prompt_chars,qwen25_coder_7b__prompt_tokens,qwen25_coder_7b__completion_tokens,qwen25_coder_7b__total_tokens,qwen25_coder_7b__llm_latency_sec,qwen25_coder_7b__total_pipeline_sec,qwen25_coder_7b__tokens_per_sec,qwen25_coder_7b__peak_vram_gb,qwen25_coder_7b__generation_error_type,qwen25_coder_7b__oom_flag,qwen25_coder_7b__worker_python,qwen25_coder_7b__resolved_model_path,qwen25_coder_7b__service_list_snippet_source,qwen25_coder_7b__service_list_device_count,qwen25_coder_7b__service_list_retrieval_status,qwen25_coder_7b__service_list_retrieval_mode,qwen25_coder_7b__service_list_retrieval_topk,qwen25_coder_7b__service_list_retrieval_categories,qwen25_coder_7b__warmup_excluded,qwen25_coder_7b__row_category
1,1,1,Switch the dishwasher to dry mode.,식기세척기를 건조 모드로 설정해줘.,"{""name"": """", 
""cron"": """", 
""period"": 0, 
""script"": ""(#Dishwasher).Dishwasher_SetDishwasherMode(\""dry\"")""}",,,0,"(#Dishwasher).Dishwasher_SetDishwasherMode(""dry"")",False,89.8937,True,False,0.953125,"[""arg_type"", ""gt_mismatch""]","{""name"":""SwitchDishwasherToDryMode"",""cron"":"""",""period"":0,""code"":""(#Dishwasher).dishwasher_setdishwashermode(dry)""}",SwitchDishwasherToDryMode,,0,(#Dishwasher).dishwasher_setdishwashermode(dry),46576,10956,52,11008,21.1609,24.3898,520.2047,30.8051,,False,/home/mgjeong/miniconda3/envs/l/bin/python,/home/mgjeong/.cache/huggingface/hub/models--Qwen--Qwen2.5-Coder-14B-Instruct/snapshots/aedcc2d42b622764e023cf882b6652e646b95671,service_retrieval_fallback,10,used,hybrid,10,"[""Dishwasher"", ""LaundryDryer"", ""DimmerSwitch"", ""Dehumidifier"", ""Switch"", ""AirPurifier"", ""RiceCooker"", ""AirConditioner"", ""Oven"", ""Humidifier""]",False,1,96.7414,True,False,0.891379,"[""gt_mismatch""]","{""name"":""SwitchDishwasherToDryMode"",""cron"":"""",""period"":0,""code"":""(#Dishwasher).setdishwashermode(\""dry\"")""}",SwitchDishwasherToDryMode,,0,"(#Dishwasher).setdishwashermode(""dry"")",46576,10956,51,11007,13.0007,20.6443,846.6467,16.2388,,False,/home/mgjeong/miniconda3/envs/l/bin/python,/home/mgjeong/.cache/huggingface/hub/models--Qwen--Qwen2.5-Coder-7B-Instruct/snapshots/c03e6d358207e414f1eca0bb1891e29f1db0e242,service_retrieval_fallback,10,used,hybrid,10,"[""Dishwasher"", ""LaundryDryer"", ""DimmerSwitch"", ""Dehumidifier"", ""Switch"", ""AirPurifier"", ""RiceCooker"", ""AirConditioner"", ""Oven"", ""Humidifier""]",False,1
2,1,1,Add 5 minutes to the oven.,오븐의 작동 시간을 5분 늘려줘.,"{""name"": """", 
""cron"": """", 
""period"": 0, 
""script"": ""(#Oven).Oven_AddMoreTime(300)""}",,,0,(#Oven).Oven_AddMoreTime(300),False,93.1379,True,False,0.937931,"[""gt_mismatch"", ""semantic""]","{""name"":""AddTimeToOven"",""cron"":"""",""period"":0,""code"":""(#Oven).oven_addmoretime(300)""}",AddTimeToOven,,0,(#Oven).oven_addmoretime(300),49583,11448,48,11496,6.3533,9.6351,1809.4534,30.955,,False,/home/mgjeong/miniconda3/envs/l/bin/python,/home/mgjeong/.cache/huggingface/hub/models--Qwen--Qwen2.5-Coder-14B-Instruct/snapshots/aedcc2d42b622764e023cf882b6652e646b95671,service_retrieval_fallback,10,used,hybrid,10,"[""Oven"", ""RiceCooker"", ""MenuProvider"", ""Dishwasher"", ""LaundryDryer"", ""Clock"", ""AirConditioner"", ""Button"", ""TemperatureSensor"", ""Door""]",False,1,24.0,False,False,0.3,"[""arg_type"", ""extraneous"", ""gt_mismatch"", ""precondition"", ""semantic"", ""service_match""]","{""name"":"""",""cron"":"""",""period"":0,""code"":""""}",,,0,,49583,11448,6,11454,1.9026,5.0171,6020.1829,16.3312,,False,/home/mgjeong/miniconda3/envs/l/bin/python,/home/mgjeong/.cache/huggingface/hub/models--Qwen--Qwen2.5-Coder-7B-Instruct/snapshots/c03e6d358207e414f1eca0bb1891e29f1db0e242,service_retrieval_fallback,10,used,hybrid,10,"[""Oven"", ""RiceCooker"", ""MenuProvider"", ""Dishwasher"", ""LaundryDryer"", ""Clock"", ""AirConditioner"", ""Button"", ""TemperatureSensor"", ""Door""]",False,1
3,1,1,Start the rice cooker on cooking mode for 30 minutes.,밥솥을 조리 모드로 30분 작동시켜.,"{""name"": """", 
""cron"": """", 
""period"": 0, 
""script"": ""(#RiceCooker).RiceCooker_SetCookingParameters(\""cooking\"", 1800)""}",,,0,"(#RiceCooker).RiceCooker_SetCookingParameters(""cooking"", 1800)",False,77.2841,True,False,0.478916,"[""arg_type"", ""gt_mismatch""]","{""name"":""StartRiceCookerInCookingModeFor30Minutes"",""cron"":"""",""period"":0,""code"":""(#RiceCooker).ricecooker_setricecookermode(cooking)\ndelay(1800000)\n(#RiceCooker).ricecooker_addmoretime(30)""}",StartRiceCookerInCookingModeFor30Minutes,,0,"(#RiceCooker).ricecooker_setricecookermode(cooking)
delay(1800000)
(#RiceCooker).ricecooker_addmoretime(30)",45941,10773,88,10861,8.3203,11.6319,1305.3616,30.7526,,False,/home/mgjeong/miniconda3/envs/l/bin/python,/home/mgjeong/.cache/huggingface/hub/models--Qwen--Qwen2.5-Coder-14B-Instruct/snapshots/aedcc2d42b622764e023cf882b6652e646b95671,service_retrieval_fallback,10,used,hybrid,10,"[""RiceCooker"", ""Oven"", ""Dishwasher"", ""RobotVacuumCleaner"", ""FaceRecognizer"", ""AudioRecorder"", ""CarbonDioxideSensor"", ""MenuProvider"", ""Charger"", ""Siren""]",False,1,24.0,False,False,0.3,"[""arg_type"", ""extraneous"", ""gt_mismatch"", ""precondition"", ""semantic"", ""service_match""]","{""name"":"""",""cron"":"""",""period"":0,""code"":""""}",,,0,,45941,10773,6,10779,1.8154,5.0423,5937.5344,16.2089,,False,/home/mgjeong/miniconda3/envs/l/bin/python,/home/mgjeong/.cache/huggingface/hub/models--Qwen--Qwen2.5-Coder-7B-Instruct/snapshots/c03e6d358207e414f1eca0bb1891e29f1db0e242,service_retrieval_fallback,10,used,hybrid,10,"[""RiceCooker"", ""Oven"", ""Dishwasher"", ""RobotVacuumCleaner"", ""FaceRecognizer"", ""AudioRecorder"", ""CarbonDioxideSensor"", ""MenuProvider"", ""Charger"", ""Siren""]",False,1
4,1,1,Set the siren to emergency mode.,사이렌을 응급모드로 울려줘.,"{""name"": """", 
""cron"": """", 
""period"": 0, 
""script"": ""(#Siren).Siren_SetSirenMode(\""emergency\"")""}",,,0,"(#Siren).Siren_SetSirenMode(""emergency"")",False,88.7692,True,False,0.942308,"[""arg_type"", ""gt_mismatch""]","{""name"":""SetSirenToEmergencyMode"",""cron"":"""",""period"":0,""code"":""(#Siren).siren_setsirenmode(emergency)""}",SetSirenToEmergencyMode,,0,(#Siren).siren_setsirenmode(emergency),47343,10920,48,10968,6.1453,9.4221,1784.7786,30.7966,,False,/home/mgjeong/miniconda3/envs/l/bin/python,/home/mgjeong/.cache/huggingface/hub/models--Qwen--Qwen2.5-Coder-14B-Instruct/snapshots/aedcc2d42b622764e023cf882b6652e646b95671,service_retrieval_fallback,10,used,hybrid,10,"[""Siren"", ""SoundSensor"", ""AudioRecorder"", ""Speaker"", ""Pump"", ""Oven"", ""Safe"", ""ArmRobot"", ""RiceCooker"", ""PressureSensor""]",False,1,98.65,True,False,0.955,"[""gt_mismatch""]","{""name"":""SetSirenEmergencyMode"",""cron"":"""",""period"":0,""code"":""(#Siren).siren_setsirenmode(\""emergency\"")""}",SetSirenEmergencyMode,,0,"(#Siren).siren_setsirenmode(""emergency"")",47343,10920,48,10968,2.9626,6.2577,3702.1535,16.233,,False,/home/mgjeong/miniconda3/envs/l/bin/python,/home/mgjeong/.cache/huggingface/hub/models--Qwen--Qwen2.5-Coder-7B-Instruct/snapshots/c03e6d358207e414f1eca0bb1891e29f1db0e242,service_retrieval_fallback,10,used,hybrid,10,"[""Siren"", ""SoundSensor"", ""AudioRecorder"", ""Speaker"", ""Pump"", ""Oven"", ""Safe"", ""ArmRobot"", ""RiceCooker"", ""PressureSensor""]",False,1
5,1,1,Set the speaker volume to 30.,스피커의 볼륨을 30으로 설정해줘.,"{""name"": """", 
""cron"": """", 
""period"": 0, 
""script"": ""(#Speaker).Speaker_SetVolume(30)""}",,,0,(#Speaker).Speaker_SetVolume(30),False,97.5344,True,False,0.957813,"[""gt_mismatch""]","{""name"":""SetSpeakerVolume"",""cron"":"""",""period"":0,""code"":""(#Speaker).speaker_setvolume(30)""}",SetSpeakerVolume,,0,(#Speaker).speaker_setvolume(30),51413,11580,43,11623,6.1455,9.4711,1891.3026,30.9968,,False,/home/mgjeong/miniconda3/envs/l/bin/python,/home/mgjeong/.cache/huggingface/hub/models--Qwen--Qwen2.5-Coder-14B-Instruct/snapshots/aedcc2d42b622764e023cf882b6652e646b95671,service_retrieval_fallback,10,used,hybrid,10,"[""Speaker"", ""SoundSensor"", ""AudioRecorder"", ""Siren"", ""Television"", ""Pump"", ""PressureSensor"", ""AirPurifier"", ""CloudServiceProvider"", ""LevelControl""]",False,1,95.9071,True,False,0.903571,"[""gt_mismatch""]","{""name"":""SetSpeakerVolume"",""cron"":"""",""period"":0,""code"":""(#Speaker).setvolume(30)""}",SetSpeakerVolume,,0,(#Speaker).setvolume(30),51413,11580,42,11622,2.9337,6.2698,3961.5503,16.3567,,False,/home/mgjeong/miniconda3/envs/l/bin/python,/home/mgjeong/.cache/huggingface/hub/models--Qwen--Qwen2.5-Coder-7B-Instruct/snapshots/c03e6d358207e414f1eca0bb1891e29f1db0e242,service_retrieval_fallback,10,used,hybrid,10,"[""Speaker"", ""SoundSensor"", ""AudioRecorder"", ""Siren"", ""Television"", ""Pump"", ""PressureSensor"", ""AirPurifier"", ""CloudServiceProvider"", ""LevelControl""]",False,1
6,1,1,Turn the TV channel down by one.,TV 채널을 하나 내려줘.,"{""name"": """", 
""cron"": """", 
""period"": 0, 
""script"": ""(#Television).Television_ChannelDown()""}",,,0,(#Television).Television_ChannelDown(),False,96.9342,True,False,0.964474,"[""gt_mismatch""]","{""name"":""TurnTVChannelDown"",""cron"":"""",""period"":0,""code"":""(#Television).television_channeldown()""}",TurnTVChannelDown,,0,(#Television).television_channeldown(),51198,11684,45,11729,6.3287,9.6065,1853.3032,31.0232,,False,/home/mgjeong/miniconda3/envs/l/bin/python,/home/mgjeong/.cache/huggingface/hub/models--Qwen--Qwen2.5-Coder-14B-Instruct/snapshots/aedcc2d42b622764e023cf882b6652e646b95671,service_retrieval_fallback,10,used,hybrid,10,"[""Television"", ""DimmerSwitch"", ""Speaker"", ""TapDialSwitch"", ""Dishwasher"", ""Camera"", ""Switch"", ""LevelControl"", ""Valve"", ""Dehumidifier""]",False,1,96.9342,True,False,0.964474,"[""gt_mismatch""]","{""name"":""TurnTVChannelDown"",""cron"":"""",""period"":0,""code"":""(#Television).television_channeldown()""}",TurnTVChannelDown,,0,(#Television).television_channeldown(),51198,11684,45,11729,3.0273,6.3497,3874.4095,16.3743,,False,/home/mgjeong/miniconda3/envs/l/bin/python,/home/mgjeong/.cache/huggingface/hub/models--Qwen--Qwen2.5-Coder-7B-Instruct/snapshots/c03e6d358207e414f1eca0bb1891e29f1db0e242,service_retrieval_fallback,10,used,hybrid,10,"[""Television"", ""DimmerSwitch"", ""Speaker"", ""TapDialSwitch"", ""Dishwasher"", ""Camera"", ""Switch"", ""LevelControl"", ""Valve"", ""Dehumidifier""]",False,1
7,1,1,Switch the TV to channel 7.,TV로 7번 채널을 틀어줘.,"{""name"": """", 
""cron"": """", 
""period"": 0, 
""script"": ""(#Television).Television_SetChannel(7)""}",,,0,(#Television).Television_SetChannel(7),False,96.5342,True,False,0.964474,"[""gt_mismatch""]","{""name"":""SwitchTVToChannel7"",""cron"":"""",""period"":0,""code"":""(#Television).television_setchannel(7)""}",SwitchTVToChannel7,,0,(#Television).television_setchannel(7),50659,11558,46,11604,6.3488,9.7942,1827.747,30.9864,,False,/home/mgjeong/miniconda3/envs/l/bin/python,/home/mgjeong/.cache/huggingface/hub/models--Qwen--Qwen2.5-Coder-14B-Instruct/snapshots/aedcc2d42b622764e023cf882b6652e646b95671,service_retrieval_fallback,10,used,hybrid,10,"[""Television"", ""Switch"", ""TapDialSwitch"", ""LevelControl"", ""DimmerSwitch"", ""Valve"", ""Dishwasher"", ""Speaker"", ""Camera"", ""ColorControl""]",False,1,24.0,False,False,0.3,"[""arg_type"", ""extraneous"", ""gt_mismatch"", ""precondition"", ""semantic"", ""service_match""]","{""name"":""SwitchTVChannel7"",""cron"":"""",""period"":0,""code"":""""}",SwitchTVChannel7,,0,,50659,11558,34,11592,2.7225,6.0381,4257.8512,16.3546,,False,/home/mgjeong/miniconda3/envs/l/bin/python,/home/mgjeong/.cache/huggingface/hub/models--Qwen--Qwen2.5-Coder-7B-Instruct/snapshots/c03e6d358207e414f1eca0bb1891e29f1db0e242,service_retrieval_fallback,10,used,hybrid,10,"[""Television"", ""Switch"", ""TapDialSwitch"", ""LevelControl"", ""DimmerSwitch"", ""Valve"", ""Dishwasher"", ""Speaker"", ""Camera"", ""ColorControl""]",False,1
8,1,1,Announce the temperature through the speaker.,현재 온도를 스피커로 알려줘.,"{""name"": """", 
""cron"": """", 
""period"": 0, 
""script"": ""\ntemp = (#TemperatureSensor).TemperatureSensor_Temperature\n\n(#Speaker).Speaker_Speak(\""현재 온도는 \"" + temp + \""도입니다\"")""}",,,0,"
temp = (#TemperatureSensor).TemperatureSensor_Temperature

(#Speaker).Speaker_Speak(""현재 온도는 "" + temp + ""도입니다"")",False,90.7948,True,False,0.721731,"[""gt_mismatch""]","{""name"":""AnnounceTemperatureThroughSpeaker"",""cron"":"""",""period"":0,""code"":""(#TemperatureSensor).temperaturesensor_temperature() => (#Speaker).speaker_speak(\""The current temperature is \"") + (#TemperatureSensor).temperaturesensor_temperature() + \"" degrees Celsius\""""}",AnnounceTemperatureThroughSpeaker,,0,"(#TemperatureSensor).temperaturesensor_temperature() => (#Speaker).speaker_speak(""The current temperature is "") + (#TemperatureSensor).temperaturesensor_temperature() + "" degrees Celsius""",53811,12004,76,12080,8.1666,11.3984,1479.1957,31.1208,,False,/home/mgjeong/miniconda3/envs/l/bin/python,/home/mgjeong/.cache/huggingface/hub/models--Qwen--Qwen2.5-Coder-14B-Instruct/snapshots/aedcc2d42b622764e023cf882b6652e646b95671,service_retrieval_fallback,10,used,hybrid,10,"[""Speaker"", ""TemperatureSensor"", ""AirConditioner"", ""WeatherProvider"", ""AudioRecorder"", ""SoundSensor"", ""PresenceVitalSensor"", ""AirQualitySensor"", ""Siren"", ""Television""]",False,1,24.0,False,False,0.3,"[""arg_type"", ""extraneous"", ""gt_mismatch"", ""precondition"", ""semantic"", ""service_match""]","{""name"":""AnnounceTemperature"",""cron"":"""",""period"":0,""code"":""""}",AnnounceTemperature,,0,,53811,12004,33,12037,2.7349,6.0428,4401.2578,16.4341,,False,/home/mgjeong/miniconda3/envs/l/bin/python,/home/mgjeong/.cache/huggingface/hub/models--Qwen--Qwen2.5-Coder-7B-Instruct/snapshots/c03e6d358207e414f1eca0bb1891e29f1db0e242,service_retrieval_fallback,10,used,hybrid,10,"[""Speaker"", ""TemperatureSensor"", ""AirConditioner"", ""WeatherProvider"", ""AudioRecorder"", ""SoundSensor"", ""PresenceVitalSensor"", ""AirQualitySensor"", ""Siren"", ""Television""]",False,1
9,1,1,Tell me the outdoor temperature through the speaker.,외부 온도를 스피커로 출력해줘.,"{""name"": """", 
""cron"": """", 
""period"": 0, 
""script"": ""\ntemp = (#WeatherProvider).WeatherProvider_TemperatureWeather\n\n(#Speaker).Speaker_Speak(\""외부 온도는 \"" + temp + \""도입니다\"")""}",,,0,"
temp = (#WeatherProvider).WeatherProvider_TemperatureWeather

(#Speaker).Speaker_Speak(""외부 온도는 "" + temp + ""도입니다"")",False,73.5066,True,False,0.564504,"[""arg_type"", ""extraneous"", ""gt_mismatch""]","{""name"":""TellOutdoorTemperatureThroughSpeaker"",""cron"":"""",""period"":0,""code"":""(#WeatherProvider).weatherprovider_getweatherinfo().split(\"",\"")[0].let(temp => (#Speaker).speaker_speak(\""The outdoor temperature is \"" + temp + \"" degrees Celsius.\""))""}",TellOutdoorTemperatureThroughSpeaker,,0,"(#WeatherProvider).weatherprovider_getweatherinfo().split("","")[0].let(temp => (#Speaker).speaker_speak(""The outdoor temperature is "" + temp + "" degrees Celsius.""))",53272,11929,75,12004,8.1197,11.3948,1478.3797,31.0962,,False,/home/mgjeong/miniconda3/envs/l/bin/python,/home/mgjeong/.cache/huggingface/hub/models--Qwen--Qwen2.5-Coder-14B-Instruct/snapshots/aedcc2d42b622764e023cf882b6652e646b95671,service_retrieval_fallback,10,used,hybrid,10,"[""Speaker"", ""TemperatureSensor"", ""WeatherProvider"", ""AirConditioner"", ""SoundSensor"", ""AudioRecorder"", ""AirQualitySensor"", ""Siren"", ""PresenceVitalSensor"", ""AirPurifier""]",False,1,24.0,False,False,0.3,"[""arg_type"", ""extraneous"", ""gt_mismatch"", ""precondition"", ""semantic"", ""service_match""]","{""name"":""TellOutdoorTemperatureThroughSpeaker"",""cron"":"""",""period"":0,""code"":""""}",TellOutdoorTemperatureThroughSpeaker,,0,,53272,11929,35,11964,2.8173,6.108,4246.6191,16.4265,,False,/home/mgjeong/miniconda3/envs/l/bin/python,/home/mgjeong/.cache/huggingface/hub/models--Qwen--Qwen2.5-Coder-7B-Instruct/snapshots/c03e6d358207e414f1eca0bb1891e29f1db0e242,service_retrieval_fallback,10,used,hybrid,10,"[""Speaker"", ""TemperatureSensor"", ""WeatherProvider"", ""AirConditioner"", ""SoundSensor"", ""AudioRecorder"", ""AirQualitySensor"", ""Siren"", ""PresenceVitalSensor"", ""AirPurifier""]",False,1
10,1,1,Tell me the current humidity through the speaker.,현재 습도를 스피커로 말해줘.,"{""name"": """", 
""cron"": """", 
""period"": 0, 
""script"": ""\nhum = (#HumiditySensor).HumiditySensor_Humidity\n\n(#Speaker).Speaker_Speak(\""현재 습도는 \"" + hum + \""%입니다\"")""}",,,0,"
hum = (#HumiditySensor).HumiditySensor_Humidity

(#Speaker).Speaker_Speak(""현재 습도는 "" + hum + ""%입니다"")",False,96.1031,True,False,0.870103,"[""gt_mismatch""]","{""name"":""TellHumidityThroughSpeaker"",""cron"":"""",""period"":0,""code"":""(#HumiditySensor).humiditysensor_humidity() -> (#Speaker).speaker_speak(\""The current humidity is \"") + str()""}",TellHumidityThroughSpeaker,,0,"(#HumiditySensor).humiditysensor_humidity() -> (#Speaker).speaker_speak(""The current humidity is "") + str()",49963,11342,62,11404,7.1685,10.4715,1590.8489,30.9254,,False,/home/mgjeong/miniconda3/envs/l/bin/python,/home/mgjeong/.cache/huggingface/hub/models--Qwen--Qwen2.5-Coder-14B-Instruct/snapshots/aedcc2d42b622764e023cf882b6652e646b95671,service_retrieval_fallback,10,used,hybrid,10,"[""Speaker"", ""HumiditySensor"", ""SoundSensor"", ""WeatherProvider"", ""AirQualitySensor"", ""AudioRecorder"", ""Humidifier"", ""AirPurifier"", ""Plug"", ""Charger""]",False,1,24.0,False,False,0.3,"[""arg_type"", ""extraneous"", ""gt_mismatch"", ""precondition"", ""semantic"", ""service_match""]","{""name"":""TellMeCurrentHumidity"",""cron"":"""",""period"":0,""code"":""""}",TellMeCurrentHumidity,,0,,49963,11342,35,11377,2.6972,5.9293,4218.078,16.3142,,False,/home/mgjeong/miniconda3/envs/l/bin/python,/home/mgjeong/.cache/huggingface/hub/models--Qwen--Qwen2.5-Coder-7B-Instruct/snapshots/c03e6d358207e414f1eca0bb1891e29f1db0e242,service_retrieval_fallback,10,used,hybrid,10,"[""Speaker"", ""HumiditySensor"", ""SoundSensor"", ""WeatherProvider"", ""AirQualitySensor"", ""AudioRecorder"", ""Humidifier"", ""AirPurifier"", ""Plug"", ""Charger""]",False,1
31,2,2,Set the living room light to yellow.,거실 조명을 노란색으로 설정해줘.,"{""name"": """", 
""cron"": """", 
""period"": 0, 
""script"": ""(#LivingRoom #Light).ColorControl_SetColor(\""255|255|0\"")""}",,,0,"(#LivingRoom #Light).ColorControl_SetColor(""255|255|0"")",False,85.7941,True,False,0.626471,"[""gt_mismatch""]","{""name"":""SetLivingRoomLightToYellow"",""cron"":"""",""period"":0,""code"":""(#LivingRoom #Light).light_movetorgb(255, 255, 0)""}",SetLivingRoomLightToYellow,,0,"(#LivingRoom #Light).light_movetorgb(255, 255, 0)",37117,7893,60,7953,5.5975,7.9703,1420.8129,29.8918,,False,/home/mgjeong/miniconda3/envs/l/bin/python,/home/mgjeong/.cache/huggingface/hub/models--Qwen--Qwen2.5-Coder-14B-Instruct/snapshots/aedcc2d42b622764e023cf882b6652e646b95671,connected_devices_only,2,skipped_connected_devices_present,hybrid,10,[],False,2,85.7941,True,False,0.626471,"[""gt_mismatch""]","{""name"":""SetLivingRoomLightYellow"",""cron"":"""",""period"":0,""code"":""(#LivingRoom #Light).light_movetorgb(255, 255, 0)""}",SetLivingRoomLightYellow,,0,"(#LivingRoom #Light).light_movetorgb(255, 255, 0)",37117,7893,59,7952,2.7278,5.1533,2915.1697,15.6707,,False,/home/mgjeong/miniconda3/envs/l/bin/python,/home/mgjeong/.cache/huggingface/hub/models--Qwen--Qwen2.5-Coder-7B-Instruct/snapshots/c03e6d358207e414f1eca0bb1891e29f1db0e242,connected_devices_only,2,skipped_connected_devices_present,hybrid,10,[],False,2
32,2,2,Capture an image of the meeting room with the camera.,카메라로 회의실 사진을 촬영해줘.,"{""name"": """", 
""cron"": """", 
""period"": 0, 
""script"": ""(#MeetingRoom #Camera).Camera_CaptureImage()""}",,,0,(#MeetingRoom #Camera).Camera_CaptureImage(),False,96.6795,True,False,0.969318,"[""gt_mismatch""]","{""name"":""CaptureMeetingRoomImage"",""cron"":"""",""period"":0,""code"":""(#MeetingRoom #Camera).camera_captureimage()""}",CaptureMeetingRoomImage,,0,(#MeetingRoom #Camera).camera_captureimage(),24746,5402,44,5446,3.8535,6.1859,1413.2607,29.1461,,False,/home/mgjeong/miniconda3/envs/l/bin/python,/home/mgjeong/.cache/huggingface/hub/models--Qwen--Qwen2.5-Coder-14B-Instruct/snapshots/aedcc2d42b622764e023cf882b6652e646b95671,connected_devices_only,2,skipped_connected_devices_present,hybrid,10,[],False,2,96.6795,True,False,0.969318,"[""gt_mismatch""]","{""name"":""CaptureMeetingRoomImage"",""cron"":"""",""period"":0,""code"":""(#MeetingRoom #Camera).camera_captureimage()""}",CaptureMeetingRoomImage,,0,(#MeetingRoom #Camera).camera_captureimage(),24746,5402,44,5446,1.9291,4.3058,2823.0781,15.2056,,False,/home/mgjeong/miniconda3/envs/l/bin/python,/home/mgjeong/.cache/huggingface/hub/models--Qwen--Qwen2.5-Coder-7B-Instruct/snapshots/c03e6d358207e414f1eca0bb1891e29f1db0e242,connected_devices_only,2,skipped_connected_devices_present,hybrid,10,[],False,2
33,2,2,Set the brightness of the living room light to 80%.,거실 조명의 밝기를 80%로 설정해줘.,"{""name"": """", 
""cron"": """", 
""period"": 0, 
""script"": ""(#LivingRoom #Light).Light_MoveToBrightness(80, 0)""}",,,0,"(#LivingRoom #Light).Light_MoveToBrightness(80, 0)",False,95.898,True,False,0.963265,"[""gt_mismatch""]","{""name"":""SetLivingRoomLightBrightness"",""cron"":"""",""period"":0,""code"":""(#LivingRoom #Light).light_movetobrightness(80, 0)""}",SetLivingRoomLightBrightness,,0,"(#LivingRoom #Light).light_movetobrightness(80, 0)",33720,7187,53,7240,4.9574,7.3266,1460.443,29.6795,,False,/home/mgjeong/miniconda3/envs/l/bin/python,/home/mgjeong/.cache/huggingface/hub/models--Qwen--Qwen2.5-Coder-14B-Instruct/snapshots/aedcc2d42b622764e023cf882b6652e646b95671,connected_devices_only,2,skipped_connected_devices_present,hybrid,10,[],False,2,88.0938,True,False,0.953125,"[""arg_type"", ""gt_mismatch""]","{""name"":""SetLivingRoomLightBrightness"",""cron"":"""",""period"":0,""code"":""(#LivingRoom #Light).light_movetobrightness(80)""}",SetLivingRoomLightBrightness,,0,(#LivingRoom #Light).light_movetobrightness(80),33720,7187,50,7237,2.3801,4.7437,3040.6285,15.5387,,False,/home/mgjeong/miniconda3/envs/l/bin/python,/home/mgjeong/.cache/huggingface/hub/models--Qwen--Qwen2.5-Coder-7B-Instruct/snapshots/c03e6d358207e414f1eca0bb1891e29f1db0e242,connected_devices_only,2,skipped_connected_devices_present,hybrid,10,[],False,2
34,2,2,Set all dehumidifiers in the lab to AI drying mode.,연구실 제습기를 모두 AI건조모드로 설정해줘.,"{""name"": """", 
""cron"": """", 
""period"": 0, 
""script"": ""all(#Lab #Dehumidifier).Dehumidifier_SetDehumidifierMode(\""AIDrying\"")""}",,,0,"all(#Lab #Dehumidifier).Dehumidifier_SetDehumidifierMode(""AIDrying"")",False,86.6925,True,False,0.966418,"[""arg_type"", ""gt_mismatch"", ""semantic""]","{""name"":""SetDehumidifiersToAIDryingMode"",""cron"":"""",""period"":0,""code"":""all(#Lab #Dehumidifier).dehumidifier_setdehumidifiermode(AIDrying)""}",SetDehumidifiersToAIDryingMode,,0,all(#Lab #Dehumidifier).dehumidifier_setdehumidifiermode(AIDrying),23499,5424,63,5487,4.8076,7.2079,1141.3179,29.1543,,False,/home/mgjeong/miniconda3/envs/l/bin/python,/home/mgjeong/.cache/huggingface/hub/models--Qwen--Qwen2.5-Coder-14B-Instruct/snapshots/aedcc2d42b622764e023cf882b6652e646b95671,connected_devices_only,3,skipped_connected_devices_present,hybrid,10,[],False,2,94.4059,True,False,0.973529,"[""gt_mismatch"", ""semantic""]","{""name"":""SetAllLabDehumidifiersToAIDryingMode"",""cron"":"""",""period"":0,""code"":""all(#Lab #Dehumidifier).dehumidifier_setdehumidifiermode(\""AIDrying\"")""}",SetAllLabDehumidifiersToAIDryingMode,,0,"all(#Lab #Dehumidifier).dehumidifier_setdehumidifiermode(""AIDrying"")",23499,5424,67,5491,2.4905,4.8506,2204.7782,15.2088,,False,/home/mgjeong/miniconda3/envs/l/bin/python,/home/mgjeong/.cache/huggingface/hub/models--Qwen--Qwen2.5-Coder-7B-Instruct/snapshots/c03e6d358207e414f1eca0bb1891e29f1db0e242,connected_devices_only,3,skipped_connected_devices_present,hybrid,10,[],False,2
35,2,2,Set the hue of the living room light to 240 and the saturation to 80.,"거실 조명의 색조는 240, 채도는 80으로 맞춰줘.","{""name"": """", 
""cron"": """", 
""period"": 0, 
""script"": ""(#LivingRoom #Light).Light_MoveToHueAndSaturation(240, 80)""}",,,0,"(#LivingRoom #Light).Light_MoveToHueAndSaturation(240, 80)",False,95.9123,True,False,0.952632,"[""gt_mismatch""]","{""name"":""SetLivingRoomLightHueAndSaturation"",""cron"":"""",""period"":0,""code"":""(#LivingRoom #Light).light_movetohueandsaturation(240, 80)""}",SetLivingRoomLightHueAndSaturation,,0,"(#LivingRoom #Light).light_movetohueandsaturation(240, 80)",33738,7186,62,7248,5.4412,7.8116,1332.0591,29.6793,,False,/home/mgjeong/miniconda3/envs/l/bin/python,/home/mgjeong/.cache/huggingface/hub/models--Qwen--Qwen2.5-Coder-14B-Instruct/snapshots/aedcc2d42b622764e023cf882b6652e646b95671,connected_devices_only,2,skipped_connected_devices_present,hybrid,10,[],False,2,95.9123,True,False,0.952632,"[""gt_mismatch""]","{""name"":""SetLivingRoomLightHueAndSaturation"",""cron"":"""",""period"":0,""code"":""(#LivingRoom #Light).light_movetohueandsaturation(240, 80)""}",SetLivingRoomLightHueAndSaturation,,0,"(#LivingRoom #Light).light_movetohueandsaturation(240, 80)",33738,7186,62,7248,2.6935,5.057,2690.9226,15.5386,,False,/home/mgjeong/miniconda3/envs/l/bin/python,/home/mgjeong/.cache/huggingface/hub/models--Qwen--Qwen2.5-Coder-7B-Instruct/snapshots/c03e6d358207e414f1eca0bb1891e29f1db0e242,connected_devices_only,2,skipped_connected_devices_present,hybrid,10,[],False,2
36,2,2,Set all robot vacuum cleaners with even tags to auto mode.,짝수 태그 로봇 청소기를 모두 자동 모드로 설정해줘.,"{""name"": """", 
""cron"": """", 
""period"": 0, 
""script"": ""all(#Even #RobotVacuumCleaner).RobotVacuumCleaner_SetRobotVacuumCleanerModeMode(\""auto\"")""}",,,0,"all(#Even #RobotVacuumCleaner).RobotVacuumCleaner_SetRobotVacuumCleanerModeMode(""auto"")",False,87.5017,True,False,0.947674,"[""arg_type"", ""gt_mismatch""]","{""name"":""SetAllEvenRobotVacuumCleanersToAutoMode"",""cron"":"""",""period"":0,""code"":""all(#Even #RobotVacuumCleaner).robotvacuumcleaner_setrobotvacuumcleanermodemode(auto)""}",SetAllEvenRobotVacuumCleanersToAutoMode,,0,all(#Even #RobotVacuumCleaner).robotvacuumcleaner_setrobotvacuumcleanermodemode(auto),20523,4715,66,4781,4.6665,6.9839,1024.5366,28.9389,,False,/home/mgjeong/miniconda3/envs/l/bin/python,/home/mgjeong/.cache/huggingface/hub/models--Qwen--Qwen2.5-Coder-14B-Instruct/snapshots/aedcc2d42b622764e023cf882b6652e646b95671,connected_devices_only,2,skipped_connected_devices_present,hybrid,10,[],False,2,85.9832,True,False,0.897059,"[""arg_type"", ""gt_mismatch""]","{""name"":""SetAllEvenRobotVacuumCleanersToAutoMode"",""cron"":"""",""period"":0,""code"":""all(#Even #RobotVacuumCleaner).setrobotvacuumcleanermodemode(auto)""}",SetAllEvenRobotVacuumCleanersToAutoMode,,0,all(#Even #RobotVacuumCleaner).setrobotvacuumcleanermodemode(auto),20523,4715,61,4776,2.2437,4.5991,2128.6268,15.0742,,False,/home/mgjeong/miniconda3/envs/l/bin/python,/home/mgjeong/.cache/huggingface/hub/models--Qwen--Qwen2.5-Coder-7B-Instruct/snapshots/c03e6d358207e414f1eca0bb1891e29f1db0e242,connected_devices_only,2,skipped_connected_devices_present,hybrid,10,[],False,2
37,2,2,Lock all door locks.,모든 도어락을 잠궈줘.,"{""name"": """", 
""cron"": """", 
""period"": 0, 
""script"": ""all(#DoorLock).DoorLock_Lock()""}",,,0,all(#DoorLock).DoorLock_Lock(),False,92.1019,True,False,0.803398,"[""gt_mismatch""]","{""name"":""LockAllDoorLocks"",""cron"":"""",""period"":0,""code"":""all(#Back #DoorLock).doorlock_lock()\nall(#Front #DoorLock).doorlock_lock()""}",LockAllDoorLocks,,0,"all(#Back #DoorLock).doorlock_lock()
all(#Front #DoorLock).doorlock_lock()",20251,4614,58,4672,4.2486,6.6068,1099.6564,28.9132,,False,/home/mgjeong/miniconda3/envs/l/bin/python,/home/mgjeong/.cache/huggingface/hub/models--Qwen--Qwen2.5-Coder-14B-Instruct/snapshots/aedcc2d42b622764e023cf882b6652e646b95671,connected_devices_only,2,skipped_connected_devices_present,hybrid,10,[],False,2,92.1019,True,False,0.803398,"[""gt_mismatch""]","{""name"":""LockAllDoorLocks"",""cron"":"""",""period"":0,""code"":""all(#Back #DoorLock).doorlock_lock()\nall(#Front #DoorLock).doorlock_lock()""}",LockAllDoorLocks,,0,"all(#Back #DoorLock).doorlock_lock()
all(#Front #DoorLock).doorlock_lock()",20251,4614,58,4672,2.2097,4.5805,2114.3142,15.0584,,False,/home/mgjeong/miniconda3/envs/l/bin/python,/home/mgjeong/.cache/huggingface/hub/models--Qwen--Qwen2.5-Coder-7B-Instruct/snapshots/c03e6d358207e414f1eca0bb1891e29f1db0e242,connected_devices_only,2,skipped_connected_devices_present,hybrid,10,[],False,2
38,2,2,Set the target temperature of the air conditioner in Sector1 to 18 degrees.,구역1의 에어컨의 목표 온도를 18도로 설정해줘.,"{""name"": """", 
""cron"": """", 
""period"": 0, 
""script"": ""(#Sector1 #AirConditioner).AirConditioner_SetTargetTemperature(18)""}",,,0,(#Sector1 #AirConditioner).AirConditioner_SetTargetTemperature(18),False,96.791,True,False,0.959701,"[""gt_mismatch""]","{""name"":""SetSector1ACTargetTemperature"",""cron"":"""",""period"":0,""code"":""(#Sector1 #AirConditioner).airconditioner_settargettemperature(18.0)""}",SetSector1ACTargetTemperature,,0,(#Sector1 #AirConditioner).airconditioner_settargettemperature(18.0),22036,4906,56,4962,4.2912,6.7076,1156.3199,28.9991,,False,/home/mgjeong/miniconda3/envs/l/bin/python,/home/mgjeong/.cache/huggingface/hub/models--Qwen--Qwen2.5-Coder-14B-Instruct/snapshots/aedcc2d42b622764e023cf882b6652e646b95671,connected_devices_only,2,skipped_connected_devices_present,hybrid,10,[],False,2,95.3908,True,False,0.913025,"[""gt_mismatch""]","{""name"":""SetSector1AC"",""cron"":"""",""period"":0,""code"":""(#Sector1 #AirConditioner).settargettemperature(18.0)""}",SetSector1AC,,0,(#Sector1 #AirConditioner).settargettemperature(18.0),22036,4906,51,4957,2.0146,4.3771,2460.5381,15.1164,,False,/home/mgjeong/miniconda3/envs/l/bin/python,/home/mgjeong/.cache/huggingface/hub/models--Qwen--Qwen2.5-Coder-7B-Instruct/snapshots/c03e6d358207e414f1eca0bb1891e29f1db0e242,connected_devices_only,2,skipped_connected_devices_present,hybrid,10,[],False,2
39,2,2,Change the air purifier in the bedroom to sleep mode.,안방의 공기청정기를 수면모드로 바꿔줘.,"{""name"": """", 
""cron"": """", 
""period"": 0, 
""script"": ""(#Bedroom #AirPurifier).AirPurifier_SetAirPurifierMode(\""sleep\"")""}",,,0,"(#Bedroom #AirPurifier).AirPurifier_SetAirPurifierMode(""sleep"")",False,88.5758,True,False,0.949194,"[""arg_type"", ""gt_mismatch""]","{""name"":""ChangeAirPurifierMode"",""cron"":"""",""period"":0,""code"":""(#Bedroom #AirPurifier).airpurifier_setairpurifiermode(sleep)""}",ChangeAirPurifierMode,,0,(#Bedroom #AirPurifier).airpurifier_setairpurifiermode(sleep),20052,4621,56,4677,4.1726,6.5567,1120.8839,28.9145,,False,/home/mgjeong/miniconda3/envs/l/bin/python,/home/mgjeong/.cache/huggingface/hub/models--Qwen--Qwen2.5-Coder-14B-Instruct/snapshots/aedcc2d42b622764e023cf882b6652e646b95671,connected_devices_only,2,skipped_connected_devices_present,hybrid,10,[],False,2,88.5758,True,False,0.949194,"[""arg_type"", ""gt_mismatch""]","{""name"":""ChangeBedroomAPtoSleepMode"",""cron"":"""",""period"":0,""code"":""(#Bedroom #AirPurifier).airpurifier_setairpurifiermode(sleep)""}",ChangeBedroomAPtoSleepMode,,0,(#Bedroom #AirPurifier).airpurifier_setairpurifiermode(sleep),20052,4621,57,4678,2.1602,4.4962,2165.5402,15.0594,,False,/home/mgjeong/miniconda3/envs/l/bin/python,/home/mgjeong/.cache/huggingface/hub/models--Qwen--Qwen2.5-Coder-7B-Instruct/snapshots/c03e6d358207e414f1eca0bb1891e29f1db0e242,connected_devices_only,2,skipped_connected_devices_present,hybrid,10,[],False,2
40,2,2,Close all valves in the kitchen.,주방의 모든 벨브를 닫아줘.,"{""name"": """", 
""cron"": """", 
""period"": 0, 
""script"": ""all(#Kitchen #Valve).Valve_Close()""}",,,0,all(#Kitchen #Valve).Valve_Close(),False,96.8059,True,False,0.973529,"[""gt_mismatch""]","{""name"":""CloseAllValvesInKitchen"",""cron"":"""",""period"":0,""code"":""all(#Kitchen #Valve).valve_close()""}",CloseAllValvesInKitchen,,0,all(#Kitchen #Valve).valve_close(),22239,5099,47,5146,3.8758,6.2502,1327.7259,29.0563,,False,/home/mgjeong/miniconda3/envs/l/bin/python,/home/mgjeong/.cache/huggingface/hub/models--Qwen--Qwen2.5-Coder-14B-Instruct/snapshots/aedcc2d42b622764e023cf882b6652e646b95671,connected_devices_only,3,skipped_connected_devices_present,hybrid,10,[],False,2,91.679,True,False,0.802632,"[""gt_mismatch""]","{""name"":""CloseAllKitchenValves"",""cron"":"""",""period"":0,""code"":""all(#Kitchen #Gas #Valve).valve_close()\nall(#Kitchen #Water #Valve).valve_close()""}",CloseAllKitchenValves,,0,"all(#Kitchen #Gas #Valve).valve_close()
all(#Kitchen #Water #Valve).valve_close()",22239,5099,62,5161,2.3294,4.6975,2215.592,15.1468,,False,/home/mgjeong/miniconda3/envs/l/bin/python,/home/mgjeong/.cache/huggingface/hub/models--Qwen--Qwen2.5-Coder-7B-Instruct/snapshots/c03e6d358207e414f1eca0bb1891e29f1db0e242,connected_devices_only,3,skipped_connected_devices_present,hybrid,10,[],False,2
