row_no,category,command_eng,command_kor,gt_name_display,service_list_schema,gt_code,generated_code,det_score,det_pass,det_profile,det_gt_exact,det_gt_similarity,det_gt_service_coverage,det_gt_receiver_coverage,det_dataflow_score,det_numeric_grounding,det_enum_grounding,failure_reasons,service_list_retrieval_categories_display,prompt_context_mode,prompt_context_note,prompt_context_effective_topk,prompt_context_injected_categories,prompt_context_displayed_categories,prompt_tokens,completion_tokens,total_tokens,llm_latency_sec,total_pipeline_sec,tokens_per_sec,peak_vram_gb,service_list_snippet_source,service_list_device_count,service_list_retrieval_status,service_list_retrieval_mode,service_list_retrieval_topk,service_list_retrieval_categories,generation_error_type
61,3,"If the audio recorder is recording, stop recording and save as test.mp3; otherwise, start recording.",녹음기가 녹음중이면 녹음을 중지하고 test.mp3로 저장해줘. 녹음중이 아니면 녹음을 시작해줘.,IfAudioRecorderIsRecordingStopRecordingSave,service_list_ver2.0.1.json,"if ((#AudioRecorder).recorderstatus == ""recording"") {

    (#AudioRecorder).audiorecorder_recordstop(""test.mp3"")

} else {

    (#AudioRecorder).audiorecorder_recordstart()

}","if ((#AudioRecorder).audiorecorder_recordstatus == ""recording"") {
    (#AudioRecorder).audiorecorder_recordstop(""test.mp3"")
} else {
    (#AudioRecorder).audiorecorder_recordstart()
}",97.6651,True,strict,False,0.983019,1.0,1.0,1.0,1.0,1.0,"[""gt_mismatch""]","AudioRecorder, SoundSensor, Camera, ArmRobot, Speaker, Siren, AirQualitySensor, Plug, PressureSensor, Charger",retrieval premapping,Retrieval premapping was used for this row. Requested top-10 and injected 10 category group(s) into the prompt.,10,"[""AudioRecorder"", ""SoundSensor"", ""Camera"", ""ArmRobot"", ""Speaker"", ""Siren"", ""AirQualitySensor"", ""Plug"", ""PressureSensor"", ""Charger""]","[""AudioRecorder"", ""SoundSensor"", ""Camera"", ""ArmRobot"", ""Speaker"", ""Siren"", ""AirQualitySensor"", ""Plug"", ""PressureSensor"", ""Charger""]",18835,73,18908,1.8323,7.0997,10319.2709,0.0,service_retrieval_fallback,10,used,hybrid,10,"[""AudioRecorder"", ""SoundSensor"", ""Camera"", ""ArmRobot"", ""Speaker"", ""Siren"", ""AirQualitySensor"", ""Plug"", ""PressureSensor"", ""Charger""]",
62,3,Stop charging if the voltage is 220V or higher.,"충전 전압이 220볼트 이상이면, 충전을 멈춰줘.",StopChargingIfVoltageIs220VOrHigher,service_list_ver2.0.1.json,"if ((#Charger).charger_voltage >= 220000) {

    (#Charger).switch_off()

}","wait until ((#Charger).charger_voltage >= 220000)
(#Charger).switch_off()",94.9955,True,strict,False,0.959091,1.0,1.0,1.0,1.0,1.0,"[""gt_mismatch"", ""semantic""]","Charger, Plug, ArmRobot, CarbonDioxideSensor, PresenceVitalSensor, ColorControl, Pump, LevelControl, AudioRecorder, PressureSensor",retrieval premapping,Retrieval premapping was used for this row. Requested top-10 and injected 10 category group(s) into the prompt.,10,"[""Charger"", ""Plug"", ""ArmRobot"", ""CarbonDioxideSensor"", ""PresenceVitalSensor"", ""ColorControl"", ""Pump"", ""LevelControl"", ""AudioRecorder"", ""PressureSensor""]","[""Charger"", ""Plug"", ""ArmRobot"", ""CarbonDioxideSensor"", ""PresenceVitalSensor"", ""ColorControl"", ""Pump"", ""LevelControl"", ""AudioRecorder"", ""PressureSensor""]",17808,43,17851,1.9692,2.9521,9065.1026,0.0,service_retrieval_fallback,10,used,hybrid,10,"[""Charger"", ""Plug"", ""ArmRobot"", ""CarbonDioxideSensor"", ""PresenceVitalSensor"", ""ColorControl"", ""Pump"", ""LevelControl"", ""AudioRecorder"", ""PressureSensor""]",
63,3,"If the cloud service is activated, upload test.png file to the cloud.","클라우드 서비스가 활성화되어있으면, test.png 파일을 클라우드에 업로드해줘.",IfCloudServiceIsActivatedUploadTestPngFile,service_list_ver2.0.1.json,"if ((#CloudServiceProvider).cloudserviceprovider_isavailable == true) {

    (#CloudServiceProvider).cloudserviceprovider_uploadfile(""test.png"")

}","if ((#CloudServiceProvider).cloudserviceprovider_isavailable == true) {
    (#CloudServiceProvider).cloudserviceprovider_uploadfile(""test.png"")
}",100.0,True,strict,True,1.0,1.0,1.0,1.0,1.0,1.0,[],"RainSensor, CloudServiceProvider, MenuProvider, LevelControl, EmailProvider, WeatherProvider, Charger, ColorControl, Button, AirQualitySensor",retrieval premapping,Retrieval premapping was used for this row. Requested top-10 and injected 10 category group(s) into the prompt.,10,"[""RainSensor"", ""CloudServiceProvider"", ""MenuProvider"", ""LevelControl"", ""EmailProvider"", ""WeatherProvider"", ""Charger"", ""ColorControl"", ""Button"", ""AirQualitySensor""]","[""RainSensor"", ""CloudServiceProvider"", ""MenuProvider"", ""LevelControl"", ""EmailProvider"", ""WeatherProvider"", ""Charger"", ""ColorControl"", ""Button"", ""AirQualitySensor""]",19511,55,19566,2.2409,3.2081,8731.3133,0.0,service_retrieval_fallback,10,used,hybrid,10,"[""RainSensor"", ""CloudServiceProvider"", ""MenuProvider"", ""LevelControl"", ""EmailProvider"", ""WeatherProvider"", ""Charger"", ""ColorControl"", ""Button"", ""AirQualitySensor""]",
64,3,"If the oven is in grill mode, add 4 more minutes.","오븐이 그릴 모드이면, 시간을 4분 더 추가해줘",IfOvenIsInGrillModeAdd4More,service_list_ver2.0.1.json,"if ((#Oven).oven_ovenmode == ""grill"") {

    (#Oven).oven_addmoretime(240)

}","if ((#Oven).oven_ovenmode == ""grill"") {
    (#Oven).oven_addmoretime(240)
}",100.0,True,strict,True,1.0,1.0,1.0,1.0,1.0,1.0,[],"Oven, RiceCooker, MenuProvider, ArmRobot, Dishwasher, Siren, Clock, SmokeDetector, AirConditioner, Button",retrieval premapping,Retrieval premapping was used for this row. Requested top-10 and injected 10 category group(s) into the prompt.,10,"[""Oven"", ""RiceCooker"", ""MenuProvider"", ""ArmRobot"", ""Dishwasher"", ""Siren"", ""Clock"", ""SmokeDetector"", ""AirConditioner"", ""Button""]","[""Oven"", ""RiceCooker"", ""MenuProvider"", ""ArmRobot"", ""Dishwasher"", ""Siren"", ""Clock"", ""SmokeDetector"", ""AirConditioner"", ""Button""]",18738,54,18792,2.6202,3.5603,7171.9716,0.0,service_retrieval_fallback,10,used,hybrid,10,"[""Oven"", ""RiceCooker"", ""MenuProvider"", ""ArmRobot"", ""Dishwasher"", ""Siren"", ""Clock"", ""SmokeDetector"", ""AirConditioner"", ""Button""]",
65,3,"If the rice cooker is on keep-warm mode, switch it to cooking mode.","밥솥이 보온 모드이면, 조리 모드로 변경해줘.",IfRiceCookerIsOnKeepWarmModeSwitch,service_list_ver2.0.1.json,"if ((#RiceCooker).ricecooker_ricecookermode == ""keepWarm"") {

    (#RiceCooker).ricecooker_setricecookermode(""cooking"")

}","if ((#RiceCooker).ricecooker_ricecookermode == ""keepWarm"") {
    (#RiceCooker).ricecooker_setricecookermode(""cooking"")
}",100.0,True,strict,True,1.0,1.0,1.0,1.0,1.0,1.0,[],"RiceCooker, Oven, ArmRobot, AirConditioner, Dishwasher, RobotVacuumCleaner, Switch, TemperatureSensor, Pump, CarbonDioxideSensor",retrieval premapping,Retrieval premapping was used for this row. Requested top-10 and injected 10 category group(s) into the prompt.,10,"[""RiceCooker"", ""Oven"", ""ArmRobot"", ""AirConditioner"", ""Dishwasher"", ""RobotVacuumCleaner"", ""Switch"", ""TemperatureSensor"", ""Pump"", ""CarbonDioxideSensor""]","[""RiceCooker"", ""Oven"", ""ArmRobot"", ""AirConditioner"", ""Dishwasher"", ""RobotVacuumCleaner"", ""Switch"", ""TemperatureSensor"", ""Pump"", ""CarbonDioxideSensor""]",17622,64,17686,1.7899,2.7515,9880.9989,0.0,service_retrieval_fallback,10,used,hybrid,10,"[""RiceCooker"", ""Oven"", ""ArmRobot"", ""AirConditioner"", ""Dishwasher"", ""RobotVacuumCleaner"", ""Switch"", ""TemperatureSensor"", ""Pump"", ""CarbonDioxideSensor""]",
66,3,"If today is holiday, send an email to ""test@example.com"" with the subject ""Holiday"" and the message ""Today is holiday."".","오늘이 공휴일이면 ""test@example.com""으로 ""오늘은 공휴일입니다.""라는 내용을 ""공휴일"" 제목으로 이메일을 보내줘.",IfTodayIsHolidaySendEmailToTestExample,service_list_ver2.0.1.json,"if ((#Clock).clock_isholiday == true) {

    (#EmailProvider).emailprovider_sendmail(""test@example.com"", ""Holiday"", ""Today is holiday."")

}","if ((#Clock).clock_isholiday == true) {
    (#EmailProvider).emailprovider_sendmail(""test@example.com"",""공휴일"",""오늘은 공휴일입니다."")
}",97.6813,True,strict,False,0.93625,1.0,1.0,1.0,1.0,1.0,"[""gt_mismatch""]","EmailProvider, Clock, ArmRobot, MenuProvider, Button, Charger, PresenceVitalSensor, TapDialSwitch, CarbonDioxideSensor, ContactSensor",retrieval premapping,Retrieval premapping was used for this row. Requested top-10 and injected 10 category group(s) into the prompt.,10,"[""EmailProvider"", ""Clock"", ""ArmRobot"", ""MenuProvider"", ""Button"", ""Charger"", ""PresenceVitalSensor"", ""TapDialSwitch"", ""CarbonDioxideSensor"", ""ContactSensor""]","[""EmailProvider"", ""Clock"", ""ArmRobot"", ""MenuProvider"", ""Button"", ""Charger"", ""PresenceVitalSensor"", ""TapDialSwitch"", ""CarbonDioxideSensor"", ""ContactSensor""]",19051,63,19114,1.4929,2.4832,12803.2688,0.0,service_retrieval_fallback,10,used,hybrid,10,"[""EmailProvider"", ""Clock"", ""ArmRobot"", ""MenuProvider"", ""Button"", ""Charger"", ""PresenceVitalSensor"", ""TapDialSwitch"", ""CarbonDioxideSensor"", ""ContactSensor""]",
67,3,"If the outdoor very fine dust level is 15 or higher, sound the emergency siren.","바깥의 초미세먼지 농도가 15 이상이면, 긴급 사이렌을 울려줘.",IfOutdoorVeryFineDustLevelIs15Or,service_list_ver2.0.1.json,"if ((#WeatherProvider).weatherprovider_pm25weather >= 15) {

    (#Siren).siren_setsirenmode(""emergency"")

}","wait until ((#WeatherProvider).weatherprovider_pm25weather >= 15)
(#Siren).siren_setsirenmode(""emergency"")",92.5636,True,strict,False,0.972727,1.0,1.0,1.0,1.0,1.0,"[""extraneous"", ""gt_mismatch"", ""semantic""]","WeatherProvider, Siren, Door, AirQualitySensor, SoundSensor, SmokeDetector, AirPurifier, CarbonDioxideSensor, ArmRobot, RobotVacuumCleaner",retrieval premapping,Retrieval premapping was used for this row. Requested top-10 and injected 10 category group(s) into the prompt.,10,"[""WeatherProvider"", ""Siren"", ""Door"", ""AirQualitySensor"", ""SoundSensor"", ""SmokeDetector"", ""AirPurifier"", ""CarbonDioxideSensor"", ""ArmRobot"", ""RobotVacuumCleaner""]","[""WeatherProvider"", ""Siren"", ""Door"", ""AirQualitySensor"", ""SoundSensor"", ""SmokeDetector"", ""AirPurifier"", ""CarbonDioxideSensor"", ""ArmRobot"", ""RobotVacuumCleaner""]",17626,52,17678,1.9969,3.1748,8852.7217,0.0,service_retrieval_fallback,10,used,hybrid,10,"[""WeatherProvider"", ""Siren"", ""Door"", ""AirQualitySensor"", ""SoundSensor"", ""SmokeDetector"", ""AirPurifier"", ""CarbonDioxideSensor"", ""ArmRobot"", ""RobotVacuumCleaner""]",
68,3,"If the charger current is 10 amperes or above, sound the emergency siren.","충전기의 전류가 10암페어 이상이면, 긴급 사이렌을 울려줘.",IfChargerCurrentIs10AmperesOrAboveSound,service_list_ver2.0.1.json,"if ((#Charger).charger_current >= 10) {

    (#Siren).siren_setsirenmode(""emergency"")

}","prev := (#Charger).charger_current
curr = (#Charger).charger_current
if (prev < 10 and curr >= 10) {
    (#Siren).siren_setsirenmode(""emergency"")
}
prev = curr",94.2708,True,strict,False,0.704167,1.0,1.0,1.0,0.75,1.0,"[""gt_mismatch"", ""numeric_grounding""]","Siren, Charger, ArmRobot, SoundSensor, Plug, PresenceVitalSensor, Pump, Safe, CarbonDioxideSensor, PressureSensor",retrieval premapping,Retrieval premapping was used for this row. Requested top-10 and injected 10 category group(s) into the prompt.,10,"[""Siren"", ""Charger"", ""ArmRobot"", ""SoundSensor"", ""Plug"", ""PresenceVitalSensor"", ""Pump"", ""Safe"", ""CarbonDioxideSensor"", ""PressureSensor""]","[""Siren"", ""Charger"", ""ArmRobot"", ""SoundSensor"", ""Plug"", ""PresenceVitalSensor"", ""Pump"", ""Safe"", ""CarbonDioxideSensor"", ""PressureSensor""]",17162,75,17237,1.9803,3.0278,8704.2367,0.0,service_retrieval_fallback,10,used,hybrid,10,"[""Siren"", ""Charger"", ""ArmRobot"", ""SoundSensor"", ""Plug"", ""PresenceVitalSensor"", ""Pump"", ""Safe"", ""CarbonDioxideSensor"", ""PressureSensor""]",
69,3,"If the pump is in normal mode, set it to maximum mode.",펌프가 노말 모드이면 맥시멈 모드로 설정해줘.,IfPumpIsInNormalModeSetItTo,service_list_ver2.0.1.json,"if ((#Pump).pump_pumpmode == ""normal"") {

    (#Pump).pump_setpumpmode(""maximum"")

}","if ((#Pump).pump_pumpmode == ""normal"") {
    (#Pump).pump_setpumpmode(""maximum"")
}",100.0,True,strict,True,1.0,1.0,1.0,1.0,1.0,1.0,[],"Pump, ArmRobot, RobotVacuumCleaner, Oven, Charger, Valve, Button, Plug, Dishwasher, PressureSensor",retrieval premapping,Retrieval premapping was used for this row. Requested top-10 and injected 10 category group(s) into the prompt.,10,"[""Pump"", ""ArmRobot"", ""RobotVacuumCleaner"", ""Oven"", ""Charger"", ""Valve"", ""Button"", ""Plug"", ""Dishwasher"", ""PressureSensor""]","[""Pump"", ""ArmRobot"", ""RobotVacuumCleaner"", ""Oven"", ""Charger"", ""Valve"", ""Button"", ""Plug"", ""Dishwasher"", ""PressureSensor""]",17278,48,17326,1.9665,2.9289,8810.5772,0.0,service_retrieval_fallback,10,used,hybrid,10,"[""Pump"", ""ArmRobot"", ""RobotVacuumCleaner"", ""Oven"", ""Charger"", ""Valve"", ""Button"", ""Plug"", ""Dishwasher"", ""PressureSensor""]",
70,3,"If the speaker is playing, stop it.","스피커가 재생중이면, 멈춰줘.",IfSpeakerIsPlayingStopIt,service_list_ver2.0.1.json,"if ((#Speaker).speaker_playbackstate == ""playing"") {

    (#Speaker).speaker_stop()

}","if ((#Speaker).speaker_playbackstate == ""playing"") {
    (#Speaker).speaker_stop()
}",100.0,True,strict,True,1.0,1.0,1.0,1.0,1.0,1.0,[],"Speaker, AudioRecorder, SoundSensor, ArmRobot, Siren, Television, TapDialSwitch, Switch, PresenceVitalSensor, PresenceSensor",retrieval premapping,Retrieval premapping was used for this row. Requested top-10 and injected 10 category group(s) into the prompt.,10,"[""Speaker"", ""AudioRecorder"", ""SoundSensor"", ""ArmRobot"", ""Siren"", ""Television"", ""TapDialSwitch"", ""Switch"", ""PresenceVitalSensor"", ""PresenceSensor""]","[""Speaker"", ""AudioRecorder"", ""SoundSensor"", ""ArmRobot"", ""Siren"", ""Television"", ""TapDialSwitch"", ""Switch"", ""PresenceVitalSensor"", ""PresenceSensor""]",18827,41,18868,2.4328,3.4453,7755.6725,0.0,service_retrieval_fallback,10,used,hybrid,10,"[""Speaker"", ""AudioRecorder"", ""SoundSensor"", ""ArmRobot"", ""Siren"", ""Television"", ""TapDialSwitch"", ""Switch"", ""PresenceVitalSensor"", ""PresenceSensor""]",
71,3,"If the laundry dryer is in low noise mode, switch it to quick mode.","건조기가 저소음 모드이면, 퀵 모드로 바꿔줘.",IfLaundryDryerIsInLowNoiseModeSwitch,service_list_ver2.0.1.json,"if ((#LaundryDryer).laundrydryer_laundrydryermode == ""lownoise"") {

    (#LaundryDryer).laundrydryer_setlaundrydryermode(""quick"")

}","if ((#LaundryDryer).laundrydryer_laundrydryermode == ""lownoise"") {
    (#LaundryDryer).laundrydryer_setlaundrydryermode(""quick"")
}",100.0,True,strict,True,1.0,1.0,1.0,1.0,1.0,1.0,[],"LaundryDryer, Dishwasher, AirPurifier, Dehumidifier, AirConditioner, DimmerSwitch, RobotVacuumCleaner, Oven, Charger, RiceCooker",retrieval premapping,Retrieval premapping was used for this row. Requested top-10 and injected 10 category group(s) into the prompt.,10,"[""LaundryDryer"", ""Dishwasher"", ""AirPurifier"", ""Dehumidifier"", ""AirConditioner"", ""DimmerSwitch"", ""RobotVacuumCleaner"", ""Oven"", ""Charger"", ""RiceCooker""]","[""LaundryDryer"", ""Dishwasher"", ""AirPurifier"", ""Dehumidifier"", ""AirConditioner"", ""DimmerSwitch"", ""RobotVacuumCleaner"", ""Oven"", ""Charger"", ""RiceCooker""]",18291,66,18357,1.8569,2.8177,9885.8312,0.0,service_retrieval_fallback,10,used,hybrid,10,"[""LaundryDryer"", ""Dishwasher"", ""AirPurifier"", ""Dehumidifier"", ""AirConditioner"", ""DimmerSwitch"", ""RobotVacuumCleaner"", ""Oven"", ""Charger"", ""RiceCooker""]",
72,3,"If the laundry dryer spin speed is greater than 3, decrease it by one; otherwise, increase it by one.","건조기 회전 강도가 3보다 크면 하나 줄이고, 아니면 하나 높여줘.",IfLaundryDryerSpinSpeedIsGreaterThan3,service_list_ver2.0.1.json,"if ((#LaundryDryer).laundrydryer_spinspeed > 3) {

    (#LaundryDryer).laundrydryer_setspinspeed((#LaundryDryer).laundrydryer_spinspeed - 1)

} else {

    (#LaundryDryer).laundrydryer_setspinspeed((#LaundryDryer).laundrydryer_spinspeed + 1)

}","if ((#LaundryDryer).laundrydryer_spinspeed > 3) {
    (#LaundryDryer).laundrydryer_setspinspeed((#LaundryDryer).laundrydryer_spinspeed - 1)
} else {
    (#LaundryDryer).laundrydryer_setspinspeed((#LaundryDryer).laundrydryer_spinspeed + 1)
}",100.0,True,strict,True,1.0,1.0,1.0,1.0,1.0,1.0,[],"LaundryDryer, Dishwasher, ArmRobot, DimmerSwitch, Charger, AirPurifier, Oven, Dehumidifier, AirConditioner, RiceCooker",retrieval premapping,Retrieval premapping was used for this row. Requested top-10 and injected 10 category group(s) into the prompt.,10,"[""LaundryDryer"", ""Dishwasher"", ""ArmRobot"", ""DimmerSwitch"", ""Charger"", ""AirPurifier"", ""Oven"", ""Dehumidifier"", ""AirConditioner"", ""RiceCooker""]","[""LaundryDryer"", ""Dishwasher"", ""ArmRobot"", ""DimmerSwitch"", ""Charger"", ""AirPurifier"", ""Oven"", ""Dehumidifier"", ""AirConditioner"", ""RiceCooker""]",18495,103,18598,2.3642,3.3467,7866.5088,0.0,service_retrieval_fallback,10,used,hybrid,10,"[""LaundryDryer"", ""Dishwasher"", ""ArmRobot"", ""DimmerSwitch"", ""Charger"", ""AirPurifier"", ""Oven"", ""Dehumidifier"", ""AirConditioner"", ""RiceCooker""]",
73,3,"If the charger is fully charged, turn off the charger.","충전기가 완충되어있으면, 충전기를 꺼줘.",IfChargerIsFullyChargedTurnOffCharger,service_list_ver2.0.1.json,"if ((#Charger).charger_chargingstate == ""fullyCharged"") {

    (#Charger).switch_off()

}","prev := (#Charger).charger_chargingstate
curr = (#Charger).charger_chargingstate
if (prev != ""fullyCharged"" and curr == ""fullyCharged"") {
    (#Charger).switch_off()
}
prev = curr",95.4051,True,strict,False,0.681013,1.0,1.0,1.0,1.0,1.0,"[""gt_mismatch""]","Charger, ArmRobot, Plug, CarbonDioxideSensor, Switch, Button, Pump, Safe, PresenceVitalSensor, ColorControl",retrieval premapping,Retrieval premapping was used for this row. Requested top-10 and injected 10 category group(s) into the prompt.,10,"[""Charger"", ""ArmRobot"", ""Plug"", ""CarbonDioxideSensor"", ""Switch"", ""Button"", ""Pump"", ""Safe"", ""PresenceVitalSensor"", ""ColorControl""]","[""Charger"", ""ArmRobot"", ""Plug"", ""CarbonDioxideSensor"", ""Switch"", ""Button"", ""Pump"", ""Safe"", ""PresenceVitalSensor"", ""ColorControl""]",17521,76,17597,2.3279,3.2881,7559.1735,0.0,service_retrieval_fallback,10,used,hybrid,10,"[""Charger"", ""ArmRobot"", ""Plug"", ""CarbonDioxideSensor"", ""Switch"", ""Button"", ""Pump"", ""Safe"", ""PresenceVitalSensor"", ""ColorControl""]",
74,3,"If the button is in the pushed state, raise the blind.","버튼이 눌려진 상태면, 블라인드를 올려줘.",IfButtonIsInPushedStateRaise,service_list_ver2.0.1.json,"if ((#Button).button_button == ""pushed"") {

    (#Blind).windowcovering_uporopen()

}","prev := (#Button).button_button
curr = (#Button).button_button
if (prev != ""pushed"" and curr == ""pushed"") {
    (#Blind).windowcovering_uporopen()
}
prev = curr",92.0053,True,strict,False,0.694393,1.0,1.0,1.0,1.0,1.0,"[""extraneous"", ""gt_mismatch"", ""semantic""]","WindowCovering, ArmRobot, Button, DimmerSwitch, TapDialSwitch, ColorControl, PresenceVitalSensor, Plug, ContactSensor, Charger",retrieval premapping,Retrieval premapping was used for this row. Requested top-10 and injected 10 category group(s) into the prompt.,10,"[""WindowCovering"", ""ArmRobot"", ""Button"", ""DimmerSwitch"", ""TapDialSwitch"", ""ColorControl"", ""PresenceVitalSensor"", ""Plug"", ""ContactSensor"", ""Charger""]","[""WindowCovering"", ""ArmRobot"", ""Button"", ""DimmerSwitch"", ""TapDialSwitch"", ""ColorControl"", ""PresenceVitalSensor"", ""Plug"", ""ContactSensor"", ""Charger""]",18443,69,18512,1.6218,2.6175,11414.4777,0.0,service_retrieval_fallback,10,used,hybrid,10,"[""WindowCovering"", ""ArmRobot"", ""Button"", ""DimmerSwitch"", ""TapDialSwitch"", ""ColorControl"", ""PresenceVitalSensor"", ""Plug"", ""ContactSensor"", ""Charger""]",
75,3,"If the speaker volume is 40 or higher, stop the playback.",스피커 볼륨이 40 이상이면 재생을 중단해줘.,IfSpeakerVolumeIs40OrHigherStop,service_list_ver2.0.1.json,"if ((#Speaker).speaker_volume >= 40) {

    (#Speaker).speaker_stop()

}","if ((#Speaker).speaker_volume >= 40) {
    (#Speaker).speaker_stop()
}",100.0,True,strict,True,1.0,1.0,1.0,1.0,1.0,1.0,[],"Speaker, AudioRecorder, SoundSensor, Siren, Television, ArmRobot, Charger, PresenceVitalSensor, Plug, PresenceSensor",retrieval premapping,Retrieval premapping was used for this row. Requested top-10 and injected 10 category group(s) into the prompt.,10,"[""Speaker"", ""AudioRecorder"", ""SoundSensor"", ""Siren"", ""Television"", ""ArmRobot"", ""Charger"", ""PresenceVitalSensor"", ""Plug"", ""PresenceSensor""]","[""Speaker"", ""AudioRecorder"", ""SoundSensor"", ""Siren"", ""Television"", ""ArmRobot"", ""Charger"", ""PresenceVitalSensor"", ""Plug"", ""PresenceSensor""]",18456,42,18498,2.2753,3.2412,8129.9169,0.0,service_retrieval_fallback,10,used,hybrid,10,"[""Speaker"", ""AudioRecorder"", ""SoundSensor"", ""Siren"", ""Television"", ""ArmRobot"", ""Charger"", ""PresenceVitalSensor"", ""Plug"", ""PresenceSensor""]",
76,3,"If face recognition at the entrance is off, start it.","입구의 얼굴 인식이 꺼져있으면, 얼굴 인식을 시작해줘",IfFaceRecognitionAtEntranceIsOffStartIt,service_list_ver2.0.1.json,"if ((#Entrance #FaceRecognizer).switch_switch == false) {

    (#Entrance #FaceRecognizer).facerecognizer_start()

}","if ((#Entrance #Switch).switch_switch == false) {
    (#Entrance #FaceRecognizer).facerecognizer_start()
}",87.7975,True,strict,False,0.9595,1.0,1.0,1.0,1.0,1.0,"[""extraneous"", ""gt_mismatch"", ""precondition"", ""semantic""]",not used (connected_devices scope),connected_devices scope,"Prompt context came from connected_devices, so retrieval was skipped. 2 connected-device category group(s) were injected.",0,"[""FaceRecognizer"", ""Switch""]","[""FaceRecognizer"", ""Switch""]",13214,49,13263,1.6195,1.6302,8189.5647,0.0,connected_devices_only,2,skipped_connected_devices_present,hybrid,10,[],
77,3,"If the shade is closed to 30% or less, close it to 50%.","쉐이드가 30%이하로 닫혀있으면, 50%만큼 닫아줘.",IfShadeIsClosedTo30OrLessClose,service_list_ver2.0.1.json,"if ((#Shade).armrobot_currentposition <= 30) {

    (#Shade).windowcovering_setlevel(50)

}","wait until ((#Shade).armrobot_currentposition <= 30)
(#Shade).windowcovering_setlevel(50)",88.8354,True,strict,False,0.967073,1.0,1.0,1.0,1.0,1.0,"[""extraneous"", ""gt_mismatch"", ""semantic""]",not used (connected_devices scope),connected_devices scope,"Prompt context came from connected_devices, so retrieval was skipped. 1 connected-device category group(s) were injected.",0,"[""WindowCovering""]","[""WindowCovering""]",12645,48,12693,1.2984,1.3068,9775.878,0.0,connected_devices_only,2,skipped_connected_devices_present,hybrid,10,[],
78,3,"If the sound sensor level in livingroom is over 50, stop the speaker.","거실의 소리 센서로 감지한 수치가 50보다 크면, 스피커 재생을 멈춰줘.",IfSoundSensorLevelInLivingroomIsOver50,service_list_ver2.0.1.json,"if ((#LivingRoom #SoundSensor).soundsensor_sound > 50) {

    (#LivingRoom #Speaker).speaker_stop()

}","prev := (#LivingRoom #SoundSensor).soundsensor_sound
curr = (#LivingRoom #SoundSensor).soundsensor_sound
if (prev <= 50 and curr > 50) {
    (#LivingRoom #Speaker).speaker_stop()
}
prev = curr",94.8386,True,strict,False,0.697719,1.0,1.0,1.0,0.75,1.0,"[""gt_mismatch"", ""numeric_grounding""]",not used (connected_devices scope),connected_devices scope,"Prompt context came from connected_devices, so retrieval was skipped. 2 connected-device category group(s) were injected.",0,"[""SoundSensor"", ""Speaker""]","[""SoundSensor"", ""Speaker""]",12785,76,12861,2.1737,2.1834,5916.6398,0.0,connected_devices_only,3,skipped_connected_devices_present,hybrid,10,[],
79,3,"If the air conditioner is in cool mode, switch it to auto mode.","거실의 에어컨 모드가 냉방 모드이면, 자동 모드로 바꿔줘.",IfAirConditionerIsInCoolModeSwitchIt,service_list_ver2.0.1.json,"if ((#LivingRoom #AirConditioner).airconditioner_airconditionermode == ""cool"") {

    (#LivingRoom #AirConditioner).airconditioner_setairconditionermode(""auto"")

}","if ((#LivingRoom #AirConditioner).airconditioner_airconditionermode == ""cool"") {
    (#LivingRoom #AirConditioner).airconditioner_setairconditionermode(""auto"")
}",100.0,True,strict,True,1.0,1.0,1.0,1.0,1.0,1.0,[],not used (connected_devices scope),connected_devices scope,"Prompt context came from connected_devices, so retrieval was skipped. 1 connected-device category group(s) were injected.",0,"[""AirConditioner""]","[""AirConditioner""]",12191,68,12259,1.7285,1.7369,7092.2765,0.0,connected_devices_only,2,skipped_connected_devices_present,hybrid,10,[],
80,3,"If any presence sensor in the house is currently in the detected state, set the siren to emergency mode.","집에 있는 재실 센서중 하나라도 감지 상태이면, 긴급 사이렌을 울려줘.",IfAnyPresenceSensorInHouseIsCurrentlyIn,service_list_ver2.0.1.json,"if (all(#House #PresenceSensor).presencesensor_presence ==| true) {

    (#Siren).siren_setsirenmode(""emergency"")

}","prev := all(#House #PresenceSensor).presencesensor_presence
curr = all(#House #PresenceSensor).presencesensor_presence
if (prev == false and curr == true) {
    (#Siren).siren_setsirenmode(""emergency"")
}
prev = curr",95.8433,True,strict,False,0.701993,1.0,1.0,1.0,1.0,1.0,"[""gt_mismatch""]",not used (connected_devices scope),connected_devices scope,"Prompt context came from connected_devices, so retrieval was skipped. 2 connected-device category group(s) were injected.",0,"[""PresenceSensor"", ""Siren""]","[""PresenceSensor"", ""Siren""]",11977,81,12058,14.2578,14.2678,845.7125,0.0,connected_devices_only,3,skipped_connected_devices_present,hybrid,10,[],
81,3,"If the contact sensor at the entrance is in detected state, sound the emergency siren.","입구의 접촉 센서가 감지 상태이면, 긴급 사이렌을 울려줘.",IfContactSensorAtEntranceIsInDetected,service_list_ver2.0.1.json,"if ((#Entrance #ContactSensor).contactsensor_contact == true) {

    (#Siren).siren_setsirenmode(""emergency"")

}","prev := (#Entrance #ContactSensor).contactsensor_contact
curr = (#Entrance #ContactSensor).contactsensor_contact
if (prev == false and curr == true) {
    (#Main #Siren).siren_setsirenmode(""emergency"")
}
prev = curr",95.4747,True,strict,False,0.694932,1.0,1.0,1.0,1.0,1.0,"[""gt_mismatch""]",not used (connected_devices scope),connected_devices scope,"Prompt context came from connected_devices, so retrieval was skipped. 2 connected-device category group(s) were injected.",0,"[""ContactSensor"", ""Siren""]","[""ContactSensor"", ""Siren""]",11628,80,11708,1.8763,1.8852,6239.9403,0.0,connected_devices_only,2,skipped_connected_devices_present,hybrid,10,[],
82,3,"If it is raining, set all dehumidifiers in the house to drying mode.","지금 비가 오고 있으면, 집안의 모든 제습기를 건조 모드로 설정해줘.",IfItIsRainingSetAllDehumidifiersInHouse,service_list_ver2.0.1.json,"if ((#RainSensor).rainsensor_rain == true) {

    all(#House #Dehumidifier).dehumidifier_setdehumidifiermode(""drying"")

}","if ((#Outdoor #RainSensor).rainsensor_rain == true) {
    all(#House #Dehumidifier).dehumidifier_setdehumidifiermode(""drying"")
}",93.8108,True,strict,False,0.982159,1.0,1.0,1.0,1.0,1.0,"[""extraneous"", ""gt_mismatch""]",not used (connected_devices scope),connected_devices scope,"Prompt context came from connected_devices, so retrieval was skipped. 2 connected-device category group(s) were injected.",0,"[""RainSensor"", ""Dehumidifier""]","[""RainSensor"", ""Dehumidifier""]",12281,67,12348,3.8824,3.8915,3180.5069,0.0,connected_devices_only,3,skipped_connected_devices_present,hybrid,10,[],
83,3,"If the livingroom brightness is 200 lux or higher, turn off the livingroom light.","거실 조도가 200 럭스 이상이면, 거실 불을 꺼줘.",IfLivingroomBrightnessIs200LuxOrHigherTurn,service_list_ver2.0.1.json,"if ((#LivingRoom #LightSensor).lightsensor_brightness >= 200) {

    (#LivingRoom #Light).switch_off()

}","if ((#LivingRoom #LightSensor).lightsensor_brightness >= 200) {
    (#LivingRoom #Switch).switch_off()
}",91.9158,True,strict,False,0.983155,1.0,1.0,1.0,1.0,1.0,"[""gt_mismatch"", ""precondition""]",not used (connected_devices scope),connected_devices scope,"Prompt context came from connected_devices, so retrieval was skipped. 3 connected-device category group(s) were injected.",0,"[""LightSensor"", ""Light"", ""Switch""]","[""LightSensor"", ""Light"", ""Switch""]",13558,52,13610,1.7741,1.7844,7671.4954,0.0,connected_devices_only,2,skipped_connected_devices_present,hybrid,10,[],
84,3,"If the temperature is 36.5 degrees or higher, set the target temperature to 30.","구역1의 온도가 36.5도 이상이면, 에어컨을 30도로 설정해줘.",IfTemperatureIs365DegreesOrHigherSet,service_list_ver2.0.1.json,"if ((#Sector1 #TemperatureSensor).temperaturesensor_temperature >= 36.5) {

    (#Sector1 #AirConditioner).airconditioner_settargettemperature(30)

}","if ((#Sector1 #TemperatureSensor).temperaturesensor_temperature >= 36.5) {
    (#Sector1 #AirConditioner).airconditioner_settargettemperature(30)
}",100.0,True,strict,True,1.0,1.0,1.0,1.0,1.0,1.0,[],not used (connected_devices scope),connected_devices scope,"Prompt context came from connected_devices, so retrieval was skipped. 2 connected-device category group(s) were injected.",0,"[""TemperatureSensor"", ""AirConditioner""]","[""TemperatureSensor"", ""AirConditioner""]",11869,64,11933,1.5437,1.5516,7730.1289,0.0,connected_devices_only,2,skipped_connected_devices_present,hybrid,10,[],
85,3,"If the carbon dioxide concentration in the farm is 800ppm or higher, sound the emergency siren.","농장의 이산화탄소 농도가 800ppm 이상이면, 긴급 사이렌을 울려줘.",IfCarbonDioxideConcentrationInFarmIs800ppm,service_list_ver2.0.1.json,"if ((#Farm #AirQualitySensor).airqualitysensor_carbondioxide >= 800) {

    (#Siren).siren_setsirenmode(""emergency"")

}","prev := (#Farm #AirQualitySensor).airqualitysensor_carbondioxide
curr = (#Farm #AirQualitySensor).airqualitysensor_carbondioxide
if ((prev < 800 and curr >= 800)) {
    (#Farm #Siren).siren_setsirenmode(""emergency"")
}
prev = curr",93.893,True,strict,False,0.695268,1.0,1.0,1.0,0.75,1.0,"[""gt_mismatch"", ""numeric_grounding""]",not used (connected_devices scope),connected_devices scope,"Prompt context came from connected_devices, so retrieval was skipped. 2 connected-device category group(s) were injected.",0,"[""AirQualitySensor"", ""Siren""]","[""AirQualitySensor"", ""Siren""]",12335,93,12428,2.537,2.5462,4898.6993,0.0,connected_devices_only,2,skipped_connected_devices_present,hybrid,10,[],
86,3,"If the temperature on the airquality sensor is below 20 degrees, close the door.","회의실 온도가 20도 미만이면, 회의실 문을 닫아줘.",IfTemperatureOnAirqualitySensorIsBelow20,service_list_ver2.0.1.json,"if ((#MeetingRoom #AirQualitySensor).airqualitysensor_temperature < 20) {

    (#MeetingRoom #Door).door_close()

}","wait until ((#MeetingRoom #AirQualitySensor).airqualitysensor_temperature < 20)
(#MeetingRoom #Door).door_close()",97.8726,True,strict,False,0.974528,1.0,1.0,1.0,1.0,1.0,"[""gt_mismatch""]",not used (connected_devices scope),connected_devices scope,"Prompt context came from connected_devices, so retrieval was skipped. 2 connected-device category group(s) were injected.",0,"[""AirQualitySensor"", ""Door""]","[""AirQualitySensor"", ""Door""]",12376,50,12426,1.3512,1.3598,9196.27,0.0,connected_devices_only,2,skipped_connected_devices_present,hybrid,10,[],
87,3,"If the light in the meeting room is off, turn it on.","회의실 조명이 꺼져 있으면, 조명을 켜줘.",IfLightInMeetingRoomIsOffTurn,service_list_ver2.0.1.json,"if ((#MeetingRoom #Light).switch_switch == false) {

    (#MeetingRoom #Light).switch_on()

}","if ((#MeetingRoom #Switch).switch_switch == false) {
    (#MeetingRoom #Switch).switch_on()
}",86.3079,True,strict,False,0.961585,1.0,1.0,1.0,1.0,1.0,"[""extraneous"", ""gt_mismatch"", ""precondition"", ""semantic""]",not used (connected_devices scope),connected_devices scope,"Prompt context came from connected_devices, so retrieval was skipped. 2 connected-device category group(s) were injected.",0,"[""Light"", ""Switch""]","[""Light"", ""Switch""]",15621,47,15668,1.7384,1.7498,9012.8854,0.0,connected_devices_only,2,skipped_connected_devices_present,hybrid,10,[],
88,3,"If the temperature in the bedroom is 36.5 degrees or higher, set the bedroom air conditioner to 30 degrees.","안방 온도가 36.5도 이상이면, 에어컨을 30도로 설정해줘.",IfTemperatureInBedroomIs365Degrees,service_list_ver2.0.1.json,"if ((#Bedroom #TemperatureSensor).temperaturesensor_temperature >= 36.5) {

    (#Bedroom #AirConditioner).airconditioner_settargettemperature(30)

}","wait until ((#Bedroom #TemperatureSensor).temperaturesensor_temperature >= 36.5)
(#Bedroom #AirConditioner).airconditioner_settargettemperature(30)",96.6308,True,strict,False,0.980714,1.0,1.0,1.0,1.0,1.0,"[""gt_mismatch""]",not used (connected_devices scope),connected_devices scope,"Prompt context came from connected_devices, so retrieval was skipped. 2 connected-device category group(s) were injected.",0,"[""TemperatureSensor"", ""AirConditioner""]","[""TemperatureSensor"", ""AirConditioner""]",11856,58,11914,2.5997,2.6084,4582.8365,0.0,connected_devices_only,2,skipped_connected_devices_present,hybrid,10,[],
89,3,"If motion is being detected in the living room, turn on the living room light.","거실에 움직임이 감지되고 있으면, 조명을 켜줘.",IfMotionIsBeingDetectedInLivingRoomTurn,service_list_ver2.0.1.json,"if ((#LivingRoom #MotionSensor).motionsensor_motion == true) {

    (#LivingRoom #Light).switch_on()

}","prev := (#LivingRoom #MotionSensor).motionsensor_motion
curr = (#LivingRoom #MotionSensor).motionsensor_motion
if (prev == false and curr == true) {
    (#LivingRoom #Switch).switch_on()
}
prev = curr",93.1562,True,strict,False,0.68125,1.0,1.0,1.0,1.0,1.0,"[""gt_mismatch"", ""semantic""]",not used (connected_devices scope),connected_devices scope,"Prompt context came from connected_devices, so retrieval was skipped. 3 connected-device category group(s) were injected.",0,"[""MotionSensor"", ""Light"", ""Switch""]","[""MotionSensor"", ""Light"", ""Switch""]",13548,74,13622,3.943,3.9527,3454.7299,0.0,connected_devices_only,2,skipped_connected_devices_present,hybrid,10,[],
90,3,"If the lab humidity is 50 or higher, turn on the dehumidifier, and if it's below 50, turn on the humidifier.",연구실 습도가 50 이상이면 제습기를 켜고 50 미만이면 가습기를 켜줘.,IfLabHumidityIs50OrHigherTurnOn,service_list_ver2.0.1.json,"if ((#Lab #HumiditySensor).humiditysensor_humidity >= 50) {

    (#Lab #Dehumidifier).switch_on()

} else {

    (#Lab #Humidifier).switch_on()

}","if ((#Lab #HumiditySensor).humiditysensor_humidity >= 50) {
    (#Lab #Dehumidifier).switch_on()
} else {
    (#Lab #Humidifier).switch_on()
}",100.0,True,strict,True,1.0,1.0,1.0,1.0,1.0,1.0,[],not used (connected_devices scope),connected_devices scope,"Prompt context came from connected_devices, so retrieval was skipped. 4 connected-device category group(s) were injected.",0,"[""HumiditySensor"", ""Dehumidifier"", ""Switch"", ""Humidifier""]","[""HumiditySensor"", ""Dehumidifier"", ""Switch"", ""Humidifier""]",13255,64,13319,7.2384,7.2475,1840.0475,0.0,connected_devices_only,3,skipped_connected_devices_present,hybrid,10,[],
